CustomerID,FirstName,LastName,Email,Phone,City,State,LastUpdated
2663,12345,NULL,user5157@gmail.com,6311714778,Mumbai,Maharashtra,2025-12-02
3605,"Mahesh,Vrk,Kalyan",Reddy,"mahesh,vrk,kalyan.reddy3605@gmail.com",9489053041,Tirupati,Andhra Pradesh,2025-11-20
1377,Suresh,Patel,suresh.patel1377@gmail.com,7300512221,Pune,Maharashtra,2025-07-21
1986,Manoj,Gupta,manoj.gupta1986@gmail.com,9858266915,Mysore,Karnataka,2025-12-14
646,Arjun,Naidu,arjun.naidu646@gmail.com,9764505789,Salem,Tamil Nadu,2026-01-28
3864,Manoj,Rao,,9793179797,Chennai,Tamil Nadu,
1660,Naveen,Verma,naveen.verma1660@gmail.com,7592235823,Nagpur,Maharashtra,2026-05-16
3606,Ramesh,Reddy,ramesh.reddy3606@gmail.com,6823232315,Mysore,Karnataka,2026-01-01
1153,"Mahesh,Vrk,Kalyan",Patel,"mahesh,vrk,kalyan.patel1153@gmail.com",8641291571,Madurai,Tamil Nadu,2025-11-11
2230,Kiran,Reddy,kiran.reddy2230@gmail.com,6931995775,Karimnagar,Telangana,2025-12-13
4122,Suresh,Gupta,user4122@gmail.com,7243913130,,,2026-05-10
826,Kiran,Rao,kiran.rao826@gmail.com,6387731925,Nagpur,Maharashtra,2025-12-07
1272,Arjun,Singh,arjun.singh1272@gmail.com,8265035494,Mumbai,Maharashtra,2026-01-19
2119,Manoj,NULL,user2352@gmail.com,8433359179,Visakhapatnam,Andhra Pradesh,2099-99-99
3216,Harsha,Verma,harsha.verma3216@gmail.com,8239679324,Madurai,Tamil Nadu,2025-11-19
1605,"Mahesh,Vrk,Kalyan",Rao,"mahesh,vrk,kalyan.rao1605@gmail.com",9310054504,Hubli,Karnataka,2025-11-21
1112,Ajay,Yadav,ajay.yadav1112@gmail.com,9436856358,Coimbatore,Tamil Nadu,2025-06-26
3265,Naveen,Sharma,naveen.sharma3265@gmail.com,6190714206,Warangal,Telangana,2026-06-11
2951,Suresh,Gupta,suresh.gupta2951@gmail.com,8094454760,Hyderabad,Telangana,2025-10-09
3074,Ravi,Naidu,ravi.naidu3074@gmail.com,8685004662,Salem,Tamil Nadu,2026-05-09
627,"Mahesh,Vrk,Kalyan",Naidu,"mahesh,vrk,kalyan.naidu627@gmail.com",7295487970,Coimbatore,Tamil Nadu,2025-12-06
1370,Suresh,Rao,suresh.rao1370@gmail.com,7067778624,Warangal,Telangana,2025-07-12
965,Suresh,Gupta,suresh.gupta965@gmail.com,6068349503,Vijayawada,Andhra Pradesh,2026-01-19
1413,Anil,Yadav,anil.yadav1413@gmail.com,8730828630,Bangalore,Karnataka,2026-03-24
1462,Manoj,Kumar,manoj.kumar1462@gmail.com,8569036525,Nashik,Maharashtra,2025-06-27
562,Ramesh,Patel,ramesh.patel562@gmail.com,7110995755,Salem,Tamil Nadu,2026-05-12
4075,Ajay,Kumar,user4075@gmail.com,,Mysore,Karnataka,
3263,Ajay,Mehta,ajay.mehta3263@gmail.com,7833760328,Mumbai,Maharashtra,2025-11-16
1491,Praveen,Gupta,praveen.gupta1491@gmail.com,6258376353,Mumbai,Maharashtra,2026-02-23
2241,Manoj,Kumar,manoj.kumar2241@gmail.com,7842382947,Mangalore,Karnataka,2026-02-01
2401,Varun,Gupta,varun.gupta2401@gmail.com,6822250826,Chennai,Tamil Nadu,2026-04-02
INVALID,Rahul,Singh,user5944@gmail.com,8213332954,Mumbai,Maharashtra,32-13-2025
502,Arjun,Reddy,arjun.reddy502@gmail.com,6453438336,Tirupati,Andhra Pradesh,2026-04-26
3073,Vikram,Kumar,vikram.kumar3073@gmail.com,7735544314,Chennai,Tamil Nadu,2026-03-26
2320,Manoj,Verma,manoj.verma2320@gmail.com,7975718819,Mysore,Karnataka,2026-01-16
3473,Kiran,Mehta,kiran.mehta3473@gmail.com,6160332010,Nashik,Maharashtra,2026-02-17
858,Kiran,Naidu,kiran.naidu858@gmail.com,8488666730,Tirupati,Andhra Pradesh,2026-04-15
3113,Manoj,Singh,manoj.singh3113@gmail.com,8096067888,Nagpur,Maharashtra,2025-10-06
434,Anil,Yadav,anil.yadav434@gmail.com,8773433187,Bangalore,Karnataka,2025-09-25
2228,Ajay,Singh,ajay.singh2228@gmail.com,6013420495,Coimbatore,Tamil Nadu,2026-01-13
3713,Anil,,user3713@gmail.com,6427756048,Vijayawada,Andhra Pradesh,2025-07-22
1495,Kiran,Sharma,kiran.sharma1495@gmail.com,6180137365,Mangalore,Karnataka,2026-02-17
2782,Ravi,Kumar,ravi.kumar2782@gmail.com,6378473095,Nagpur,Maharashtra,2026-01-31
437,Rahul,Sharma,rahul.sharma437@gmail.com,9518897354,Chennai,Tamil Nadu,2025-12-13
6,Suresh,Mehta,suresh.mehta6@gmail.com,8702471909,Salem,Tamil Nadu,2026-06-14
3096,Karthik,Naidu,karthik.naidu3096@gmail.com,7891872447,Tirupati,Andhra Pradesh,2025-10-03
5831,Manoj,Kumar,user3019@gmail.com,8428296372,Salem,Tamil Nadu,2099-99-99
164,Varun,Reddy,varun.reddy164@gmail.com,8545039595,Guntur,Andhra Pradesh,2025-08-08
3972,,Singh,user3972@gmail.com,6203696402,Mumbai,Maharashtra,2026-01-07
2984,Arjun,Gupta,arjun.gupta2984@gmail.com,9490546583,Nashik,Maharashtra,2026-06-11
4585,Ravi,Rao,gmail.com,9947272752,Visakhapatnam,Andhra Pradesh,2025-11-22
CUST###,Varun,NULL,user21@gmail.com,9199865655,Visakhapatnam,Andhra Pradesh,2025-09-29
3989,Kiran,Joshi,,9201792469,Mysore,Karnataka,2026-04-17
1399,Naveen,Patel,naveen.patel1399@gmail.com,8174018554,Nizamabad,Telangana,2025-11-30
2666,Manoj,Sharma,abc@,9311217472,Mysore,Karnataka,32-13-2025
2367,Manoj,Sharma,manoj.sharma2367@gmail.com,7626473431,Mysore,Karnataka,2026-04-21
3225,Rahul,###,user4336@gmail.com,6906391603,Nashik,Maharashtra,2026-05-07
2033,Suresh,Joshi,suresh.joshi2033@gmail.com,7007130645,Chennai,Tamil Nadu,2026-02-03
549,Manoj,Reddy,manoj.reddy549@gmail.com,9660955727,Warangal,Telangana,2026-04-28
3611,Varun,Sharma,user8740@gmail.com,6661561885,@@@@,###,2025-08-25
1524,Manoj,Singh,manoj.singh1524@gmail.com,8301497847,Visakhapatnam,Andhra Pradesh,2025-10-27
3821,Rahul,Verma,user3821@gmail.com,7982405913,Hyderabad,Telangana,
760,Praveen,Mehta,praveen.mehta760@gmail.com,6214924265,Chennai,Tamil Nadu,2026-02-08
3326,"Mahesh,Vrk,Kalyan",Naidu,"mahesh,vrk,kalyan.naidu3326@gmail.com",6891455391,Mangalore,Karnataka,2025-11-14
2206,Ravi,Joshi,ravi.joshi2206@gmail.com,6284766305,Visakhapatnam,Andhra Pradesh,2025-08-18
3735,Anil,Mehta,user3735@gmail.com,9803016050,Mysore,,2025-09-05
3184,Ramesh,Joshi,ramesh.joshi3184@gmail.com,6379923190,Nashik,Maharashtra,2025-11-08
2263,Suresh,Kumar,suresh.kumar2263@gmail.com,9719672628,Mysore,Karnataka,2026-04-14
2500,Ramesh,Sharma,ramesh.sharma2500@gmail.com,8955430525,Vijayawada,Andhra Pradesh,2025-09-02
3115,Anil,Joshi,anil.joshi3115@gmail.com,9145587606,Bangalore,Karnataka,2026-02-08
2344,Karthik,Mehta,karthik.mehta2344@gmail.com,9903143246,Vijayawada,Andhra Pradesh,2026-02-21
3481,Ajay,Joshi,ajay.joshi3481@gmail.com,7763320900,Hyderabad,Telangana,2025-11-27
907,Arjun,Joshi,arjun.joshi907@gmail.com,6807607442,Pune,Maharashtra,2026-04-07
2917,Rahul,Patel,rahul.patel2917@gmail.com,6293748411,Mumbai,Maharashtra,2025-09-27
3405,Anil,Singh,anil.singh3405@gmail.com,7558175058,Guntur,Andhra Pradesh,2025-10-29
1268,Arjun,Joshi,arjun.joshi1268@gmail.com,8305594796,Mumbai,Maharashtra,2026-03-20
1051,Varun,Kumar,varun.kumar1051@gmail.com,8649293680,Mangalore,Karnataka,2026-06-03
2528,Kiran,Naidu,kiran.naidu2528@gmail.com,6141171129,Vijayawada,Andhra Pradesh,2025-12-31
1749,Praveen,Yadav,praveen.yadav1749@gmail.com,8231929858,Nagpur,Maharashtra,2025-12-13
CUST###,Anil,Singh,user6514@gmail.com,7921138101,Tirupati,###,2025-09-11
3685,Harsha,Joshi,,6919542809,Hyderabad,Telangana,2026-01-19
2332,Varun,Singh,varun.singh2332@gmail.com,6753298502,Mumbai,Maharashtra,2025-10-16
3564,Varun,Singh,varun.singh3564@gmail.com,7761939537,Salem,Tamil Nadu,2025-07-23
3464,Anil,Sharma,anil.sharma3464@gmail.com,8092449377,Tirupati,Andhra Pradesh,2026-03-07
602,Harsha,Singh,harsha.singh602@gmail.com,9139975963,Karimnagar,Telangana,2025-11-07
3509,Suresh,Kumar,suresh.kumar3509@gmail.com,9067724510,Mysore,Karnataka,2025-07-11
1868,Ravi,Rao,ravi.rao1868@gmail.com,8183488129,Warangal,Telangana,2025-11-10
2138,"Mahesh,Vrk,Kalyan",Verma,"mahesh,vrk,kalyan.verma2138@gmail.com",8612768735,Vijayawada,Andhra Pradesh,2025-09-12
47,Manoj,Naidu,manoj.naidu47@gmail.com,8529342996,Chennai,Tamil Nadu,2025-10-28
2319,Karthik,Rao,karthik.rao2319@gmail.com,7934528500,Coimbatore,Tamil Nadu,2026-05-12
4044,Harsha,Mehta,,8377386686,Mumbai,Maharashtra,2025-11-24
47,Manoj,Naidu,manoj.naidu47@gmail.com,8529342996,Chennai,Tamil Nadu,2025-10-28
2922,Ramesh,Yadav,ramesh.yadav2922@gmail.com,8644727147,Visakhapatnam,Andhra Pradesh,2025-11-09
318,Ravi,Naidu,ravi.naidu318@gmail.com,9118459965,Pune,Maharashtra,2025-11-12
4091,Kiran,,user4091@gmail.com,7530150767,Nagpur,Maharashtra,2026-01-03
2828,Praveen,Verma,praveen.verma2828@gmail.com,7411330470,Hyderabad,Telangana,2026-05-02
495,Naveen,Reddy,naveen.reddy495@gmail.com,7126618734,Hyderabad,Telangana,2026-01-12
1510,Ravi,Mehta,ravi.mehta1510@gmail.com,7190113576,Coimbatore,Tamil Nadu,2026-01-31
278,Vikram,Rao,vikram.rao278@gmail.com,7494409419,Nizamabad,Telangana,2025-09-20
2842,Ramesh,Joshi,ramesh.joshi2842@gmail.com,6737093910,Nashik,Maharashtra,2026-02-06
1486,Vikram,Patel,vikram.patel1486@gmail.com,8896478311,Nagpur,Maharashtra,2025-07-28
3813,Harsha,Naidu,user3813@gmail.com,8542761488,Mysore,,
4132,"Mahesh,Vrk,Kalyan",Sharma,user4132@gmail.com,9077936150,,Maharashtra,2025-07-06
5958,Ravi,Joshi,user1901@gmail.com,8585184850,123CITY,Andhra Pradesh,2026-02-19
3581,Harsha,Kumar,harsha.kumar3581@gmail.com,7677665106,Hubli,Karnataka,2026-06-16
2075,Manoj,Patel,manoj.patel2075@gmail.com,7241526756,Pune,Maharashtra,2026-03-15
219,Ajay,Mehta,ajay.mehta219@gmail.com,6325225739,Visakhapatnam,Andhra Pradesh,2026-04-27
3727,Naveen,Joshi,user3727@gmail.com,7641733049,,Andhra Pradesh,2026-02-17
3123,Manoj,Rao,manoj.rao3123@gmail.com,7671852167,Tirupati,Andhra Pradesh,2026-02-20
2796,"Mahesh,Vrk,Kalyan",Sharma,"mahesh,vrk,kalyan.sharma2796@gmail.com",9235274011,Guntur,Andhra Pradesh,2025-09-11
3071,Ravi,Kumar,ravi.kumar3071@gmail.com,6542463264,Hubli,Karnataka,2025-11-17
1206,Harsha,Joshi,harsha.joshi1206@gmail.com,9738492749,Hubli,Karnataka,2026-01-17
2580,Suresh,Yadav,suresh.yadav2580@gmail.com,7298732503,Hubli,Karnataka,2025-07-18
3429,Kiran,Verma,kiran.verma3429@gmail.com,9118878386,Bangalore,Karnataka,2025-09-07
2268,Praveen,Sharma,praveen.sharma2268@gmail.com,9216171838,Karimnagar,Telangana,2025-11-17
1371,Anil,Joshi,anil.joshi1371@gmail.com,6244812980,Warangal,Telangana,2026-05-09
3176,Anil,Patel,anil.patel3176@gmail.com,9493858322,Salem,Tamil Nadu,2025-06-26
2365,Manoj,Kumar,manoj.kumar2365@gmail.com,7012673389,Salem,Tamil Nadu,2025-08-25
467,Ramesh,Singh,ramesh.singh467@gmail.com,6405066284,Mangalore,Karnataka,2025-12-02
2831,Naveen,Reddy,naveen.reddy2831@gmail.com,6124660811,Tirupati,Andhra Pradesh,2025-08-14
386,Ramesh,Reddy,ramesh.reddy386@gmail.com,9799725741,Vijayawada,Andhra Pradesh,2025-10-20
2872,"Mahesh,Vrk,Kalyan",Joshi,abc@,7543340676,Nagpur,Maharashtra,2025-06-28
3820,Naveen,Yadav,user3820@gmail.com,9906709966,Nizamabad,,2025-10-02
797,Naveen,Yadav,naveen.yadav797@gmail.com,7495001592,Nizamabad,Telangana,2025-09-03
2131,Ramesh,123,user4196@gmail.com,9311602765,Mysore,Karnataka,2026-03-07
2485,Manoj,Verma,manoj.verma2485@gmail.com,7340852878,Karimnagar,Telangana,2026-05-03
2987,Varun,Mehta,varun.mehta2987@gmail.com,9152123377,Madurai,Tamil Nadu,2026-05-18
ABC123,Sai,Naidu,user8898@gmail.com,6449705748,123CITY,Andhra Pradesh,2026-02-04
132,Sai,Singh,sai.singh132@gmail.com,6187265844,Salem,Tamil Nadu,2025-12-11
1054,Naveen,Verma,naveen.verma1054@gmail.com,9566497457,Coimbatore,Tamil Nadu,2025-11-29
755,Varun,Verma,varun.verma755@gmail.com,9864123599,Mangalore,Karnataka,2025-07-09
37,Ajay,Yadav,ajay.yadav37@gmail.com,7539185252,Nashik,Maharashtra,2026-04-23
2170,Arjun,Yadav,arjun.yadav2170@gmail.com,8895773856,Mysore,Karnataka,2025-11-16
1089,Rahul,Yadav,rahul.yadav1089@gmail.com,6923835262,Guntur,Andhra Pradesh,2026-02-15
3010,Rahul,Joshi,rahul.joshi3010@gmail.com,6755323042,Tirupati,Andhra Pradesh,2026-02-23
4066,,Naidu,user4066@gmail.com,7502234895,Hubli,,2025-10-16
3332,Praveen,Patel,praveen.patel3332@gmail.com,6663710479,Nashik,Maharashtra,2025-12-21
2426,Harsha,Naidu,harsha.naidu2426@gmail.com,7975851627,Hubli,Karnataka,2025-10-30
2686,Vikram,Joshi,vikram.joshi2686@gmail.com,6912690813,Hyderabad,Telangana,2025-08-09
3623,Harsha,Naidu,harsha.naidu3623@gmail.com,6023885418,Nagpur,Maharashtra,2026-03-16
266,Anil,Gupta,anil.gupta266@gmail.com,8682946065,Mangalore,Karnataka,2025-12-04
532,Sai,Joshi,sai.joshi532@gmail.com,6152764629,Coimbatore,Tamil Nadu,2026-05-31
1173,Ramesh,Rao,ramesh.rao1173@gmail.com,6101274277,Madurai,Tamil Nadu,2025-08-31
2384,Ramesh,Naidu,ramesh.naidu2384@gmail.com,9986874181,Nagpur,Maharashtra,2025-12-03
1245,Varun,Singh,varun.singh1245@gmail.com,7112540753,Guntur,Andhra Pradesh,2026-03-03
3288,Rahul,Kumar,rahul.kumar3288@gmail.com,9699667109,Vijayawada,Andhra Pradesh,2025-09-27
1573,Sai,Sharma,sai.sharma1573@gmail.com,9878999125,Warangal,Telangana,2025-09-02
3675,Rahul,Singh,user3675@gmail.com,6299636212,Nagpur,,2025-12-08
1070,Harsha,Mehta,harsha.mehta1070@gmail.com,9916972344,Salem,Tamil Nadu,2026-01-25
1757,Suresh,Yadav,suresh.yadav1757@gmail.com,7140081233,Nagpur,Maharashtra,2025-10-10
1392,Ajay,Naidu,ajay.naidu1392@gmail.com,9511753984,Warangal,Telangana,2026-03-14
1635,Vikram,Singh,vikram.singh1635@gmail.com,6171906006,Visakhapatnam,Andhra Pradesh,2025-12-29
1326,Arjun,Singh,arjun.singh1326@gmail.com,9184241639,Mumbai,Maharashtra,2026-01-05
224,9999,NULL,user4160@gmail.com,8582519068,Salem,Tamil Nadu,2026-01-07
1637,Harsha,Reddy,harsha.reddy1637@gmail.com,8240431546,Bangalore,Karnataka,2026-01-23
3346,Kiran,Mehta,kiran.mehta3346@gmail.com,8612627298,Guntur,Andhra Pradesh,2026-04-10
1767,Karthik,Verma,karthik.verma1767@gmail.com,9870701735,Madurai,Tamil Nadu,2026-03-29
825,Harsha,Naidu,harsha.naidu825@gmail.com,8905299531,Chennai,Tamil Nadu,2026-02-27
922,Suresh,Rao,suresh.rao922@gmail.com,8688713011,Mangalore,Karnataka,2025-09-27
2706,Harsha,Singh,harsha.singh2706@gmail.com,8833706012,Mangalore,Karnataka,2025-07-19
2,Manoj,Reddy,manoj.reddy2@gmail.com,8248045023,Hubli,Karnataka,2025-07-15
849,Ramesh,Verma,ramesh.verma849@gmail.com,7069379102,Madurai,Tamil Nadu,2026-02-04
3427,Ravi,Verma,ravi.verma3427@gmail.com,7051140288,Visakhapatnam,Andhra Pradesh,2026-03-19
3170,Anil,Kumar,gmail.com,8329092777,Nagpur,Maharashtra,2025-10-04
3588,Rahul,Verma,rahul.verma3588@gmail.com,6678826133,Tirupati,Andhra Pradesh,2025-11-05
1285,Varun,Joshi,varun.joshi1285@gmail.com,6459012830,Nagpur,Maharashtra,2026-04-11
270,Praveen,Naidu,praveen.naidu270@gmail.com,8081647920,Chennai,Tamil Nadu,2025-08-31
726,Anil,Reddy,anil.reddy726@gmail.com,9179330873,Visakhapatnam,Andhra Pradesh,2025-12-15
4057,Sai,Joshi,user9077@gmail.com,6767638806,Nashik,###,2025-07-16
2589,Sai,Rao,sai.rao2589@gmail.com,8913402734,Nagpur,Maharashtra,2025-07-07
1210,Suresh,Naidu,suresh.naidu1210@gmail.com,8891912915,Coimbatore,Tamil Nadu,2025-11-03
3973,Harsha,Kumar,@test,6322688608,Nashik,Maharashtra,2025-09-13
94,Ramesh,Sharma,ramesh.sharma94@gmail.com,6318620548,Hubli,Karnataka,2026-04-24
4033,Anil,Reddy,,8278077158,Nashik,Maharashtra,2026-04-02
1353,Varun,Kumar,varun.kumar1353@gmail.com,7835030395,Nashik,Maharashtra,2025-12-16
4987,Ajay,Patel,user6562@gmail.com,PHONE,Vijayawada,Andhra Pradesh,2025-11-25
272,Vikram,Singh,gmail.com,999,Warangal,Telangana,2025-10-23
737,"Mahesh,Vrk,Kalyan",Rao,"mahesh,vrk,kalyan.rao737@gmail.com",7730880828,Madurai,Tamil Nadu,2026-03-23
2653,Suresh,Verma,suresh.verma2653@gmail.com,8027184923,Visakhapatnam,Andhra Pradesh,2026-03-09
116,Vikram,Joshi,vikram.joshi116@gmail.com,6628075676,Coimbatore,Tamil Nadu,2025-07-27
2141,Praveen,Joshi,praveen.joshi2141@gmail.com,8400771379,Guntur,Andhra Pradesh,2026-04-20
1591,Karthik,Singh,karthik.singh1591@gmail.com,9578839118,Karimnagar,Telangana,2025-08-21
4100,,Gupta,user4100@gmail.com,,Karimnagar,Telangana,2025-10-26
969,Karthik,Rao,karthik.rao969@gmail.com,7995329301,Bangalore,Karnataka,2025-08-05
954,Ramesh,Mehta,ramesh.mehta954@gmail.com,8306589270,Hyderabad,Telangana,2025-08-03
2538,Ravi,Gupta,gmail.com,8288672747,Visakhapatnam,Andhra Pradesh,2026-06-11
3329,Suresh,Verma,suresh.verma3329@gmail.com,8813952121,Vijayawada,Andhra Pradesh,2025-11-19
1362,Anil,Joshi,anil.joshi1362@gmail.com,6178728522,Pune,Maharashtra,2025-11-24
3641,Kiran,,user3641@gmail.com,,Chennai,Tamil Nadu,2026-04-06
2151,Ramesh,Joshi,ramesh.joshi2151@gmail.com,6503917614,Salem,Tamil Nadu,2025-08-08
2441,Anil,Verma,anil.verma2441@gmail.com,7703827639,Hyderabad,Telangana,2025-07-24
1100,"Mahesh,Vrk,Kalyan",Joshi,"mahesh,vrk,kalyan.joshi1100@gmail.com",9654249273,Pune,Maharashtra,2025-11-22
2493,Harsha,Gupta,harsha.gupta2493@gmail.com,6123849426,Warangal,Telangana,2026-03-26
1574,Ravi,Verma,ravi.verma1574@gmail.com,6197105818,Nagpur,Maharashtra,2026-03-04
2518,Kiran,Joshi,kiran.joshi2518@gmail.com,6017295326,Madurai,Tamil Nadu,2025-08-18
365,Karthik,NULL,user5059@gmail.com,7878259322,123CITY,Tamil Nadu,2025-09-17
3769,,Yadav,user3769@gmail.com,8758376084,,Tamil Nadu,2026-02-21
168,Naveen,Singh,naveen.singh168@gmail.com,7724603064,Mangalore,Karnataka,2025-11-07
3764,Rahul,Kumar,abc@,7710670397,Vijayawada,Andhra Pradesh,2026-01-04
2084,Varun,Naidu,varun.naidu2084@gmail.com,7235489275,Karimnagar,Telangana,2025-08-23
140,Anil,Yadav,anil.yadav140@gmail.com,9007647364,Vijayawada,Andhra Pradesh,2025-08-27
3037,Karthik,Reddy,karthik.reddy3037@gmail.com,9142899136,Coimbatore,Tamil Nadu,2026-02-09
14,Ramesh,Gupta,ramesh.gupta14@gmail.com,8249662776,Coimbatore,Tamil Nadu,2026-05-20
3147,Arjun,Kumar,arjun.kumar3147@gmail.com,6929780336,Mysore,Karnataka,2025-06-27
751,Praveen,Reddy,praveen.reddy751@gmail.com,8846652023,Salem,Tamil Nadu,2025-10-31
3649,Karthik,Rao,user3649@gmail.com,,Warangal,,2026-01-01
11,Karthik,Verma,karthik.verma11@gmail.com,7697657556,Warangal,Telangana,2025-11-28
3863,Ajay,,user3863@gmail.com,6556888258,Mumbai,Maharashtra,2025-12-19
3311,Varun,Patel,varun.patel3311@gmail.com,9561659101,Mysore,Karnataka,2026-06-02
1926,Ajay,Kumar,ajay.kumar1926@gmail.com,7045887904,Warangal,Telangana,2026-05-06
1701,Kiran,Naidu,kiran.naidu1701@gmail.com,9974551743,Karimnagar,Telangana,2025-10-20
1752,Ramesh,Gupta,ramesh.gupta1752@gmail.com,8660449170,Coimbatore,Tamil Nadu,2026-06-12
3914,Rahul,Rao,,,Visakhapatnam,Andhra Pradesh,2025-08-30
2229,"Mahesh,Vrk,Kalyan",Yadav,"mahesh,vrk,kalyan.yadav2229@gmail.com",7849489362,Chennai,Tamil Nadu,2025-12-07
2762,Harsha,Patel,harsha.patel2762@gmail.com,9894279863,Nashik,Maharashtra,2025-11-16
2815,Sai,Verma,sai.verma2815@gmail.com,6999321265,Tirupati,Andhra Pradesh,2025-12-03
3179,Arjun,Singh,arjun.singh3179@gmail.com,9801721582,Salem,Tamil Nadu,2026-02-21
2289,"Mahesh,Vrk,Kalyan",Joshi,"mahesh,vrk,kalyan.joshi2289@gmail.com",9058186142,Nagpur,Maharashtra,2026-01-19
1560,Naveen,Yadav,naveen.yadav1560@gmail.com,8669453365,Tirupati,Andhra Pradesh,2026-05-15
1679,Suresh,Kumar,user5532@gmail.com,9168429891,123CITY,Karnataka,2026-03-10
3135,"Mahesh,Vrk,Kalyan",Mehta,"mahesh,vrk,kalyan.mehta3135@gmail.com",8006304340,Pune,Maharashtra,2026-01-04
546,"Mahesh,Vrk,Kalyan",Rao,"mahesh,vrk,kalyan.rao546@gmail.com",7276109204,Mumbai,Maharashtra,2025-07-02
3968,Karthik,Reddy,,8122675135,Bangalore,Karnataka,2025-08-30
3650,Praveen,Yadav,user3650@gmail.com,,Nizamabad,Telangana,2025-09-15
3231,Arjun,Joshi,arjun.joshi3231@gmail.com,6433222986,Bangalore,Karnataka,2025-09-08
3066,Ajay,Reddy,ajay.reddy3066@gmail.com,8512842883,Pune,Maharashtra,2026-05-13
4153,Arjun,,,7043877328,Mumbai,Maharashtra,2026-06-10
3433,Harsha,Joshi,harsha.joshi3433@gmail.com,7434744616,Tirupati,Andhra Pradesh,2025-11-12
3241,Ravi,Singh,ravi.singh3241@gmail.com,7780105343,Mangalore,Karnataka,2025-12-06
2601,"Mahesh,Vrk,Kalyan",Rao,"mahesh,vrk,kalyan.rao2601@gmail.com",7931015677,Mysore,Karnataka,2026-01-28
1221,Anil,Naidu,anil.naidu1221@gmail.com,9433244761,Salem,Tamil Nadu,2026-04-06
3086,Sai,Naidu,sai.naidu3086@gmail.com,8458479585,Mysore,Karnataka,2025-06-25
1652,Ramesh,Reddy,ramesh.reddy1652@gmail.com,6555974415,Pune,Maharashtra,2026-04-01
556,Kiran,Singh,kiran.singh556@gmail.com,9854280092,Coimbatore,Tamil Nadu,2025-11-24
1160,Rahul,Verma,rahul.verma1160@gmail.com,9873204597,Salem,Tamil Nadu,2026-05-07
286,"Mahesh,Vrk,Kalyan",Kumar,"mahesh,vrk,kalyan.kumar286@gmail.com",6279740385,Mumbai,Maharashtra,2025-08-30
3026,Naveen,Gupta,naveen.gupta3026@gmail.com,9401753461,Nizamabad,Telangana,2025-07-25
INVALID,Ramesh,Yadav,user9638@gmail.com,7106192974,Nagpur,Maharashtra,2026-06-10
3485,Ramesh,Yadav,ramesh.yadav3485@gmail.com,9413534006,Bangalore,Karnataka,2025-12-14
1107,9999,Naidu,user2443@gmail.com,8551775135,Coimbatore,Tamil Nadu,2026-02-27
3465,Manoj,Rao,manoj.rao3465@gmail.com,9211621096,Chennai,Tamil Nadu,2026-04-16
1372,Anil,Joshi,anil.joshi1372@gmail.com,6305797542,Guntur,Andhra Pradesh,2025-08-05
1713,Ramesh,Patel,ramesh.patel1713@gmail.com,9402162052,Guntur,Andhra Pradesh,2026-05-07
2455,Kiran,Kumar,kiran.kumar2455@gmail.com,9023458595,Vijayawada,Andhra Pradesh,2026-05-07
757,"Mahesh,Vrk,Kalyan",Naidu,"mahesh,vrk,kalyan.naidu757@gmail.com",7733922383,Chennai,Tamil Nadu,2025-11-01
1025,Rahul,Rao,rahul.rao1025@gmail.com,6636867809,Warangal,Telangana,2025-12-20
ABC123,"Mahesh,Vrk,Kalyan",Sharma,user8390@gmail.com,8542098967,Mysore,UNKNOWN_STATE,2026-04-25
2836,Ajay,Patel,ajay.patel2836@gmail.com,6540725561,Warangal,Telangana,2025-10-27
765,Rahul,Mehta,rahul.mehta765@gmail.com,9538978135,Nagpur,Maharashtra,2026-03-16
4082,Ravi,Reddy,user4082@gmail.com,7232323419,,Tamil Nadu,2025-10-03
2765,Harsha,Patel,harsha.patel2765@gmail.com,9670834043,Madurai,Tamil Nadu,2025-10-19
1534,Praveen,Joshi,praveen.joshi1534@gmail.com,8127477159,Nizamabad,Telangana,2026-04-04
1229,Praveen,Mehta,praveen.mehta1229@gmail.com,7237740495,Nagpur,Maharashtra,2025-09-04
2804,Anil,Gupta,anil.gupta2804@gmail.com,6173945589,Madurai,Tamil Nadu,2025-08-18
3289,Ravi,Kumar,ravi.kumar3289@gmail.com,9127534734,Mangalore,Karnataka,2026-04-15
1125,Karthik,Mehta,karthik.mehta1125@gmail.com,9077996187,Nashik,Maharashtra,2026-06-07
3476,"Mahesh,Vrk,Kalyan",Singh,"mahesh,vrk,kalyan.singh3476@gmail.com",7396115608,Salem,Tamil Nadu,2025-12-28
2607,Arjun,Patel,arjun.patel2607@gmail.com,8545770006,Bangalore,Karnataka,2025-06-25
1113,Karthik,Yadav,karthik.yadav1113@gmail.com,8927364597,Karimnagar,Telangana,2025-11-30
3693,"Mahesh,Vrk,Kalyan",Kumar,,7065113241,Coimbatore,Tamil Nadu,2025-12-23
1935,Harsha,Patel,harsha.patel1935@gmail.com,8985186465,Salem,Tamil Nadu,2025-07-25
480,"Mahesh,Vrk,Kalyan",Rao,"mahesh,vrk,kalyan.rao480@gmail.com",7143977188,Karimnagar,Telangana,2025-07-03
4000,Ajay,,user4000@gmail.com,8937322816,,Karnataka,2025-08-10
1578,"Mahesh,Vrk,Kalyan",Gupta,"mahesh,vrk,kalyan.gupta1578@gmail.com",6677986641,Chennai,Tamil Nadu,2025-07-20
811,12345,Verma,user1095@gmail.com,123,Vijayawada,Andhra Pradesh,2026-04-11
2456,Arjun,Mehta,arjun.mehta2456@gmail.com,9300236442,Pune,Maharashtra,2025-09-27
1561,Manoj,Yadav,manoj.yadav1561@gmail.com,8315383239,Hubli,Karnataka,2026-02-19
2253,Ravi,Rao,ravi.rao2253@gmail.com,6214276356,Nizamabad,Telangana,2026-05-31
2311,Praveen,Verma,praveen.verma2311@gmail.com,9184636686,Warangal,Telangana,2025-11-01
3956,,,user3956@gmail.com,7407226644,Mumbai,Maharashtra,2026-04-04
1211,Praveen,Sharma,praveen.sharma1211@gmail.com,6590775336,Karimnagar,Telangana,2026-01-27
3243,Anil,Kumar,anil.kumar3243@gmail.com,9360321581,Tirupati,Andhra Pradesh,2025-10-10
693,Anil,Sharma,anil.sharma693@gmail.com,9666910320,Tirupati,Andhra Pradesh,2025-06-29
3175,Rahul,Verma,rahul.verma3175@gmail.com,6748061406,Nagpur,Maharashtra,2025-12-17
3048,Ravi,Joshi,ravi.joshi3048@gmail.com,9355606985,Visakhapatnam,Andhra Pradesh,2026-04-13
1455,Suresh,Sharma,suresh.sharma1455@gmail.com,6102470798,Bangalore,Karnataka,2025-11-29
4074,,Singh,user4074@gmail.com,8577174431,,Andhra Pradesh,2025-10-20
2726,Sai,Mehta,sai.mehta2726@gmail.com,7526446057,Karimnagar,Telangana,2026-03-03
2869,Sai,Sharma,sai.sharma2869@gmail.com,6476617853,Karimnagar,Telangana,2026-04-03
3263,Ajay,Mehta,ajay.mehta3263@gmail.com,7833760328,Mumbai,Maharashtra,2025-11-16
1829,Sai,Yadav,sai.yadav1829@gmail.com,7128331651,Mangalore,Karnataka,2025-08-15
2603,Manoj,Mehta,manoj.mehta2603@gmail.com,6407850466,Nagpur,Maharashtra,2026-06-18
2645,Sai,Naidu,sai.naidu2645@gmail.com,8811455599,Karimnagar,Telangana,2026-02-11
4119,Rahul,,user4119@gmail.com,6615578161,,Andhra Pradesh,2026-01-10
1411,"Mahesh,Vrk,Kalyan",Verma,"mahesh,vrk,kalyan.verma1411@gmail.com",7918870918,Mysore,Karnataka,2026-04-25
2900,Ramesh,Kumar,ramesh.kumar2900@gmail.com,8694654958,Coimbatore,Tamil Nadu,2026-05-31
2245,Manoj,Naidu,manoj.naidu2245@gmail.com,6479745695,Tirupati,Andhra Pradesh,2025-11-15
83,Anil,Gupta,anil.gupta83@gmail.com,6088236661,Karimnagar,Telangana,2026-01-12
693,Anil,Sharma,anil.sharma693@gmail.com,9666910320,Tirupati,Andhra Pradesh,2025-06-29
134,Manoj,Singh,manoj.singh134@gmail.com,9801938103,Madurai,Tamil Nadu,2025-11-24
1594,Manoj,Patel,manoj.patel1594@gmail.com,8632600377,Nizamabad,Telangana,2026-04-15
3294,Ajay,Rao,ajay.rao3294@gmail.com,8375035570,Nizamabad,Telangana,2026-04-25
2659,Arjun,Naidu,arjun.naidu2659@gmail.com,9037492962,Nizamabad,Telangana,2026-01-01
3439,Ramesh,Patel,ramesh.patel3439@gmail.com,7786174002,Bangalore,Karnataka,2025-08-28
111,Rahul,Verma,rahul.verma111@gmail.com,6101325426,Warangal,Telangana,2026-05-16
2022,Sai,Verma,sai.verma2022@gmail.com,6830093298,Guntur,Andhra Pradesh,2026-06-19
2363,Kiran,Rao,kiran.rao2363@gmail.com,6436487661,Visakhapatnam,Andhra Pradesh,2025-08-26
3796,,Joshi,,9594108378,Chennai,Tamil Nadu,2025-09-12
3832,Ramesh,,user3832@gmail.com,,Vijayawada,Andhra Pradesh,2025-11-04
535,Sai,Rao,sai.rao535@gmail.com,9104675664,Bangalore,Karnataka,2026-01-24
1615,Karthik,Sharma,karthik.sharma1615@gmail.com,8490062773,Coimbatore,Tamil Nadu,2025-07-06
ABC123,Ravi,###,user8763@gmail.com,8037549876,Hyderabad,Telangana,2026-01-11
2814,Naveen,Mehta,naveen.mehta2814@gmail.com,7640024587,Visakhapatnam,Andhra Pradesh,2026-01-16
709,Anil,Joshi,anil.joshi709@gmail.com,9729651554,Tirupati,Andhra Pradesh,2025-07-18
2816,Suresh,Verma,suresh.verma2816@gmail.com,6418784056,Karimnagar,Telangana,2025-07-29
2146,Suresh,Rao,suresh.rao2146@gmail.com,6339009862,Madurai,Tamil Nadu,2026-02-20
1743,Kiran,Joshi,kiran.joshi1743@gmail.com,6112670857,Warangal,Telangana,2026-04-22
640,Praveen,Singh,praveen.singh640@gmail.com,7949293817,Salem,Tamil Nadu,2025-10-15
686,Varun,Naidu,varun.naidu686@gmail.com,6181129133,Nagpur,Maharashtra,2025-12-27
1040,Arjun,Rao,arjun.rao1040@gmail.com,6875014794,Mangalore,Karnataka,2025-09-25
2444,Ramesh,Gupta,ramesh.gupta2444@gmail.com,6109238014,Mumbai,Maharashtra,2026-01-15
763,Ravi,###,user9623@gmail.com,PHONE,Vijayawada,Andhra Pradesh,2025-12-19
1000,Kiran,Patel,kiran.patel1000@gmail.com,6940953120,Chennai,Tamil Nadu,2025-09-08
2076,Ajay,Joshi,ajay.joshi2076@gmail.com,7861152631,Mysore,Karnataka,2026-01-20
220,Arjun,Rao,arjun.rao220@gmail.com,7118262870,Coimbatore,Tamil Nadu,2025-12-15
CUST###,Kiran,Joshi,user6045@gmail.com,6362580282,Pune,Maharashtra,2099-99-99
3150,"Mahesh,Vrk,Kalyan",Sharma,"mahesh,vrk,kalyan.sharma3150@gmail.com",6806194579,Hyderabad,Telangana,2026-02-19
3587,Karthik,123,user4538@gmail.com,7876278232,Nagpur,UNKNOWN_STATE,2025-12-01
258,"Mahesh,Vrk,Kalyan",Rao,"mahesh,vrk,kalyan.rao258@gmail.com",8494431627,Nashik,Maharashtra,2025-08-16
2086,Vikram,Kumar,vikram.kumar2086@gmail.com,9698244699,Mysore,Karnataka,2025-12-11
883,Arjun,Patel,arjun.patel883@gmail.com,7698266815,Warangal,Telangana,2026-05-25
682,"Mahesh,Vrk,Kalyan",Gupta,"mahesh,vrk,kalyan.gupta682@gmail.com",8665958607,Chennai,Tamil Nadu,2026-05-20
2508,Kiran,Singh,kiran.singh2508@gmail.com,8128361817,Visakhapatnam,Andhra Pradesh,2025-10-18
382,Ravi,Reddy,ravi.reddy382@gmail.com,9040979784,Guntur,Andhra Pradesh,2025-07-10
4152,,Rao,user4152@gmail.com,7839412453,Warangal,,2026-04-14
927,Varun,Verma,varun.verma927@gmail.com,9266894589,Hyderabad,Telangana,2026-01-22
1403,Ajay,Singh,ajay.singh1403@gmail.com,7643863850,Tirupati,Andhra Pradesh,2026-01-17
3206,Kiran,Yadav,kiran.yadav3206@gmail.com,8414433302,Pune,Maharashtra,2025-10-06
2777,Suresh,Verma,suresh.verma2777@gmail.com,8570326734,Visakhapatnam,Andhra Pradesh,2026-02-27
3038,Karthik,Yadav,karthik.yadav3038@gmail.com,8006314791,Chennai,Tamil Nadu,2026-04-26
333,Vikram,Patel,vikram.patel333@gmail.com,7636372387,Coimbatore,Tamil Nadu,2026-02-20
2341,Rahul,Yadav,user1165@gmail.com,PHONE,123CITY,Telangana,2025-08-01
2153,Manoj,Rao,manoj.rao2153@gmail.com,6183337064,Tirupati,Andhra Pradesh,2025-06-27
531,Suresh,Naidu,suresh.naidu531@gmail.com,7896793021,Vijayawada,Andhra Pradesh,2026-02-04
144,Suresh,Patel,suresh.patel144@gmail.com,6207219146,Warangal,Telangana,2025-06-27
3371,Manoj,Naidu,manoj.naidu3371@gmail.com,8162991916,Nagpur,Maharashtra,2026-05-20
4147,Anil,Kumar,user4147@gmail.com,9982158394,Guntur,,2026-06-02
1618,Arjun,Reddy,arjun.reddy1618@gmail.com,9493846179,Mangalore,Karnataka,2026-01-10
3707,,Verma,user3707@gmail.com,9240215750,Hyderabad,Telangana,
3668,Manoj,Patel,user3668@gmail.com,8953619739,,Karnataka,2025-10-23
3171,Ajay,Reddy,ajay.reddy3171@gmail.com,6332324761,Pune,Maharashtra,2025-10-01
2542,Varun,Verma,varun.verma2542@gmail.com,9202610403,Visakhapatnam,Andhra Pradesh,2025-08-27
2403,Vikram,Patel,vikram.patel2403@gmail.com,9822498371,Nashik,Maharashtra,2026-02-24
3630,Karthik,Naidu,karthik.naidu3630@gmail.com,6364320150,Hubli,Karnataka,2025-10-21
3245,Ramesh,Reddy,ramesh.reddy3245@gmail.com,9315471555,Madurai,Tamil Nadu,2026-04-22
1396,Ravi,Patel,ravi.patel1396@gmail.com,7936181228,Mumbai,Maharashtra,2025-12-05
1307,Rahul,Joshi,rahul.joshi1307@gmail.com,7995051540,Hubli,Karnataka,2026-06-13
2272,Harsha,Rao,harsha.rao2272@gmail.com,6461103257,Coimbatore,Tamil Nadu,2026-03-11
1630,Ravi,Patel,ravi.patel1630@gmail.com,9437210444,Mumbai,Maharashtra,2025-08-17
2287,"Mahesh,Vrk,Kalyan",Mehta,"mahesh,vrk,kalyan.mehta2287@gmail.com",6688201634,Visakhapatnam,Andhra Pradesh,2026-03-06
67,Manoj,Yadav,manoj.yadav67@gmail.com,9511997610,Salem,Tamil Nadu,2025-12-14
1080,Ramesh,Kumar,ramesh.kumar1080@gmail.com,9818201953,Chennai,Tamil Nadu,2026-04-05
457,Manoj,Rao,manoj.rao457@gmail.com,6650046561,Mumbai,Maharashtra,2025-11-19
2528,Kiran,Naidu,kiran.naidu2528@gmail.com,6141171129,Vijayawada,Andhra Pradesh,2025-12-31
3676,Naveen,Reddy,user3676@gmail.com,,Coimbatore,Tamil Nadu,2025-11-21
827,"Mahesh,Vrk,Kalyan",Joshi,"mahesh,vrk,kalyan.joshi827@gmail.com",6570504292,Hubli,Karnataka,2026-04-08
2672,Anil,Singh,anil.singh2672@gmail.com,7533865994,Guntur,Andhra Pradesh,2025-09-07
3052,Arjun,Singh,user2730@gmail.com,8099607922,Bangalore,Karnataka,2099-99-99
2505,Kiran,Joshi,kiran.joshi2505@gmail.com,6911984532,Tirupati,Andhra Pradesh,2025-09-26
96,Ramesh,Kumar,ramesh.kumar96@gmail.com,9813058996,Chennai,Tamil Nadu,2026-06-15
351,Ajay,Patel,ajay.patel351@gmail.com,7685773413,Warangal,Telangana,2025-10-07
616,Vikram,Joshi,vikram.joshi616@gmail.com,6092900636,Bangalore,Karnataka,2025-12-15
2737,Varun,Gupta,varun.gupta2737@gmail.com,8945524428,Hyderabad,Telangana,2026-02-28
893,Arjun,Kumar,arjun.kumar893@gmail.com,8389951217,Visakhapatnam,Andhra Pradesh,2025-12-14
2954,Suresh,Yadav,suresh.yadav2954@gmail.com,7983508686,Hyderabad,Telangana,2026-04-08
3521,Arjun,Sharma,arjun.sharma3521@gmail.com,9683044925,Tirupati,Andhra Pradesh,2025-08-29
3474,"Mahesh,Vrk,Kalyan",Yadav,"mahesh,vrk,kalyan.yadav3474@gmail.com",6796380863,Nashik,Maharashtra,2026-01-14
1730,Sai,Reddy,sai.reddy1730@gmail.com,8348190487,Mysore,Karnataka,2025-08-05
2486,Karthik,Mehta,karthik.mehta2486@gmail.com,8730908442,Coimbatore,Tamil Nadu,2025-12-08
241,Vikram,Rao,vikram.rao241@gmail.com,9339752923,Visakhapatnam,Andhra Pradesh,2025-10-28
2157,Manoj,Mehta,manoj.mehta2157@gmail.com,7875634648,Nashik,Maharashtra,2025-10-17
3228,Karthik,Naidu,karthik.naidu3228@gmail.com,8165570477,Coimbatore,Tamil Nadu,2026-01-31
2559,Kiran,Rao,kiran.rao2559@gmail.com,9593553743,Mumbai,Maharashtra,2025-08-06
3806,Naveen,Joshi,user3806@gmail.com,9055208531,Bangalore,,2026-06-02
4092,Manoj,Yadav,user4092@gmail.com,8711391692,Nashik,,2026-02-20
530,Harsha,Patel,harsha.patel530@gmail.com,8077957025,Hubli,Karnataka,2026-01-11
5111,Rahul,Kumar,gmail.com,9521774552,Tirupati,UNKNOWN_STATE,2025-12-28
1212,Arjun,Verma,arjun.verma1212@gmail.com,6810564611,Chennai,Tamil Nadu,2026-02-25
INVALID,9999,Patel,user903@gmail.com,8551898614,Hubli,Karnataka,2025-11-26
1989,Arjun,Singh,arjun.singh1989@gmail.com,6845773575,Madurai,Tamil Nadu,2026-02-17
159,Kiran,Joshi,kiran.joshi159@gmail.com,7025949416,Mumbai,Maharashtra,2026-03-11
2388,Sai,Reddy,sai.reddy2388@gmail.com,8485113897,Tirupati,Andhra Pradesh,2026-04-24
642,Anil,Rao,anil.rao642@gmail.com,9100094157,Pune,Maharashtra,2026-01-21
288,Harsha,Gupta,harsha.gupta288@gmail.com,8891417637,Nizamabad,Telangana,2026-06-12
926,Kiran,Singh,kiran.singh926@gmail.com,7040501235,Chennai,Tamil Nadu,2026-04-15
2951,Karthik,Joshi,user2131@gmail.com,9545676093,123CITY,Maharashtra,32-13-2025
4130,Varun,,user4130@gmail.com,8897067473,Mangalore,Karnataka,2026-01-05
1714,@@@@,Yadav,user4754@gmail.com,7457239986,Vijayawada,Andhra Pradesh,2025-08-16
5366,Suresh,Joshi,user6284@gmail.com,8909552148,9999,Karnataka,2026-02-13
4061,Ravi,Patel,user4061@gmail.com,9736346947,Bangalore,,2026-03-23
3651,Manoj,,user3651@gmail.com,8695199310,Bangalore,Karnataka,2025-08-18
2316,Ajay,Singh,ajay.singh2316@gmail.com,9497270315,Nagpur,Maharashtra,2026-05-19
1373,Varun,Sharma,varun.sharma1373@gmail.com,9209407672,Madurai,Tamil Nadu,2026-02-24
2097,Vikram,Gupta,vikram.gupta2097@gmail.com,7305099131,Chennai,Tamil Nadu,2025-08-02
1424,Ajay,Yadav,ajay.yadav1424@gmail.com,9054975607,Visakhapatnam,Andhra Pradesh,2026-01-10
2847,Rahul,Reddy,rahul.reddy2847@gmail.com,6590837441,Mysore,Karnataka,2025-10-31
3339,Ajay,Mehta,ajay.mehta3339@gmail.com,6429026206,Hyderabad,Telangana,2025-12-21
2634,Suresh,Naidu,suresh.naidu2634@gmail.com,7867188632,Hubli,Karnataka,2026-01-26
1993,Ravi,Joshi,ravi.joshi1993@gmail.com,7576739196,Pune,Maharashtra,2026-02-21
959,Suresh,Gupta,user5759@gmail.com,7396143266,Hyderabad,###,2026-03-31
191,Suresh,Reddy,suresh.reddy191@gmail.com,6797013948,Mangalore,Karnataka,2025-12-24
3096,Karthik,Naidu,karthik.naidu3096@gmail.com,7891872447,Tirupati,Andhra Pradesh,2025-10-03
2007,Vikram,Mehta,vikram.mehta2007@gmail.com,7762790834,Warangal,Telangana,2026-02-02
1621,Ravi,Singh,ravi.singh1621@gmail.com,8536808843,Warangal,Telangana,2025-09-14
1278,Rahul,Mehta,rahul.mehta1278@gmail.com,9174587826,Chennai,Tamil Nadu,2026-05-28
3563,Harsha,Rao,harsha.rao3563@gmail.com,6598675712,Madurai,Tamil Nadu,2025-10-08
2214,Anil,Mehta,anil.mehta2214@gmail.com,8788405830,Visakhapatnam,Andhra Pradesh,2026-02-17
2738,Manoj,Kumar,manoj.kumar2738@gmail.com,8749323813,Warangal,Telangana,2025-10-02
4039,,Mehta,user4039@gmail.com,,Tirupati,Andhra Pradesh,2026-06-12
3565,Ramesh,Gupta,ramesh.gupta3565@gmail.com,7219815390,Hyderabad,Telangana,2026-04-13
2270,Ramesh,Naidu,ramesh.naidu2270@gmail.com,8072809838,Karimnagar,Telangana,2025-08-16
124,Ravi,Rao,user4532@gmail.com,123,Nizamabad,UNKNOWN_STATE,2026-04-02
3414,Karthik,Verma,karthik.verma3414@gmail.com,8392933743,Guntur,Andhra Pradesh,2026-05-20
708,Ravi,Singh,ravi.singh708@gmail.com,8886568832,Hubli,Karnataka,2025-09-07
3838,Kiran,Joshi,user3838@gmail.com,8926232349,Bangalore,,2025-08-19
3043,9999,Naidu,user3563@gmail.com,9174004194,Tirupati,Andhra Pradesh,2025-11-18
2698,Karthik,Yadav,karthik.yadav2698@gmail.com,9388996454,Karimnagar,Telangana,2025-09-24
1021,Karthik,Kumar,karthik.kumar1021@gmail.com,6305065521,Mangalore,Karnataka,2025-12-06
2188,Suresh,Kumar,suresh.kumar2188@gmail.com,7299364508,Nashik,Maharashtra,2025-12-13
3462,Manoj,123,user9081@gmail.com,6181707390,123CITY,Maharashtra,2026-06-13
15,Harsha,Verma,harsha.verma15@gmail.com,6129071386,Tirupati,Andhra Pradesh,2025-07-16
2867,Ajay,Singh,ajay.singh2867@gmail.com,7843708611,Nagpur,Maharashtra,2026-02-19
2358,Praveen,Kumar,praveen.kumar2358@gmail.com,6846803333,Nashik,Maharashtra,2026-04-08
1405,Ajay,Rao,ajay.rao1405@gmail.com,8817802871,Madurai,Tamil Nadu,2025-08-24
1357,Ramesh,Patel,ramesh.patel1357@gmail.com,8044637122,Nashik,Maharashtra,2025-08-05
3587,Ramesh,Patel,ramesh.patel3587@gmail.com,8851472506,Coimbatore,Tamil Nadu,2025-11-19
2369,Praveen,Joshi,praveen.joshi2369@gmail.com,7712436895,Coimbatore,Tamil Nadu,2026-06-19
2330,Karthik,Kumar,karthik.kumar2330@gmail.com,6922993372,Visakhapatnam,Andhra Pradesh,2026-03-16
923,Manoj,Patel,manoj.patel923@gmail.com,8012780329,Visakhapatnam,Andhra Pradesh,2025-09-03
1488,Manoj,Singh,manoj.singh1488@gmail.com,8221596591,Hyderabad,Telangana,2025-06-23
250,Manoj,Verma,manoj.verma250@gmail.com,7578958048,Guntur,Andhra Pradesh,2025-08-22
2669,"Mahesh,Vrk,Kalyan",Mehta,"mahesh,vrk,kalyan.mehta2669@gmail.com",7287217918,Mysore,Karnataka,2025-10-15
4116,,Naidu,user4116@gmail.com,8478987883,Hyderabad,Telangana,2025-12-06
209,"Mahesh,Vrk,Kalyan",Joshi,"mahesh,vrk,kalyan.joshi209@gmail.com",8487894065,Mysore,Karnataka,2025-10-12
1079,Vikram,Yadav,vikram.yadav1079@gmail.com,9438708838,Nagpur,Maharashtra,2025-07-27
3461,Manoj,Gupta,manoj.gupta3461@gmail.com,9961324570,Coimbatore,Tamil Nadu,2026-03-04
1585,Praveen,Naidu,praveen.naidu1585@gmail.com,9527359785,Chennai,Tamil Nadu,2025-07-23
3770,Naveen,Mehta,user3770@gmail.com,6883476421,Visakhapatnam,Andhra Pradesh,
3337,Naveen,Patel,naveen.patel3337@gmail.com,7805191445,Mangalore,Karnataka,2025-08-12
3698,Praveen,Gupta,,9973974656,,Andhra Pradesh,2025-07-01
3032,Karthik,Mehta,karthik.mehta3032@gmail.com,7124493062,Nagpur,Maharashtra,2025-09-14
1764,Vikram,Patel,vikram.patel1764@gmail.com,9384733328,Mysore,Karnataka,2026-02-02
1919,Harsha,Mehta,harsha.mehta1919@gmail.com,9609668993,Warangal,Telangana,2026-01-04
2095,Ravi,Gupta,ravi.gupta2095@gmail.com,8648437771,Tirupati,Andhra Pradesh,2025-11-02
1970,@@@@,Yadav,user8347@gmail.com,8929333390,123CITY,Tamil Nadu,2026-01-11
1809,Manoj,Yadav,manoj.yadav1809@gmail.com,6500222713,Tirupati,Andhra Pradesh,2025-08-11
1500,Karthik,Rao,karthik.rao1500@gmail.com,6116766519,Guntur,Andhra Pradesh,2025-12-07
400,Arjun,Sharma,arjun.sharma400@gmail.com,8232557198,Warangal,Telangana,2025-07-03
411,Kiran,Reddy,kiran.reddy411@gmail.com,9234272401,Mysore,Karnataka,2026-01-14
2572,Naveen,Singh,naveen.singh2572@gmail.com,7699779561,Madurai,Tamil Nadu,2025-12-30
1756,Arjun,Verma,arjun.verma1756@gmail.com,9103433931,Guntur,Andhra Pradesh,2025-09-04
2630,Harsha,Reddy,harsha.reddy2630@gmail.com,6986890373,Tirupati,Andhra Pradesh,2025-11-20
1422,Karthik,Naidu,karthik.naidu1422@gmail.com,7686006008,Mumbai,Maharashtra,2025-09-26
1804,"Mahesh,Vrk,Kalyan",Singh,"mahesh,vrk,kalyan.singh1804@gmail.com",8107727644,Mumbai,Maharashtra,2025-07-08
3784,Anil,Kumar,user3784@gmail.com,9896502723,Mangalore,Karnataka,
1017,Harsha,Verma,harsha.verma1017@gmail.com,6908908113,Coimbatore,Tamil Nadu,2025-12-12
1817,Sai,Gupta,sai.gupta1817@gmail.com,6251965213,Hyderabad,Telangana,2025-09-04
5480,Rahul,Joshi,@test,9761341546,Madurai,Tamil Nadu,2025-11-07
1427,Arjun,Mehta,arjun.mehta1427@gmail.com,7499885762,Chennai,Tamil Nadu,2025-07-23
3069,"Mahesh,Vrk,Kalyan",Reddy,abc@,999,Hyderabad,Telangana,2026-06-07
1114,Ajay,Reddy,ajay.reddy1114@gmail.com,8529233975,Mysore,Karnataka,2026-01-31
1882,Ajay,Naidu,ajay.naidu1882@gmail.com,7799204182,Hubli,Karnataka,2026-05-01
163,Karthik,Reddy,karthik.reddy163@gmail.com,8642589577,Vijayawada,Andhra Pradesh,2025-12-29
3314,Suresh,Verma,suresh.verma3314@gmail.com,8513794766,Mumbai,Maharashtra,2025-09-18
1937,Harsha,Verma,user8889@gmail.com,6003277873,Pune,UNKNOWN_STATE,32-13-2025
1976,Ajay,Singh,ajay.singh1976@gmail.com,6335168312,Madurai,Tamil Nadu,2025-07-25
2573,Arjun,Yadav,arjun.yadav2573@gmail.com,6348744593,Mysore,Karnataka,2026-05-18
1894,Suresh,Rao,suresh.rao1894@gmail.com,8724037312,Hyderabad,Telangana,2025-06-29
1735,Praveen,Verma,praveen.verma1735@gmail.com,9077616042,Karimnagar,Telangana,2026-01-14
1852,Ramesh,Rao,ramesh.rao1852@gmail.com,6569370859,Coimbatore,Tamil Nadu,2026-02-18
1087,Manoj,Gupta,manoj.gupta1087@gmail.com,8839953655,Mumbai,Maharashtra,2026-01-21
3096,Praveen,Rao,abc@,9940925630,Nashik,Maharashtra,2026-03-03
3107,Varun,Yadav,varun.yadav3107@gmail.com,9381015365,Nagpur,Maharashtra,2025-12-16
3430,Manoj,Joshi,manoj.joshi3430@gmail.com,6847532900,Nagpur,Maharashtra,2025-06-27
3987,,Singh,user3987@gmail.com,8158078589,Vijayawada,Andhra Pradesh,2025-12-24
70,Ajay,Yadav,user6113@gmail.com,123,@@@@,Andhra Pradesh,2026-05-14
1589,Kiran,Gupta,kiran.gupta1589@gmail.com,6423878052,Guntur,Andhra Pradesh,2026-03-29
3495,Rahul,Naidu,rahul.naidu3495@gmail.com,9642985098,Tirupati,Andhra Pradesh,2026-02-13
3530,Anil,Reddy,anil.reddy3530@gmail.com,7108186525,Pune,Maharashtra,2025-10-29
1611,Harsha,Patel,harsha.patel1611@gmail.com,8056219998,Guntur,Andhra Pradesh,2025-09-18
3823,Karthik,,user3823@gmail.com,7078570527,Nizamabad,Telangana,2026-03-23
392,Sai,Rao,sai.rao392@gmail.com,6114590685,Nizamabad,Telangana,2026-03-23
4124,"Mahesh,Vrk,Kalyan",Mehta,user4124@gmail.com,,Coimbatore,,2025-09-23
1606,Karthik,Patel,karthik.patel1606@gmail.com,9162083225,Salem,Tamil Nadu,2025-12-12
1569,"Mahesh,Vrk,Kalyan",Reddy,"mahesh,vrk,kalyan.reddy1569@gmail.com",7803046787,Hyderabad,Telangana,2026-05-09
2527,Manoj,Verma,manoj.verma2527@gmail.com,6396288338,Madurai,Tamil Nadu,2025-07-10
4115,Naveen,Mehta,user603@gmail.com,999,Karimnagar,Telangana,32-13-2025
985,Harsha,Joshi,harsha.joshi985@gmail.com,8006954344,Warangal,Telangana,2026-02-27
3015,Karthik,Joshi,karthik.joshi3015@gmail.com,6134487460,Vijayawada,Andhra Pradesh,2025-10-15
4056,Kiran,,user4056@gmail.com,9591625376,Karimnagar,Telangana,
3092,Praveen,Yadav,praveen.yadav3092@gmail.com,9563760348,Madurai,Tamil Nadu,2026-05-28
3689,,Gupta,user3689@gmail.com,6670430556,Tirupati,,2026-03-23
1752,Ramesh,Gupta,ramesh.gupta1752@gmail.com,8660449170,Coimbatore,Tamil Nadu,2026-06-12
1736,Harsha,Reddy,harsha.reddy1736@gmail.com,9103146446,Mysore,Karnataka,2026-06-03
3310,Ajay,Verma,ajay.verma3310@gmail.com,9711408832,Vijayawada,Andhra Pradesh,2025-08-09
3671,Sai,Mehta,user3671@gmail.com,,Mangalore,,2025-08-29
51,Praveen,Gupta,praveen.gupta51@gmail.com,9099362852,Hubli,Karnataka,2026-06-21
3883,Harsha,,user3883@gmail.com,6462561095,Guntur,Andhra Pradesh,
486,Ramesh,Singh,user9294@gmail.com,7981624166,Tirupati,UNKNOWN_STATE,2026-05-10
387,Rahul,Verma,rahul.verma387@gmail.com,6700500146,Warangal,Telangana,2025-11-23
675,Suresh,Naidu,suresh.naidu675@gmail.com,9043383832,Bangalore,Karnataka,2025-11-30
1351,"Mahesh,Vrk,Kalyan",Kumar,"mahesh,vrk,kalyan.kumar1351@gmail.com",7616392648,Chennai,Tamil Nadu,2026-03-18
2561,Sai,Patel,sai.patel2561@gmail.com,9845302505,Madurai,Tamil Nadu,2026-02-05
2705,Harsha,Rao,harsha.rao2705@gmail.com,7588933641,Tirupati,Andhra Pradesh,2025-09-09
4799,"Mahesh,Vrk,Kalyan",Reddy,@test,7310672812,123CITY,Maharashtra,2026-04-01
3095,Karthik,Gupta,user1955@gmail.com,8740205738,123CITY,Karnataka,2026-01-23
1107,Harsha,Yadav,harsha.yadav1107@gmail.com,9823645186,Nizamabad,Telangana,2025-07-10
1476,Varun,Verma,gmail.com,8413701047,Visakhapatnam,Andhra Pradesh,32-13-2025
3242,Rahul,Kumar,rahul.kumar3242@gmail.com,7762691368,Mysore,Karnataka,2026-03-22
183,Manoj,Kumar,manoj.kumar183@gmail.com,6851406929,Mysore,Karnataka,2026-03-18
2910,Arjun,Reddy,arjun.reddy2910@gmail.com,8968514237,Chennai,Tamil Nadu,2025-10-07
710,"Mahesh,Vrk,Kalyan",Rao,"mahesh,vrk,kalyan.rao710@gmail.com",9881295807,Chennai,Tamil Nadu,2026-03-09
3019,"Mahesh,Vrk,Kalyan",Mehta,"mahesh,vrk,kalyan.mehta3019@gmail.com",7702103321,Karimnagar,Telangana,2026-04-09
3886,Kiran,Patel,,6010040298,Nashik,Maharashtra,2025-12-30
448,Ravi,Rao,ravi.rao448@gmail.com,8179830897,Visakhapatnam,Andhra Pradesh,2025-06-27
1839,Varun,Naidu,varun.naidu1839@gmail.com,7385175014,Madurai,Tamil Nadu,2025-12-14
3790,,Kumar,,8932683716,Pune,Maharashtra,2026-05-01
980,Suresh,Naidu,suresh.naidu980@gmail.com,8320518040,Madurai,Tamil Nadu,2025-08-19
3744,,Patel,user3744@gmail.com,7061352292,Visakhapatnam,Andhra Pradesh,2025-08-01
3635,"Mahesh,Vrk,Kalyan",Rao,"mahesh,vrk,kalyan.rao3635@gmail.com",8635312218,Pune,Maharashtra,2026-05-25
1722,Ravi,Gupta,ravi.gupta1722@gmail.com,7629445624,Karimnagar,Telangana,2026-02-27
2324,Praveen,Patel,praveen.patel2324@gmail.com,9664015094,Visakhapatnam,Andhra Pradesh,2026-01-28
1366,Kiran,Singh,kiran.singh1366@gmail.com,9955124899,Coimbatore,Tamil Nadu,2025-07-02
1022,Ramesh,Verma,ramesh.verma1022@gmail.com,9785226379,Nashik,Maharashtra,2025-10-15
1934,Arjun,Kumar,arjun.kumar1934@gmail.com,8233514899,Hyderabad,Telangana,2025-09-17
396,"Mahesh,Vrk,Kalyan",Joshi,"mahesh,vrk,kalyan.joshi396@gmail.com",6613757877,Mysore,Karnataka,2026-05-29
2967,Naveen,Sharma,naveen.sharma2967@gmail.com,9163773484,Mysore,Karnataka,2025-12-03
1485,Varun,Mehta,varun.mehta1485@gmail.com,7949862896,Nizamabad,Telangana,2025-08-26
2725,Varun,Joshi,varun.joshi2725@gmail.com,8816393892,Guntur,Andhra Pradesh,2025-06-26
3499,Karthik,Rao,karthik.rao3499@gmail.com,7030615164,Karimnagar,Telangana,2026-03-31
1216,Karthik,Joshi,karthik.joshi1216@gmail.com,9386868369,Nizamabad,Telangana,2026-02-23
2343,Kiran,Reddy,kiran.reddy2343@gmail.com,6475834027,Bangalore,Karnataka,2025-08-19
551,Vikram,Gupta,vikram.gupta551@gmail.com,8562132535,Mysore,Karnataka,2025-12-12
59,Ravi,Reddy,ravi.reddy59@gmail.com,7219145828,Mangalore,Karnataka,2026-06-02
2907,Ajay,Verma,ajay.verma2907@gmail.com,6922114488,Chennai,Tamil Nadu,2026-02-24
1562,Praveen,Kumar,praveen.kumar1562@gmail.com,9728178195,Mumbai,Maharashtra,2025-09-24
829,Vikram,Kumar,vikram.kumar829@gmail.com,9372442366,Mumbai,Maharashtra,2026-03-26
146,Rahul,Verma,rahul.verma146@gmail.com,6385836535,Coimbatore,Tamil Nadu,2025-12-04
1447,Rahul,Joshi,rahul.joshi1447@gmail.com,7256380624,Bangalore,Karnataka,2026-01-01
1758,"Mahesh,Vrk,Kalyan",Naidu,"mahesh,vrk,kalyan.naidu1758@gmail.com",8901890932,Mumbai,Maharashtra,2025-12-30
587,Varun,Sharma,varun.sharma587@gmail.com,7112339745,Bangalore,Karnataka,2026-06-18
3547,Ravi,Rao,ravi.rao3547@gmail.com,9526557863,Nizamabad,Telangana,2025-10-09
1004,Arjun,Mehta,arjun.mehta1004@gmail.com,9665250233,Pune,Maharashtra,2026-05-31
1822,Varun,Gupta,user2171@gmail.com,7928832751,@@@@,Maharashtra,2026-04-29
1868,Ravi,Rao,ravi.rao1868@gmail.com,8183488129,Warangal,Telangana,2025-11-10
843,Anil,Singh,anil.singh843@gmail.com,9994866458,Hyderabad,Telangana,2025-08-24
2853,Rahul,Naidu,rahul.naidu2853@gmail.com,8403633936,Warangal,Telangana,2026-03-26
2942,Ramesh,Mehta,ramesh.mehta2942@gmail.com,9884041024,Pune,Maharashtra,2026-01-15
1624,Kiran,Singh,kiran.singh1624@gmail.com,8088348507,Nashik,Maharashtra,2025-12-19
957,Rahul,Rao,rahul.rao957@gmail.com,6487908274,Salem,Tamil Nadu,2025-07-25
1676,Sai,Kumar,sai.kumar1676@gmail.com,9810210347,Nagpur,Maharashtra,2026-02-16
3347,"Mahesh,Vrk,Kalyan",Singh,"mahesh,vrk,kalyan.singh3347@gmail.com",6716471164,Visakhapatnam,Andhra Pradesh,2026-03-28
3731,Vikram,Rao,user3731@gmail.com,6209488231,Coimbatore,,2026-06-12
2579,Harsha,Reddy,harsha.reddy2579@gmail.com,8909662577,Visakhapatnam,Andhra Pradesh,2026-06-07
3372,Sai,Patel,sai.patel3372@gmail.com,9562170702,Warangal,Telangana,2025-09-13
1325,Rahul,Yadav,rahul.yadav1325@gmail.com,6020639061,Guntur,Andhra Pradesh,2026-03-06
1237,Arjun,Reddy,arjun.reddy1237@gmail.com,7516823966,Guntur,Andhra Pradesh,2026-03-19
2752,Anil,Verma,anil.verma2752@gmail.com,9038522318,Chennai,Tamil Nadu,2026-05-05
137,Praveen,Gupta,praveen.gupta137@gmail.com,8147638966,Guntur,Andhra Pradesh,2025-07-18
1057,Arjun,Reddy,arjun.reddy1057@gmail.com,9158833603,Coimbatore,Tamil Nadu,2026-01-17
2936,Naveen,Verma,naveen.verma2936@gmail.com,7744929447,Hubli,Karnataka,2026-05-20
651,Manoj,Reddy,manoj.reddy651@gmail.com,9338412731,Visakhapatnam,Andhra Pradesh,2025-08-10
2472,Ravi,Naidu,ravi.naidu2472@gmail.com,9564953155,Tirupati,Andhra Pradesh,2026-04-14
2450,Ravi,Mehta,ravi.mehta2450@gmail.com,9006833039,Hubli,Karnataka,2026-06-03
2825,Naveen,Naidu,naveen.naidu2825@gmail.com,6218665409,Hubli,Karnataka,2025-09-27
2514,Ravi,Rao,ravi.rao2514@gmail.com,6368757205,Nizamabad,Telangana,2025-08-26
3797,Suresh,Rao,,9376134097,Nagpur,,2026-01-05
182,Varun,Reddy,varun.reddy182@gmail.com,6231802804,Nashik,Maharashtra,2026-06-16
1086,Sai,Yadav,sai.yadav1086@gmail.com,9160585285,Karimnagar,Telangana,2026-02-05
591,Karthik,Reddy,karthik.reddy591@gmail.com,6008204187,Salem,Tamil Nadu,2026-04-01
3648,Praveen,,user3648@gmail.com,,Warangal,Telangana,2025-07-13
1056,Karthik,Yadav,karthik.yadav1056@gmail.com,8559202612,Guntur,Andhra Pradesh,2026-03-25
5497,9999,Naidu,user9685@gmail.com,6540060072,Nagpur,Maharashtra,32-13-2025
2491,Suresh,Patel,suresh.patel2491@gmail.com,6198095739,Vijayawada,Andhra Pradesh,2026-01-12
3917,Praveen,Singh,,,Karimnagar,Telangana,2025-11-13
1497,Karthik,Kumar,karthik.kumar1497@gmail.com,8336111071,Warangal,Telangana,2026-04-22
1761,Rahul,Naidu,rahul.naidu1761@gmail.com,7642049254,Tirupati,Andhra Pradesh,2025-10-16
2608,Anil,Rao,anil.rao2608@gmail.com,9593580271,Hyderabad,Telangana,2026-03-18
3254,"Mahesh,Vrk,Kalyan",Joshi,"mahesh,vrk,kalyan.joshi3254@gmail.com",7103041173,Tirupati,Andhra Pradesh,2025-12-22
1819,Ramesh,Joshi,ramesh.joshi1819@gmail.com,8102421174,Bangalore,Karnataka,2025-09-04
3502,Harsha,Patel,harsha.patel3502@gmail.com,6891969809,Salem,Tamil Nadu,2025-07-28
3942,Suresh,Kumar,,9646907570,Pune,Maharashtra,2025-07-15
3196,Kiran,Patel,kiran.patel3196@gmail.com,9872705739,Chennai,Tamil Nadu,2025-07-21
758,Arjun,Patel,arjun.patel758@gmail.com,8640589542,Visakhapatnam,Andhra Pradesh,2025-11-21
663,Sai,Patel,sai.patel663@gmail.com,7116320709,Chennai,Tamil Nadu,2025-12-17
3169,Suresh,Singh,suresh.singh3169@gmail.com,6416821065,Salem,Tamil Nadu,2025-08-20
INVALID,Ramesh,Reddy,user9441@gmail.com,9558427947,123CITY,Maharashtra,2025-09-07
3995,Karthik,Yadav,user2749@gmail.com,6993888149,Madurai,123,2025-10-04
2712,Suresh,###,user5109@gmail.com,9064166739,Mangalore,123,2026-03-11
3498,Suresh,Patel,suresh.patel3498@gmail.com,6765167487,Visakhapatnam,Andhra Pradesh,2025-09-22
2577,Vikram,Gupta,vikram.gupta2577@gmail.com,7863239330,Guntur,Andhra Pradesh,2025-07-10
2756,Varun,Yadav,varun.yadav2756@gmail.com,9065025577,Mysore,Karnataka,2025-12-05
2839,Arjun,Sharma,arjun.sharma2839@gmail.com,6482026891,Tirupati,Andhra Pradesh,2025-08-25
1818,Rahul,Verma,rahul.verma1818@gmail.com,7916752316,Nashik,Maharashtra,2025-10-20
3003,Harsha,Patel,harsha.patel3003@gmail.com,8164527134,Chennai,Tamil Nadu,2026-04-11
1068,Anil,Sharma,anil.sharma1068@gmail.com,8532900022,Mysore,Karnataka,2026-01-02
1731,Suresh,Kumar,suresh.kumar1731@gmail.com,8849762962,Mumbai,Maharashtra,2026-02-02
1750,Rahul,Joshi,rahul.joshi1750@gmail.com,7823483947,Nagpur,Maharashtra,2025-09-02
1394,Vikram,Singh,vikram.singh1394@gmail.com,9915310037,Mysore,Karnataka,2026-03-22
5132,Varun,Singh,user6449@gmail.com,7642085742,Madurai,123,2025-07-02
3591,Ramesh,Rao,ramesh.rao3591@gmail.com,9903996396,Karimnagar,Telangana,2026-03-04
2999,Manoj,Kumar,manoj.kumar2999@gmail.com,7947281882,Mangalore,Karnataka,2025-11-19
795,Kiran,Yadav,kiran.yadav795@gmail.com,7010789072,Madurai,Tamil Nadu,2025-12-18
1517,Karthik,Singh,karthik.singh1517@gmail.com,6837010979,Bangalore,Karnataka,2026-05-01
1200,Arjun,Singh,user8609@gmail.com,999,Mysore,Karnataka,2099-99-99
2301,Arjun,Singh,arjun.singh2301@gmail.com,9500030875,Karimnagar,Telangana,2026-02-28
2952,Ravi,Joshi,ravi.joshi2952@gmail.com,9251547110,Guntur,Andhra Pradesh,2026-01-14
1865,Arjun,Naidu,arjun.naidu1865@gmail.com,6702927784,Pune,Maharashtra,2025-12-07
3161,Vikram,Joshi,vikram.joshi3161@gmail.com,9608406028,Visakhapatnam,Andhra Pradesh,2026-01-18
622,Naveen,Sharma,naveen.sharma622@gmail.com,9909048873,Coimbatore,Tamil Nadu,2026-05-07
4150,Harsha,Patel,user4150@gmail.com,6636573876,Warangal,,
1252,Manoj,Gupta,manoj.gupta1252@gmail.com,8089774453,Salem,Tamil Nadu,2026-01-11
2121,Anil,Rao,anil.rao2121@gmail.com,6633845169,Madurai,Tamil Nadu,2025-09-07
3930,Harsha,Patel,user4244@gmail.com,7654268226,@@@@,Karnataka,2025-07-18
3435,Vikram,Verma,vikram.verma3435@gmail.com,9852828635,Madurai,Tamil Nadu,2026-02-25
5974,Karthik,Sharma,user9673@gmail.com,7558334575,Warangal,123,32-13-2025
1295,Vikram,Gupta,vikram.gupta1295@gmail.com,9494347583,Mangalore,Karnataka,2025-06-29
2003,Rahul,Sharma,rahul.sharma2003@gmail.com,9724722039,Visakhapatnam,Andhra Pradesh,2026-04-28
683,Varun,Gupta,varun.gupta683@gmail.com,7610313830,Salem,Tamil Nadu,2026-05-02
1878,Varun,Naidu,user6951@gmail.com,7956371461,123CITY,Telangana,2099-99-99
2973,Ramesh,Verma,ramesh.verma2973@gmail.com,6559258040,Karimnagar,Telangana,2025-11-15
1472,Ravi,Naidu,ravi.naidu1472@gmail.com,9176002400,Vijayawada,Andhra Pradesh,2026-06-15
444,Vikram,Naidu,vikram.naidu444@gmail.com,8574142657,Chennai,Tamil Nadu,2026-03-10
1709,Ramesh,Mehta,ramesh.mehta1709@gmail.com,7558617020,Coimbatore,Tamil Nadu,2025-08-24
3959,Kiran,Kumar,,6481496698,Coimbatore,Tamil Nadu,2025-07-23
3101,Harsha,Sharma,harsha.sharma3101@gmail.com,6313738481,Nagpur,Maharashtra,2025-12-30
876,"Mahesh,Vrk,Kalyan",Patel,"mahesh,vrk,kalyan.patel876@gmail.com",9151062355,Pune,Maharashtra,2026-01-04
3067,Naveen,Sharma,naveen.sharma3067@gmail.com,7336612590,Warangal,Telangana,2025-08-19
3417,Kiran,Rao,user9056@gmail.com,999,Salem,UNKNOWN_STATE,2026-05-03
2026,Ajay,Sharma,ajay.sharma2026@gmail.com,9093440051,Madurai,Tamil Nadu,2026-03-13
2370,Karthik,Kumar,karthik.kumar2370@gmail.com,6246201466,Bangalore,Karnataka,2026-04-21
298,Varun,Rao,varun.rao298@gmail.com,8775696910,Coimbatore,Tamil Nadu,2025-07-02
391,Naveen,Singh,user4116@gmail.com,999,Mumbai,Maharashtra,2025-07-25
3725,Varun,Reddy,user3725@gmail.com,,Nagpur,Maharashtra,
3557,Ravi,Kumar,ravi.kumar3557@gmail.com,7026830309,Salem,Tamil Nadu,2026-04-02
3224,Arjun,Patel,arjun.patel3224@gmail.com,6701086612,Mumbai,Maharashtra,2025-07-17
1848,Rahul,Patel,rahul.patel1848@gmail.com,9485652268,Karimnagar,Telangana,2025-08-29
3099,"Mahesh,Vrk,Kalyan",Sharma,"mahesh,vrk,kalyan.sharma3099@gmail.com",8916255545,Hubli,Karnataka,2026-03-20
4186,Harsha,Joshi,abc@,9925608351,Tirupati,Andhra Pradesh,2025-10-21
3424,Karthik,Singh,karthik.singh3424@gmail.com,6150120999,Tirupati,Andhra Pradesh,2025-07-06
655,Ramesh,Verma,ramesh.verma655@gmail.com,6435970765,Hubli,Karnataka,2025-09-26
1033,"Mahesh,Vrk,Kalyan",Naidu,user5979@gmail.com,123,Guntur,Andhra Pradesh,NOT_A_DATE
3069,"Mahesh,Vrk,Kalyan",Joshi,"mahesh,vrk,kalyan.joshi3069@gmail.com",8472155736,Coimbatore,Tamil Nadu,2026-03-20
2314,Rahul,Kumar,rahul.kumar2314@gmail.com,7038777690,Hubli,Karnataka,2025-11-01
2143,"Mahesh,Vrk,Kalyan",Gupta,"mahesh,vrk,kalyan.gupta2143@gmail.com",6396002477,Tirupati,Andhra Pradesh,2025-10-20
1914,Varun,Patel,varun.patel1914@gmail.com,9851964787,Karimnagar,Telangana,2026-03-08
3482,Ramesh,Rao,ramesh.rao3482@gmail.com,6832361864,Warangal,Telangana,2026-05-29
3382,Ajay,Joshi,ajay.joshi3382@gmail.com,9775959287,Pune,Maharashtra,2026-03-16
3569,Ramesh,###,user9104@gmail.com,9924635681,9999,Telangana,2025-09-18
3608,Kiran,Kumar,kiran.kumar3608@gmail.com,6041878426,Tirupati,Andhra Pradesh,2025-10-19
255,Vikram,Mehta,vikram.mehta255@gmail.com,6581778251,Nagpur,Maharashtra,2026-05-17
1636,Arjun,Gupta,arjun.gupta1636@gmail.com,9030094552,Guntur,Andhra Pradesh,2026-05-13
2680,@@@@,Reddy,user7643@gmail.com,6254130943,Salem,Tamil Nadu,2026-01-31
941,Kiran,Mehta,user3712@gmail.com,6249468327,Pune,Maharashtra,2099-99-99
1390,Naveen,Patel,naveen.patel1390@gmail.com,8412094808,Salem,Tamil Nadu,2025-11-13
109,Manoj,Yadav,manoj.yadav109@gmail.com,8844292656,Salem,Tamil Nadu,2026-02-15
3191,Praveen,Rao,praveen.rao3191@gmail.com,7467718250,Tirupati,Andhra Pradesh,2026-03-08
69,Ravi,Sharma,ravi.sharma69@gmail.com,7508868479,Hyderabad,Telangana,2026-01-31
353,Karthik,Singh,karthik.singh353@gmail.com,6358701028,Karimnagar,Telangana,2025-08-30
1492,Kiran,Gupta,kiran.gupta1492@gmail.com,6005165005,Visakhapatnam,Andhra Pradesh,2026-04-03
2854,Naveen,Rao,naveen.rao2854@gmail.com,9443837047,Vijayawada,Andhra Pradesh,2026-06-02
1262,Ramesh,Joshi,ramesh.joshi1262@gmail.com,6961469461,Nagpur,Maharashtra,2026-05-13
995,Arjun,Joshi,arjun.joshi995@gmail.com,9604921779,Salem,Tamil Nadu,2026-06-06
3681,Harsha,Naidu,user3681@gmail.com,9425514319,,Telangana,2026-01-11
1243,Praveen,Sharma,praveen.sharma1243@gmail.com,8435934596,Nizamabad,Telangana,2025-11-16
133,Praveen,Sharma,praveen.sharma133@gmail.com,7710803689,Madurai,Tamil Nadu,2025-06-24
934,Karthik,Joshi,karthik.joshi934@gmail.com,6706994909,Vijayawada,Andhra Pradesh,2026-02-02
2833,Karthik,Patel,karthik.patel2833@gmail.com,6427695062,Hyderabad,Telangana,2026-03-11
992,Naveen,Patel,naveen.patel992@gmail.com,8851342185,Hyderabad,Telangana,2026-02-11
890,Manoj,Patel,manoj.patel890@gmail.com,8881494078,Guntur,Andhra Pradesh,2026-01-03
2591,"Mahesh,Vrk,Kalyan",Reddy,"mahesh,vrk,kalyan.reddy2591@gmail.com",6029890158,Chennai,Tamil Nadu,2025-12-01
821,Arjun,Kumar,arjun.kumar821@gmail.com,7228270367,Tirupati,Andhra Pradesh,2025-07-06
1726,Arjun,Patel,arjun.patel1726@gmail.com,8361874832,Mumbai,Maharashtra,2025-10-19
1078,Ravi,Naidu,ravi.naidu1078@gmail.com,9438306670,Salem,Tamil Nadu,2025-06-24
2516,Karthik,Mehta,karthik.mehta2516@gmail.com,9846801200,Guntur,Andhra Pradesh,2025-12-09
342,Ramesh,Singh,ramesh.singh342@gmail.com,7697948134,Nizamabad,Telangana,2025-09-30
38,Naveen,Singh,naveen.singh38@gmail.com,8719797354,Madurai,Tamil Nadu,2026-03-13
1918,Manoj,Rao,manoj.rao1918@gmail.com,6544361769,Guntur,Andhra Pradesh,2025-11-16
819,Ramesh,Patel,ramesh.patel819@gmail.com,6106067882,Hyderabad,Telangana,2026-03-15
2791,Karthik,Joshi,karthik.joshi2791@gmail.com,8449252899,Mangalore,Karnataka,2025-06-29
1771,Varun,Sharma,varun.sharma1771@gmail.com,9113118537,Nagpur,Maharashtra,2025-10-15
824,Ramesh,Singh,ramesh.singh824@gmail.com,9719518426,Vijayawada,Andhra Pradesh,2026-04-22
1859,Anil,Yadav,anil.yadav1859@gmail.com,6490533992,Vijayawada,Andhra Pradesh,2026-03-07
1031,Anil,Gupta,anil.gupta1031@gmail.com,8968430034,Bangalore,Karnataka,2026-06-09
4096,Manoj,,,9262540674,Visakhapatnam,Andhra Pradesh,2025-07-22
3428,Ravi,Verma,ravi.verma3428@gmail.com,7089000736,Salem,Tamil Nadu,2025-10-21
1583,Harsha,NULL,user8212@gmail.com,123,Chennai,Tamil Nadu,2025-11-17
4060,,,user4060@gmail.com,8152444033,Guntur,Andhra Pradesh,2025-11-24
2882,Harsha,Joshi,harsha.joshi2882@gmail.com,7454566788,Madurai,Tamil Nadu,2026-02-17
3844,Sai,Mehta,user2263@gmail.com,6976016074,Karimnagar,UNKNOWN_STATE,2025-12-04
2751,Sai,Singh,sai.singh2751@gmail.com,6764387053,Nizamabad,Telangana,2026-01-25
222,Arjun,Sharma,arjun.sharma222@gmail.com,6679466812,Nizamabad,Telangana,2025-10-20
2822,Harsha,Kumar,harsha.kumar2822@gmail.com,7445213432,Visakhapatnam,Andhra Pradesh,2025-10-03
2287,"Mahesh,Vrk,Kalyan",Mehta,"mahesh,vrk,kalyan.mehta2287@gmail.com",6688201634,Visakhapatnam,Andhra Pradesh,2026-03-06
3980,Vikram,Kumar,user3980@gmail.com,6770448725,Hyderabad,Telangana,
4081,Ravi,,user4081@gmail.com,6058951042,Pune,,2025-07-27
692,Ajay,Patel,ajay.patel692@gmail.com,7469044095,Nashik,Maharashtra,2025-07-01
2016,Kiran,Sharma,kiran.sharma2016@gmail.com,8599076689,Chennai,Tamil Nadu,2026-03-16
3712,Ravi,Rao,user3712@gmail.com,,Chennai,Tamil Nadu,
1967,Vikram,Rao,vikram.rao1967@gmail.com,7737629776,Guntur,Andhra Pradesh,2025-09-27
3103,Suresh,Yadav,suresh.yadav3103@gmail.com,8850407560,Vijayawada,Andhra Pradesh,2026-01-15
4400,Ravi,Naidu,user4147@gmail.com,6943738701,Warangal,Telangana,2099-99-99
3294,Ajay,Rao,ajay.rao3294@gmail.com,8375035570,Nizamabad,Telangana,2026-04-25
ABC123,Praveen,Singh,user7061@gmail.com,8542671122,Karimnagar,Telangana,2099-99-99
973,Arjun,Sharma,arjun.sharma973@gmail.com,7583672286,Nagpur,Maharashtra,2026-05-28
3296,Karthik,Yadav,karthik.yadav3296@gmail.com,8807526835,Madurai,Tamil Nadu,2025-11-20
341,Kiran,Mehta,kiran.mehta341@gmail.com,8694717151,Visakhapatnam,Andhra Pradesh,2025-09-23
INVALID,"Mahesh,Vrk,Kalyan",Sharma,user7122@gmail.com,9990921383,Mumbai,Maharashtra,2025-06-26
2623,Harsha,Sharma,harsha.sharma2623@gmail.com,9057174848,Mumbai,Maharashtra,2026-05-12
1194,Ravi,Kumar,ravi.kumar1194@gmail.com,8711726722,Mangalore,Karnataka,2025-12-05
2668,Sai,Verma,sai.verma2668@gmail.com,6849226320,Nashik,Maharashtra,2025-12-20
632,Arjun,Naidu,arjun.naidu632@gmail.com,8635840020,Tirupati,Andhra Pradesh,2025-12-07
1083,Sai,Verma,sai.verma1083@gmail.com,9029699049,Madurai,Tamil Nadu,2025-12-11
3328,"Mahesh,Vrk,Kalyan",Rao,"mahesh,vrk,kalyan.rao3328@gmail.com",7387219558,Mysore,Karnataka,2026-06-21
619,Manoj,Gupta,manoj.gupta619@gmail.com,9257550283,Mysore,Karnataka,2026-03-15
256,Ravi,Yadav,ravi.yadav256@gmail.com,6559832679,Hyderabad,Telangana,2026-06-08
397,Arjun,NULL,abc@,6628607740,Nagpur,Maharashtra,2026-03-13
1060,Varun,Gupta,varun.gupta1060@gmail.com,8353325891,Pune,Maharashtra,2026-06-21
1575,Ramesh,Mehta,ramesh.mehta1575@gmail.com,6179827592,Warangal,Telangana,2025-08-30
676,Sai,Patel,sai.patel676@gmail.com,8753075945,Guntur,Andhra Pradesh,2026-06-05
1256,Suresh,Patel,suresh.patel1256@gmail.com,6226952504,Visakhapatnam,Andhra Pradesh,2025-07-10
1539,Manoj,Kumar,user9464@gmail.com,7649800919,Nashik,123,2026-02-03
2069,Arjun,Sharma,arjun.sharma2069@gmail.com,8874787332,Nashik,Maharashtra,2025-08-15
1194,Ravi,Kumar,ravi.kumar1194@gmail.com,8711726722,Mangalore,Karnataka,2025-12-05
188,Praveen,Reddy,praveen.reddy188@gmail.com,9359004984,Nagpur,Maharashtra,2026-03-09
2373,Manoj,Sharma,manoj.sharma2373@gmail.com,7178439429,Nagpur,Maharashtra,2025-10-04
5839,Ajay,Gupta,user1330@gmail.com,8712523905,Hubli,UNKNOWN_STATE,2026-01-01
389,Ravi,Mehta,ravi.mehta389@gmail.com,8207945252,Hyderabad,Telangana,2026-02-05
1968,"Mahesh,Vrk,Kalyan",Reddy,"mahesh,vrk,kalyan.reddy1968@gmail.com",7175500665,Coimbatore,Tamil Nadu,2025-08-12
1146,Manoj,Kumar,manoj.kumar1146@gmail.com,8941649080,Karimnagar,Telangana,2026-06-07
3380,Vikram,Rao,vikram.rao3380@gmail.com,9359608080,Mysore,Karnataka,2026-05-27
3017,Arjun,Gupta,arjun.gupta3017@gmail.com,7249506575,Hubli,Karnataka,2026-02-02
2848,Arjun,Mehta,arjun.mehta2848@gmail.com,8907818851,Mysore,Karnataka,2026-04-30
88,Anil,Naidu,anil.naidu88@gmail.com,9292316573,Warangal,Telangana,2026-04-09
3256,Karthik,Naidu,karthik.naidu3256@gmail.com,6995880754,Guntur,Andhra Pradesh,2026-04-08
838,Praveen,Patel,praveen.patel838@gmail.com,6199370751,Vijayawada,Andhra Pradesh,2025-12-02
854,Anil,Reddy,anil.reddy854@gmail.com,9010770627,Visakhapatnam,Andhra Pradesh,2026-04-27
4065,Anil,,user4065@gmail.com,8873866546,Guntur,Andhra Pradesh,2026-03-22
304,Ajay,Patel,ajay.patel304@gmail.com,8904576393,Mangalore,Karnataka,2026-04-10
745,Rahul,Rao,rahul.rao745@gmail.com,7149640581,Nagpur,Maharashtra,2026-04-26
2518,Kiran,Joshi,kiran.joshi2518@gmail.com,6017295326,Madurai,Tamil Nadu,2025-08-18
3083,Ajay,Gupta,ajay.gupta3083@gmail.com,9672539717,Mysore,Karnataka,2025-08-19
3244,"Mahesh,Vrk,Kalyan",Mehta,"mahesh,vrk,kalyan.mehta3244@gmail.com",8671091585,Nizamabad,Telangana,2026-02-02
172,Ajay,Naidu,ajay.naidu172@gmail.com,7609424316,Mumbai,Maharashtra,2026-02-21
635,Anil,Naidu,anil.naidu635@gmail.com,7565098638,Hyderabad,Telangana,2025-12-28
2632,Rahul,Patel,rahul.patel2632@gmail.com,7196846752,Pune,Maharashtra,2026-03-13
937,Naveen,Singh,naveen.singh937@gmail.com,6815909415,Mangalore,Karnataka,2025-10-22
1428,Vikram,Gupta,vikram.gupta1428@gmail.com,6202470683,Vijayawada,Andhra Pradesh,2026-03-19
3247,Suresh,Gupta,suresh.gupta3247@gmail.com,6677895371,Nizamabad,Telangana,2026-03-16
4067,Suresh,Joshi,user4067@gmail.com,,Coimbatore,,2026-01-24
681,Sai,Verma,sai.verma681@gmail.com,9878179920,Madurai,Tamil Nadu,2025-09-21
2526,Suresh,Yadav,suresh.yadav2526@gmail.com,6157884618,Mumbai,Maharashtra,2026-05-23
2466,"Mahesh,Vrk,Kalyan",Yadav,"mahesh,vrk,kalyan.yadav2466@gmail.com",6931677202,Hyderabad,Telangana,2025-12-12
1334,Harsha,Yadav,harsha.yadav1334@gmail.com,7848674076,Pune,Maharashtra,2025-10-19
1497,Karthik,Kumar,karthik.kumar1497@gmail.com,8336111071,Warangal,Telangana,2026-04-22
3293,Vikram,Singh,vikram.singh3293@gmail.com,9124262271,Chennai,Tamil Nadu,2025-11-12
162,Vikram,Yadav,vikram.yadav162@gmail.com,6847148134,Nagpur,Maharashtra,2026-04-08
1041,Arjun,Patel,arjun.patel1041@gmail.com,7743322125,Mysore,Karnataka,2025-10-15
3210,Arjun,Reddy,arjun.reddy3210@gmail.com,9278838325,Mangalore,Karnataka,2025-09-15
3601,Praveen,Sharma,praveen.sharma3601@gmail.com,6670115179,Hyderabad,Telangana,2025-09-08
ABC123,Varun,Joshi,user1912@gmail.com,8292304137,Nizamabad,Telangana,2099-99-99
4144,Anil,Rao,user4144@gmail.com,9127043209,,,2025-11-06
1811,Sai,Mehta,sai.mehta1811@gmail.com,6744043400,Mumbai,Maharashtra,2025-11-16
1697,Naveen,Joshi,naveen.joshi1697@gmail.com,7846533867,Hubli,Karnataka,2025-10-26
3073,Vikram,Kumar,vikram.kumar3073@gmail.com,7735544314,Chennai,Tamil Nadu,2026-03-26
1463,Ramesh,Rao,ramesh.rao1463@gmail.com,7962466206,Visakhapatnam,Andhra Pradesh,2026-03-30
750,Ajay,Rao,ajay.rao750@gmail.com,9937186106,Karimnagar,Telangana,2025-09-01
4183,Ramesh,Mehta,user9172@gmail.com,9054605221,@@@@,Telangana,32-13-2025
2553,Varun,Sharma,varun.sharma2553@gmail.com,7729677375,Visakhapatnam,Andhra Pradesh,2025-11-17
2119,Praveen,Mehta,praveen.mehta2119@gmail.com,8190944900,Nizamabad,Telangana,2026-05-08
828,Manoj,Naidu,manoj.naidu828@gmail.com,7214194447,Chennai,Tamil Nadu,2025-10-28
1619,Anil,Gupta,anil.gupta1619@gmail.com,7747160255,Visakhapatnam,Andhra Pradesh,2026-05-23
1870,"Mahesh,Vrk,Kalyan",Patel,"mahesh,vrk,kalyan.patel1870@gmail.com",8861797555,Coimbatore,Tamil Nadu,2025-11-15
1444,Kiran,Gupta,kiran.gupta1444@gmail.com,8757582896,Guntur,Andhra Pradesh,2025-10-02
ABC123,Praveen,Yadav,user9477@gmail.com,PHONE,Hyderabad,Telangana,2025-09-01
2168,Ravi,Mehta,ravi.mehta2168@gmail.com,8037691388,Nizamabad,Telangana,2025-10-21
5455,Manoj,Joshi,user680@gmail.com,9143030564,Visakhapatnam,Andhra Pradesh,2099-99-99
944,Suresh,Gupta,suresh.gupta944@gmail.com,9200476653,Chennai,Tamil Nadu,2026-04-24
1316,Arjun,Rao,arjun.rao1316@gmail.com,6718498925,Nagpur,Maharashtra,2026-01-25
1753,Praveen,Naidu,praveen.naidu1753@gmail.com,9635150563,Nizamabad,Telangana,2025-09-04
906,Arjun,Reddy,arjun.reddy906@gmail.com,6174147827,Chennai,Tamil Nadu,2025-08-25
2301,Arjun,Singh,arjun.singh2301@gmail.com,9500030875,Karimnagar,Telangana,2026-02-28
3602,9999,Patel,user7170@gmail.com,9845735213,Mumbai,UNKNOWN_STATE,2025-07-20
2429,Suresh,Joshi,suresh.joshi2429@gmail.com,8351811259,Visakhapatnam,Andhra Pradesh,2025-11-14
2764,Harsha,Rao,harsha.rao2764@gmail.com,9380744469,Mumbai,Maharashtra,2026-04-08
1184,Arjun,Yadav,arjun.yadav1184@gmail.com,7769164201,Bangalore,Karnataka,2025-10-31
44,Rahul,Singh,rahul.singh44@gmail.com,7751344249,Warangal,Telangana,2025-08-14
3971,Vikram,Verma,user3971@gmail.com,6416242363,Pune,Maharashtra,
903,Rahul,Singh,rahul.singh903@gmail.com,7924803495,Nizamabad,Telangana,2026-05-03
1982,Rahul,Yadav,rahul.yadav1982@gmail.com,9582499778,Pune,Maharashtra,2025-08-21
497,Sai,Rao,sai.rao497@gmail.com,9035701443,Chennai,Tamil Nadu,2026-01-21
3861,Manoj,,user3861@gmail.com,,Tirupati,Andhra Pradesh,2025-09-02
1983,Suresh,Naidu,suresh.naidu1983@gmail.com,9191780244,Warangal,Telangana,2025-09-08
909,Sai,Mehta,sai.mehta909@gmail.com,8000631673,Mumbai,Maharashtra,2026-03-09
1724,Naveen,Joshi,naveen.joshi1724@gmail.com,8984704639,Madurai,Tamil Nadu,2025-10-18
2044,Kiran,Verma,kiran.verma2044@gmail.com,9719981373,Hyderabad,Telangana,2025-12-09
2336,Naveen,Yadav,naveen.yadav2336@gmail.com,6053324050,Bangalore,Karnataka,2025-11-25
1941,Praveen,Rao,praveen.rao1941@gmail.com,6550430086,Nizamabad,Telangana,2026-06-20
2240,Suresh,Sharma,suresh.sharma2240@gmail.com,8556948167,Mumbai,Maharashtra,2025-11-05
3510,Arjun,Reddy,arjun.reddy3510@gmail.com,7816372191,Guntur,Andhra Pradesh,2025-10-05
1916,Harsha,Sharma,harsha.sharma1916@gmail.com,6881541726,Pune,Maharashtra,2025-06-28
4020,"Mahesh,Vrk,Kalyan",Singh,user4020@gmail.com,,,Andhra Pradesh,2026-01-03
3273,Sai,Rao,sai.rao3273@gmail.com,6734988178,Coimbatore,Tamil Nadu,2025-09-11
3709,Kiran,Sharma,user3709@gmail.com,,Tirupati,Andhra Pradesh,
1908,Naveen,Kumar,naveen.kumar1908@gmail.com,8092985891,Nashik,Maharashtra,2025-06-30
1877,Harsha,Mehta,harsha.mehta1877@gmail.com,6701376070,Nashik,Maharashtra,2026-05-17
628,"Mahesh,Vrk,Kalyan",Sharma,"mahesh,vrk,kalyan.sharma628@gmail.com",9259480052,Bangalore,Karnataka,2026-02-15
430,@@@@,Gupta,user8843@gmail.com,8314276377,Tirupati,Andhra Pradesh,2099-99-99
3141,Manoj,Reddy,manoj.reddy3141@gmail.com,6320480617,Karimnagar,Telangana,2026-05-01
2991,Karthik,Sharma,karthik.sharma2991@gmail.com,6587468974,Vijayawada,Andhra Pradesh,2026-05-30
556,9999,Gupta,user3927@gmail.com,123,Chennai,Tamil Nadu,2026-03-01
3625,Manoj,Yadav,manoj.yadav3625@gmail.com,8994275602,Chennai,Tamil Nadu,2025-12-11
2642,Karthik,Mehta,karthik.mehta2642@gmail.com,7466808255,Nagpur,Maharashtra,2025-09-13
2451,Ravi,Kumar,user1102@gmail.com,PHONE,Nagpur,###,2025-09-29
1180,Suresh,Rao,suresh.rao1180@gmail.com,8550714167,Chennai,Tamil Nadu,2025-08-17
670,Ajay,Patel,ajay.patel670@gmail.com,9019212454,Karimnagar,Telangana,2026-02-17
3443,Manoj,Rao,manoj.rao3443@gmail.com,7922067013,Visakhapatnam,Andhra Pradesh,2025-12-17
898,Suresh,Mehta,suresh.mehta898@gmail.com,8844836002,Madurai,Tamil Nadu,2026-03-11
3208,Kiran,Patel,kiran.patel3208@gmail.com,7883405773,Tirupati,Andhra Pradesh,2025-09-26
2728,Kiran,Sharma,kiran.sharma2728@gmail.com,8796336002,Chennai,Tamil Nadu,2026-06-23
3456,Suresh,Singh,suresh.singh3456@gmail.com,7645635116,Bangalore,Karnataka,2025-12-08
2986,Ramesh,Naidu,ramesh.naidu2986@gmail.com,9450703281,Guntur,Andhra Pradesh,2025-08-09
1847,Ajay,Gupta,ajay.gupta1847@gmail.com,7392832622,Salem,Tamil Nadu,2026-04-30
2089,Suresh,Mehta,suresh.mehta2089@gmail.com,8818383777,Chennai,Tamil Nadu,2026-05-14
715,Suresh,Mehta,suresh.mehta715@gmail.com,6393413990,Guntur,Andhra Pradesh,2026-04-16
1556,Sai,Yadav,sai.yadav1556@gmail.com,9761876103,Vijayawada,Andhra Pradesh,2025-08-15
4472,Rahul,Naidu,user2299@gmail.com,7882583751,Mumbai,###,32-13-2025
1289,Kiran,Singh,kiran.singh1289@gmail.com,7857623860,Guntur,Andhra Pradesh,2025-08-21
1943,Praveen,Yadav,praveen.yadav1943@gmail.com,8406306229,Nagpur,Maharashtra,2025-10-08
2707,Anil,Sharma,anil.sharma2707@gmail.com,6784607784,Madurai,Tamil Nadu,2025-07-29
5586,Karthik,Reddy,user6301@gmail.com,9457295673,Warangal,UNKNOWN_STATE,2025-09-11
2117,Harsha,Reddy,harsha.reddy2117@gmail.com,7351993819,Nagpur,Maharashtra,2026-01-16
3634,Sai,Singh,sai.singh3634@gmail.com,8184773562,Salem,Tamil Nadu,2026-03-03
725,Harsha,Sharma,harsha.sharma725@gmail.com,9911094015,Warangal,Telangana,2026-01-01
2568,Suresh,Mehta,suresh.mehta2568@gmail.com,9728365464,Hubli,Karnataka,2025-10-28
2324,Anil,Gupta,user7881@gmail.com,8546264518,Bangalore,123,2025-07-19
2443,Sai,Patel,sai.patel2443@gmail.com,8649940937,Mangalore,Karnataka,2025-11-30
3776,Ramesh,Kumar,,9422322866,Visakhapatnam,Andhra Pradesh,2026-04-23
237,Suresh,Rao,suresh.rao237@gmail.com,9594407182,Tirupati,Andhra Pradesh,2026-01-17
ABC123,Karthik,Patel,user1803@gmail.com,6729869324,Hubli,Karnataka,2026-05-28
281,"Mahesh,Vrk,Kalyan",Sharma,"mahesh,vrk,kalyan.sharma281@gmail.com",9120785404,Madurai,Tamil Nadu,2026-05-20
2638,Ramesh,Mehta,ramesh.mehta2638@gmail.com,7253903052,Visakhapatnam,Andhra Pradesh,2025-07-16
312,Varun,Verma,varun.verma312@gmail.com,6661626318,Mysore,Karnataka,2025-12-20
4111,,Yadav,user4111@gmail.com,9408625023,,Telangana,2025-10-25
1057,Arjun,Reddy,arjun.reddy1057@gmail.com,9158833603,Coimbatore,Tamil Nadu,2026-01-17
2763,Vikram,Patel,vikram.patel2763@gmail.com,7465776281,Hyderabad,Telangana,2026-03-07
2730,Suresh,Yadav,suresh.yadav2730@gmail.com,8816922677,Warangal,Telangana,2026-01-26
2382,Ravi,Verma,ravi.verma2382@gmail.com,9824623569,Vijayawada,Andhra Pradesh,2025-11-06
25,Manoj,Patel,manoj.patel25@gmail.com,6375328415,Salem,Tamil Nadu,2026-05-27
3984,,Singh,,7642771458,Chennai,Tamil Nadu,2026-01-28
3317,Vikram,Gupta,vikram.gupta3317@gmail.com,6071492678,Salem,Tamil Nadu,2025-09-15
2653,Suresh,Verma,suresh.verma2653@gmail.com,8027184923,Visakhapatnam,Andhra Pradesh,2026-03-09
2346,Suresh,Naidu,suresh.naidu2346@gmail.com,6753783968,Karimnagar,Telangana,2026-02-03
3130,Arjun,Verma,arjun.verma3130@gmail.com,8821580027,Salem,Tamil Nadu,2025-10-22
3692,"Mahesh,Vrk,Kalyan",Kumar,user3692@gmail.com,9961760194,,Telangana,2026-02-15
3721,Suresh,Rao,user3721@gmail.com,9456568303,Tirupati,,2025-09-08
3474,"Mahesh,Vrk,Kalyan",Yadav,"mahesh,vrk,kalyan.yadav3474@gmail.com",6796380863,Nashik,Maharashtra,2026-01-14
1691,Praveen,Reddy,praveen.reddy1691@gmail.com,9021165626,Salem,Tamil Nadu,2026-02-04
2433,Suresh,Kumar,suresh.kumar2433@gmail.com,7969798173,Nagpur,Maharashtra,2025-09-13
1565,Praveen,Joshi,praveen.joshi1565@gmail.com,8179945106,Warangal,Telangana,2026-02-21
3566,Arjun,Sharma,arjun.sharma3566@gmail.com,8932473383,Guntur,Andhra Pradesh,2026-04-17
2350,Suresh,Kumar,suresh.kumar2350@gmail.com,8828876197,Mumbai,Maharashtra,2026-02-15
1066,Suresh,Reddy,suresh.reddy1066@gmail.com,7712342953,Nizamabad,Telangana,2025-09-16
2760,"Mahesh,Vrk,Kalyan",Verma,"mahesh,vrk,kalyan.verma2760@gmail.com",6703629151,Karimnagar,Telangana,2025-06-24
3272,Suresh,Joshi,suresh.joshi3272@gmail.com,9304954122,Warangal,Telangana,2025-12-09
49,Karthik,Rao,karthik.rao49@gmail.com,7181054438,Warangal,Telangana,2025-11-08
894,"Mahesh,Vrk,Kalyan",Gupta,"mahesh,vrk,kalyan.gupta894@gmail.com",7330293339,Chennai,Tamil Nadu,2026-05-19
1984,Kiran,Rao,kiran.rao1984@gmail.com,6951386061,Guntur,Andhra Pradesh,2026-05-09
468,Vikram,Naidu,vikram.naidu468@gmail.com,8393551022,Salem,Tamil Nadu,2026-04-22
1151,Naveen,Reddy,naveen.reddy1151@gmail.com,9269074769,Tirupati,Andhra Pradesh,2026-05-25
2306,Varun,Naidu,varun.naidu2306@gmail.com,9792849988,Karimnagar,Telangana,2026-04-09
3946,Anil,Verma,user3946@gmail.com,9485795864,,Maharashtra,2025-09-15
2392,Manoj,Gupta,manoj.gupta2392@gmail.com,6061953505,Karimnagar,Telangana,2026-05-19
1330,Harsha,Singh,harsha.singh1330@gmail.com,9315305129,Visakhapatnam,Andhra Pradesh,2025-09-04
2361,Ravi,Yadav,ravi.yadav2361@gmail.com,8822397348,Nizamabad,Telangana,2025-10-01
3938,Praveen,Naidu,user3938@gmail.com,,Karimnagar,,2026-02-25
3602,Harsha,Naidu,harsha.naidu3602@gmail.com,9349044958,Pune,Maharashtra,2026-05-20
2930,Kiran,Joshi,kiran.joshi2930@gmail.com,7890894720,Tirupati,Andhra Pradesh,2026-05-10
3054,Sai,Sharma,sai.sharma3054@gmail.com,9292037436,Mangalore,Karnataka,2026-06-08
632,Arjun,Naidu,arjun.naidu632@gmail.com,8635840020,Tirupati,Andhra Pradesh,2025-12-07
4088,"Mahesh,Vrk,Kalyan",Sharma,user4088@gmail.com,,,Andhra Pradesh,2026-05-25
1572,Harsha,Patel,harsha.patel1572@gmail.com,6448534536,Coimbatore,Tamil Nadu,2026-05-26
2812,Suresh,Reddy,suresh.reddy2812@gmail.com,9994306383,Guntur,Andhra Pradesh,2026-04-05
2489,Manoj,Naidu,manoj.naidu2489@gmail.com,6802724077,Nizamabad,Telangana,2025-09-19
1690,"Mahesh,Vrk,Kalyan",Naidu,"mahesh,vrk,kalyan.naidu1690@gmail.com",8897304772,Coimbatore,Tamil Nadu,2026-05-17
1921,Varun,Gupta,varun.gupta1921@gmail.com,9174618387,Mangalore,Karnataka,2026-04-15
2974,Rahul,Kumar,rahul.kumar2974@gmail.com,6915144175,Warangal,Telangana,2026-04-24
1354,Arjun,Sharma,arjun.sharma1354@gmail.com,7359446671,Mangalore,Karnataka,2025-08-16
3909,Harsha,123,user8155@gmail.com,7617022961,@@@@,Karnataka,2025-11-29
2197,Sai,Reddy,sai.reddy2197@gmail.com,8971407852,Guntur,Andhra Pradesh,2026-06-15
2248,Suresh,Joshi,suresh.joshi2248@gmail.com,7516888425,Nagpur,Maharashtra,2026-01-25
3647,Varun,,,6029121661,Nashik,Maharashtra,2025-11-19
3451,Anil,Rao,anil.rao3451@gmail.com,6785040445,Coimbatore,Tamil Nadu,2026-03-16
101,Naveen,Sharma,naveen.sharma101@gmail.com,9841774069,Visakhapatnam,Andhra Pradesh,2025-10-04
2123,Harsha,Yadav,harsha.yadav2123@gmail.com,9009042411,Bangalore,Karnataka,2026-04-18
3022,Suresh,Gupta,suresh.gupta3022@gmail.com,6511794549,Madurai,Tamil Nadu,2026-01-16
1971,Harsha,Patel,user6742@gmail.com,7147795703,Warangal,Telangana,32-13-2025
2996,Varun,Rao,varun.rao2996@gmail.com,7951282551,Mangalore,Karnataka,2026-02-22
2488,Ajay,Patel,ajay.patel2488@gmail.com,7740919985,Coimbatore,Tamil Nadu,2026-01-16
3579,Kiran,Reddy,kiran.reddy3579@gmail.com,6097935030,Salem,Tamil Nadu,2025-08-10
2719,Varun,Reddy,varun.reddy2719@gmail.com,6527304044,Karimnagar,Telangana,2026-05-05
1307,Rahul,Joshi,rahul.joshi1307@gmail.com,7995051540,Hubli,Karnataka,2026-06-13
1764,Vikram,Patel,vikram.patel1764@gmail.com,9384733328,Mysore,Karnataka,2026-02-02
2766,Manoj,Joshi,manoj.joshi2766@gmail.com,7652052313,Nizamabad,Telangana,2025-11-15
2115,Manoj,Naidu,manoj.naidu2115@gmail.com,9020967586,Coimbatore,Tamil Nadu,2026-06-12
3233,Sai,Singh,sai.singh3233@gmail.com,8986420376,Coimbatore,Tamil Nadu,2026-01-04
884,Harsha,Rao,user4177@gmail.com,6498304863,Guntur,###,32-13-2025
3780,Manoj,Gupta,user3780@gmail.com,,Hyderabad,,2025-10-02
3453,Ravi,Sharma,ravi.sharma3453@gmail.com,9930749482,Nashik,Maharashtra,2026-02-12
783,Karthik,Joshi,karthik.joshi783@gmail.com,9467156563,Coimbatore,Tamil Nadu,2025-11-21
3268,Harsha,Mehta,harsha.mehta3268@gmail.com,9933463190,Hubli,Karnataka,2025-06-29
2520,"Mahesh,Vrk,Kalyan",Mehta,abc@,7036806376,123CITY,Telangana,2026-05-18
2670,Karthik,Gupta,karthik.gupta2670@gmail.com,6670622143,Hyderabad,Telangana,2026-05-23
3592,Varun,Sharma,varun.sharma3592@gmail.com,7524942072,Guntur,Andhra Pradesh,2025-07-21
1707,Harsha,Kumar,harsha.kumar1707@gmail.com,7410735927,Mangalore,Karnataka,2025-12-13
4915,Ramesh,Gupta,gmail.com,9143650657,Nagpur,###,2025-11-17
1903,Rahul,Singh,rahul.singh1903@gmail.com,6227890542,Mangalore,Karnataka,2025-10-21
3892,Harsha,Rao,user3892@gmail.com,,Bangalore,Karnataka,2025-10-31
1794,Anil,Mehta,anil.mehta1794@gmail.com,9113282215,Mysore,Karnataka,2026-04-06
1166,Karthik,Sharma,karthik.sharma1166@gmail.com,7923040615,Vijayawada,Andhra Pradesh,2026-01-01
3153,Manoj,Yadav,manoj.yadav3153@gmail.com,6098233768,Nashik,Maharashtra,2025-12-30
4042,Praveen,Kumar,user4042@gmail.com,6553882428,,Karnataka,
2232,Ramesh,Patel,ramesh.patel2232@gmail.com,8653558683,Nagpur,Maharashtra,2026-05-14
2213,Anil,Reddy,anil.reddy2213@gmail.com,9895720710,Mumbai,Maharashtra,2026-02-14
3677,Ramesh,Gupta,user3677@gmail.com,6490200545,,Tamil Nadu,2025-06-29
1647,Manoj,Reddy,manoj.reddy1647@gmail.com,9387033203,Nagpur,Maharashtra,2026-03-20
826,Kiran,Rao,kiran.rao826@gmail.com,6387731925,Nagpur,Maharashtra,2025-12-07
1638,Naveen,Rao,naveen.rao1638@gmail.com,7801039286,Nizamabad,Telangana,2026-03-15
359,Manoj,Verma,manoj.verma359@gmail.com,6102376007,Mangalore,Karnataka,2025-06-25
3522,Karthik,Yadav,karthik.yadav3522@gmail.com,6379936249,Chennai,Tamil Nadu,2026-04-13
43,Varun,Kumar,varun.kumar43@gmail.com,7718811787,Nizamabad,Telangana,2025-09-30
3803,Praveen,,user3803@gmail.com,7128722342,Warangal,Telangana,2026-05-22
1168,Naveen,Kumar,naveen.kumar1168@gmail.com,9212377066,Bangalore,Karnataka,2025-11-24
158,Karthik,Yadav,karthik.yadav158@gmail.com,6686773873,Nashik,Maharashtra,2025-10-09
336,Anil,Gupta,anil.gupta336@gmail.com,7418610818,Pune,Maharashtra,2026-04-27
2259,Anil,Naidu,anil.naidu2259@gmail.com,8171521983,Nagpur,Maharashtra,2025-08-25
3879,Harsha,###,user9822@gmail.com,9984622985,Tirupati,Andhra Pradesh,2099-99-99
1754,"Mahesh,Vrk,Kalyan",Singh,"mahesh,vrk,kalyan.singh1754@gmail.com",7009302114,Tirupati,Andhra Pradesh,2026-05-11
320,Anil,Yadav,anil.yadav320@gmail.com,6921744017,Chennai,Tamil Nadu,2025-07-26
599,Ramesh,Mehta,ramesh.mehta599@gmail.com,9951340306,Hyderabad,Telangana,2025-10-15
4098,Sai,,user4098@gmail.com,9676494061,,Karnataka,2025-08-07
1222,Varun,Sharma,varun.sharma1222@gmail.com,8538949392,Tirupati,Andhra Pradesh,2025-09-17
3992,Karthik,Mehta,,7459197353,Chennai,Tamil Nadu,2026-04-17
CUST###,Suresh,Joshi,user1222@gmail.com,7433029000,123CITY,Karnataka,2026-04-20
1959,Naveen,Yadav,naveen.yadav1959@gmail.com,7255178936,Vijayawada,Andhra Pradesh,2025-09-18
1364,Anil,Singh,anil.singh1364@gmail.com,7834552827,Salem,Tamil Nadu,2026-04-29
2705,Harsha,Rao,harsha.rao2705@gmail.com,7588933641,Tirupati,Andhra Pradesh,2025-09-09
2700,Vikram,Reddy,vikram.reddy2700@gmail.com,6812635575,Nashik,Maharashtra,2025-11-06
1873,Varun,Mehta,varun.mehta1873@gmail.com,6358991569,Nizamabad,Telangana,2026-04-17
1853,Arjun,Rao,arjun.rao1853@gmail.com,6481805879,Nagpur,Maharashtra,2025-07-02
391,Vikram,Singh,vikram.singh391@gmail.com,8465198438,Visakhapatnam,Andhra Pradesh,2025-08-26
739,Ramesh,Mehta,ramesh.mehta739@gmail.com,6816540853,Mysore,Karnataka,2026-06-10
3913,Vikram,Joshi,user3913@gmail.com,7817141539,,Andhra Pradesh,2025-12-25
3888,Anil,Yadav,user3888@gmail.com,8825919721,Warangal,,
1761,Sai,Gupta,user1107@gmail.com,7766919880,Tirupati,Andhra Pradesh,NOT_A_DATE
1088,Varun,Kumar,varun.kumar1088@gmail.com,8741989606,Tirupati,Andhra Pradesh,2025-07-20
2955,Varun,Patel,varun.patel2955@gmail.com,8986873699,Warangal,Telangana,2025-10-20
1150,Manoj,Rao,manoj.rao1150@gmail.com,8144887742,Nizamabad,Telangana,2025-07-22
594,Ajay,Reddy,ajay.reddy594@gmail.com,9165459777,Visakhapatnam,Andhra Pradesh,2026-01-06
851,Ajay,Rao,ajay.rao851@gmail.com,8384360499,Visakhapatnam,Andhra Pradesh,2025-09-09
3356,Suresh,Joshi,suresh.joshi3356@gmail.com,7140116773,Salem,Tamil Nadu,2026-02-01
1242,Harsha,Kumar,harsha.kumar1242@gmail.com,6072741029,Chennai,Tamil Nadu,2025-11-19
690,Praveen,Yadav,praveen.yadav690@gmail.com,6980768587,Nagpur,Maharashtra,2025-07-04
ABC123,Ramesh,Verma,user1445@gmail.com,6804431419,Salem,Tamil Nadu,NOT_A_DATE
4142,Anil,Verma,user4142@gmail.com,,Tirupati,Andhra Pradesh,2026-02-20
1170,Vikram,Reddy,vikram.reddy1170@gmail.com,7363926496,Karimnagar,Telangana,2025-08-27
2747,Naveen,Singh,naveen.singh2747@gmail.com,8232821983,Nagpur,Maharashtra,2026-05-08
2220,Harsha,Sharma,harsha.sharma2220@gmail.com,6914288623,Warangal,Telangana,2026-04-04
1116,Kiran,Mehta,kiran.mehta1116@gmail.com,6587495866,Guntur,Andhra Pradesh,2025-07-23
1747,Suresh,Verma,suresh.verma1747@gmail.com,6360773764,Tirupati,Andhra Pradesh,2026-01-23
868,Naveen,Verma,naveen.verma868@gmail.com,6889005609,Hubli,Karnataka,2025-11-28
700,Ramesh,Sharma,ramesh.sharma700@gmail.com,8441733609,Mumbai,Maharashtra,2026-02-21
145,Harsha,Kumar,harsha.kumar145@gmail.com,9634803754,Salem,Tamil Nadu,2026-04-14
4636,Ajay,Sharma,user4416@gmail.com,9452001990,9999,Maharashtra,2025-11-28
997,Kiran,Kumar,kiran.kumar997@gmail.com,6262158473,Mangalore,Karnataka,2026-06-08
3080,Harsha,Kumar,harsha.kumar3080@gmail.com,9412993988,Guntur,Andhra Pradesh,2025-07-18
3616,"Mahesh,Vrk,Kalyan",Mehta,"mahesh,vrk,kalyan.mehta3616@gmail.com",6860864649,Nashik,Maharashtra,2025-06-27
1206,Harsha,Joshi,harsha.joshi1206@gmail.com,9738492749,Hubli,Karnataka,2026-01-17
189,Varun,Mehta,varun.mehta189@gmail.com,6458547312,Salem,Tamil Nadu,2026-05-06
1257,Ravi,Yadav,ravi.yadav1257@gmail.com,6319880513,Chennai,Tamil Nadu,2026-02-08
3450,Suresh,Joshi,suresh.joshi3450@gmail.com,8332038297,Karimnagar,Telangana,2026-05-31
3638,Varun,Gupta,varun.gupta3638@gmail.com,8712717052,Chennai,Tamil Nadu,2026-03-27
1261,Kiran,Reddy,kiran.reddy1261@gmail.com,9733897808,Pune,Maharashtra,2025-08-17
1465,Rahul,Patel,rahul.patel1465@gmail.com,7872964247,Karimnagar,Telangana,2026-05-03
3700,Karthik,Reddy,user3700@gmail.com,,Karimnagar,Telangana,
3839,Vikram,Naidu,user3839@gmail.com,7747063125,Bangalore,Karnataka,
1838,Anil,Singh,anil.singh1838@gmail.com,6131734003,Bangalore,Karnataka,2025-11-18
3540,Rahul,Rao,rahul.rao3540@gmail.com,7593674535,Madurai,Tamil Nadu,2025-11-20
210,Ramesh,Verma,ramesh.verma210@gmail.com,7879251959,Coimbatore,Tamil Nadu,2025-07-31
3736,Harsha,Naidu,user3736@gmail.com,,,Karnataka,2026-01-03
446,"Mahesh,Vrk,Kalyan",Yadav,"mahesh,vrk,kalyan.yadav446@gmail.com",6916202010,Hyderabad,Telangana,2025-10-28
3122,Ramesh,Patel,ramesh.patel3122@gmail.com,8706380751,Salem,Tamil Nadu,2025-07-21
3350,Suresh,Joshi,suresh.joshi3350@gmail.com,9175004781,Guntur,Andhra Pradesh,2026-01-11
75,Harsha,Rao,harsha.rao75@gmail.com,8653524059,Mumbai,Maharashtra,2025-08-10
95,Ravi,Reddy,ravi.reddy95@gmail.com,9377959470,Chennai,Tamil Nadu,2025-12-13
3962,Manoj,Rao,user3962@gmail.com,,Salem,Tamil Nadu,2026-01-17
1267,Manoj,Reddy,manoj.reddy1267@gmail.com,9161499717,Vijayawada,Andhra Pradesh,2026-01-01
963,Arjun,Sharma,arjun.sharma963@gmail.com,6871633864,Hyderabad,Telangana,2026-04-10
2479,Ajay,Gupta,ajay.gupta2479@gmail.com,7765849885,Hyderabad,Telangana,2025-10-20
16,Ravi,Reddy,ravi.reddy16@gmail.com,6741170138,Chennai,Tamil Nadu,2025-09-15
1309,Vikram,Singh,vikram.singh1309@gmail.com,8652821970,Chennai,Tamil Nadu,2026-04-19
1687,Ramesh,Mehta,ramesh.mehta1687@gmail.com,6645599769,Madurai,Tamil Nadu,2026-05-09
3295,Sai,Sharma,sai.sharma3295@gmail.com,9217618706,Mumbai,Maharashtra,2026-05-24
521,Ajay,Kumar,ajay.kumar521@gmail.com,8932982434,Bangalore,Karnataka,2025-07-18
1898,Harsha,Reddy,harsha.reddy1898@gmail.com,8070404729,Nizamabad,Telangana,2026-03-19
2012,Sai,Patel,sai.patel2012@gmail.com,6604585705,Mangalore,Karnataka,2026-03-09
3944,Ramesh,Rao,user3944@gmail.com,,Hubli,Karnataka,
1328,Praveen,Yadav,praveen.yadav1328@gmail.com,6234809532,Hubli,Karnataka,2025-12-22
1668,Ravi,Reddy,ravi.reddy1668@gmail.com,9118564849,Mumbai,Maharashtra,2026-01-30
3518,Naveen,Joshi,naveen.joshi3518@gmail.com,8717487486,Mumbai,Maharashtra,2025-12-26
2309,Kiran,Verma,kiran.verma2309@gmail.com,6047484961,Tirupati,Andhra Pradesh,2026-01-27
494,Rahul,Yadav,rahul.yadav494@gmail.com,8824518000,Hubli,Karnataka,2025-09-17
800,Varun,Sharma,varun.sharma800@gmail.com,7844038970,Vijayawada,Andhra Pradesh,2026-02-24
2663,Varun,Mehta,varun.mehta2663@gmail.com,8058177714,Chennai,Tamil Nadu,2025-10-02
593,Sai,Gupta,sai.gupta593@gmail.com,6369962666,Guntur,Andhra Pradesh,2025-12-26
4249,Ravi,Reddy,user5591@gmail.com,8062653398,Hyderabad,Telangana,32-13-2025
3346,Kiran,Mehta,kiran.mehta3346@gmail.com,8612627298,Guntur,Andhra Pradesh,2026-04-10
2995,Ravi,Rao,ravi.rao2995@gmail.com,7748815258,Mysore,Karnataka,2025-10-21
2658,Kiran,Yadav,kiran.yadav2658@gmail.com,8488428259,Karimnagar,Telangana,2025-09-25
3931,Manoj,Verma,user3931@gmail.com,7459040955,Bangalore,Karnataka,
4128,Arjun,,user4128@gmail.com,8044395540,Mangalore,Karnataka,
3733,,,user3733@gmail.com,9147632956,Nizamabad,Telangana,2025-08-29
2124,Naveen,Verma,naveen.verma2124@gmail.com,9781495677,Mumbai,Maharashtra,2026-04-29
1234,Ramesh,Gupta,ramesh.gupta1234@gmail.com,8926795211,Hubli,Karnataka,2026-04-28
3469,Ramesh,Mehta,ramesh.mehta3469@gmail.com,9849584675,Coimbatore,Tamil Nadu,2026-01-10
2967,"Mahesh,Vrk,Kalyan",Singh,user9098@gmail.com,7163092178,Bangalore,123,32-13-2025
2598,Kiran,Patel,kiran.patel2598@gmail.com,6828715343,Mangalore,Karnataka,2026-01-08
5022,Suresh,###,user2030@gmail.com,7504564880,Coimbatore,###,2025-12-22
2321,Ajay,Patel,ajay.patel2321@gmail.com,9927078140,Nashik,Maharashtra,2026-01-11
3404,Varun,Yadav,varun.yadav3404@gmail.com,9182546135,Madurai,Tamil Nadu,2025-10-29
3410,Manoj,Mehta,manoj.mehta3410@gmail.com,7874111578,Mysore,Karnataka,2025-08-10
3364,Varun,Sharma,varun.sharma3364@gmail.com,8118926506,Mysore,Karnataka,2026-01-19
1876,Rahul,Sharma,rahul.sharma1876@gmail.com,7301347718,Nizamabad,Telangana,2026-01-13
1201,Varun,Naidu,varun.naidu1201@gmail.com,7093232008,Pune,Maharashtra,2026-02-15
2354,Sai,Yadav,sai.yadav2354@gmail.com,6692159761,Warangal,Telangana,2026-01-06
1342,Kiran,Yadav,kiran.yadav1342@gmail.com,9537916837,Mangalore,Karnataka,2025-11-06
142,Vikram,Rao,vikram.rao142@gmail.com,6924490675,Warangal,Telangana,2026-01-12
1655,"Mahesh,Vrk,Kalyan",Yadav,"mahesh,vrk,kalyan.yadav1655@gmail.com",7661332808,Warangal,Telangana,2026-06-01
1018,Karthik,Yadav,karthik.yadav1018@gmail.com,8105820996,Vijayawada,Andhra Pradesh,2026-05-14
CUST###,"Mahesh,Vrk,Kalyan",Sharma,user3624@gmail.com,9893424534,Bangalore,Karnataka,2099-99-99
5859,Ramesh,NULL,user2282@gmail.com,7795464112,9999,Andhra Pradesh,2026-03-30
2913,Arjun,Naidu,arjun.naidu2913@gmail.com,7496082725,Nizamabad,Telangana,2026-03-24
5,Suresh,Yadav,suresh.yadav5@gmail.com,9430124072,Coimbatore,Tamil Nadu,2026-03-12
2343,Kiran,Reddy,kiran.reddy2343@gmail.com,6475834027,Bangalore,Karnataka,2025-08-19
403,Anil,Naidu,anil.naidu403@gmail.com,9275464883,Pune,Maharashtra,2025-08-18
538,"Mahesh,Vrk,Kalyan",Mehta,"mahesh,vrk,kalyan.mehta538@gmail.com",6242318603,Coimbatore,Tamil Nadu,2026-02-01
1341,Karthik,Mehta,karthik.mehta1341@gmail.com,7965274238,Nashik,Maharashtra,2026-04-17
3902,Arjun,Reddy,user3902@gmail.com,7113803559,Chennai,Tamil Nadu,
3587,Ramesh,Patel,ramesh.patel3587@gmail.com,8851472506,Coimbatore,Tamil Nadu,2025-11-19
2850,Ramesh,Rao,ramesh.rao2850@gmail.com,9992388403,Guntur,Andhra Pradesh,2026-02-19
1718,Sai,Reddy,sai.reddy1718@gmail.com,8738141411,Bangalore,Karnataka,2026-03-16
1974,Vikram,Yadav,vikram.yadav1974@gmail.com,6586807595,Vijayawada,Andhra Pradesh,2025-10-02
2333,Anil,Naidu,anil.naidu2333@gmail.com,8138206549,Chennai,Tamil Nadu,2026-04-05
2459,Karthik,Joshi,karthik.joshi2459@gmail.com,9329366477,Nagpur,Maharashtra,2025-12-25
3905,Manoj,Reddy,user3905@gmail.com,8448500583,Vijayawada,,2025-12-11
729,Arjun,Joshi,arjun.joshi729@gmail.com,6000164322,Nagpur,Maharashtra,2025-09-26
2163,Manoj,Patel,manoj.patel2163@gmail.com,8151634174,Salem,Tamil Nadu,2025-11-20
1603,Naveen,Verma,naveen.verma1603@gmail.com,8116789137,Nashik,Maharashtra,2025-12-07
2120,Rahul,Rao,rahul.rao2120@gmail.com,6537264461,Nagpur,Maharashtra,2026-04-14
3053,Manoj,Joshi,manoj.joshi3053@gmail.com,8723798495,Madurai,Tamil Nadu,2025-09-27
2945,Ramesh,Reddy,ramesh.reddy2945@gmail.com,6598053379,Nagpur,Maharashtra,2025-10-21
3615,"Mahesh,Vrk,Kalyan",Sharma,"mahesh,vrk,kalyan.sharma3615@gmail.com",8856050329,Guntur,Andhra Pradesh,2026-04-14
695,Manoj,Singh,manoj.singh695@gmail.com,7809806348,Mangalore,Karnataka,2025-12-18
3617,Vikram,Gupta,vikram.gupta3617@gmail.com,9544877155,Bangalore,Karnataka,2026-03-24
1814,Anil,Naidu,anil.naidu1814@gmail.com,7012514619,Coimbatore,Tamil Nadu,2025-10-13
1506,Vikram,Reddy,vikram.reddy1506@gmail.com,6855910222,Nashik,Maharashtra,2025-11-06
490,Suresh,Kumar,suresh.kumar490@gmail.com,6919577014,Tirupati,Andhra Pradesh,2026-04-09
1249,Ajay,Patel,ajay.patel1249@gmail.com,9486136062,Mangalore,Karnataka,2025-11-15
548,Ramesh,Patel,ramesh.patel548@gmail.com,7873851483,Nizamabad,Telangana,2026-01-04
1531,Sai,Verma,sai.verma1531@gmail.com,9809101611,Chennai,Tamil Nadu,2025-07-26
3489,Anil,Patel,anil.patel3489@gmail.com,6745825635,Hyderabad,Telangana,2026-05-30
524,Suresh,123,user8822@gmail.com,PHONE,Vijayawada,Andhra Pradesh,2026-01-23
2196,"Mahesh,Vrk,Kalyan",Naidu,"mahesh,vrk,kalyan.naidu2196@gmail.com",9988761492,Salem,Tamil Nadu,2026-03-05
CUST###,Rahul,Naidu,user630@gmail.com,7387484718,Mumbai,Maharashtra,32-13-2025
354,Praveen,Yadav,praveen.yadav354@gmail.com,8674502450,Bangalore,Karnataka,2026-05-09
681,Sai,Verma,sai.verma681@gmail.com,9878179920,Madurai,Tamil Nadu,2025-09-21
2711,"Mahesh,Vrk,Kalyan",Sharma,"mahesh,vrk,kalyan.sharma2711@gmail.com",9799000822,Nizamabad,Telangana,2025-06-27
631,Manoj,Patel,manoj.patel631@gmail.com,7709871682,Bangalore,Karnataka,2025-08-04
614,Praveen,Singh,praveen.singh614@gmail.com,8835567703,Madurai,Tamil Nadu,2026-06-12
3824,Ravi,,user3824@gmail.com,7941693559,Madurai,Tamil Nadu,2025-12-18
3237,Suresh,Sharma,suresh.sharma3237@gmail.com,9688631760,Coimbatore,Tamil Nadu,2026-06-18
136,Kiran,Sharma,kiran.sharma136@gmail.com,9827414787,Nashik,Maharashtra,2026-06-20
2569,Ramesh,Rao,ramesh.rao2569@gmail.com,6425217169,Chennai,Tamil Nadu,2025-08-04
2084,Karthik,Mehta,user2543@gmail.com,8782407659,9999,Maharashtra,2025-08-16
2662,Anil,Reddy,anil.reddy2662@gmail.com,7606255013,Visakhapatnam,Andhra Pradesh,2025-10-05
2048,Manoj,Naidu,manoj.naidu2048@gmail.com,6969609054,Guntur,Andhra Pradesh,2025-06-29
214,Naveen,Sharma,naveen.sharma214@gmail.com,8976294488,Nizamabad,Telangana,2025-09-10
233,Varun,Yadav,varun.yadav233@gmail.com,6693065338,Karimnagar,Telangana,2025-08-17
4551,12345,Reddy,user8864@gmail.com,7631006464,Nizamabad,Telangana,2026-03-11
3519,Arjun,Kumar,arjun.kumar3519@gmail.com,9633825782,Guntur,Andhra Pradesh,2026-06-09
3882,Varun,Patel,user3882@gmail.com,9809629890,Nizamabad,,2025-07-16
1267,12345,123,user5847@gmail.com,6668059847,Chennai,Tamil Nadu,2025-09-04
2635,"Mahesh,Vrk,Kalyan",Yadav,"mahesh,vrk,kalyan.yadav2635@gmail.com",8182152999,Coimbatore,Tamil Nadu,2026-04-18
2125,"Mahesh,Vrk,Kalyan",Verma,"mahesh,vrk,kalyan.verma2125@gmail.com",9571600369,Nizamabad,Telangana,2025-09-17
924,Ramesh,Mehta,ramesh.mehta924@gmail.com,6807188453,Pune,Maharashtra,2025-11-28
3759,,Yadav,,7905135242,Salem,Tamil Nadu,2026-03-27
1273,Ramesh,Naidu,user9388@gmail.com,123,Bangalore,Karnataka,2099-99-99
964,Ajay,Reddy,ajay.reddy964@gmail.com,8532548306,Karimnagar,Telangana,2026-06-10
791,Suresh,Sharma,suresh.sharma791@gmail.com,9885761556,Nizamabad,Telangana,2025-10-04
493,Ravi,Rao,ravi.rao493@gmail.com,6609476067,Nashik,Maharashtra,2025-08-03
1110,Ravi,Rao,ravi.rao1110@gmail.com,6341928220,Guntur,Andhra Pradesh,2026-05-11
1038,Arjun,Verma,arjun.verma1038@gmail.com,6346720710,Mumbai,Maharashtra,2025-08-24
1063,Ramesh,Patel,ramesh.patel1063@gmail.com,6312316654,Nizamabad,Telangana,2025-07-01
2718,Varun,Reddy,varun.reddy2718@gmail.com,8818621918,Hyderabad,Telangana,2026-03-16
2571,Ravi,Verma,ravi.verma2571@gmail.com,6909652430,Warangal,Telangana,2026-04-09
INVALID,Harsha,Joshi,user5140@gmail.com,8719265121,Karimnagar,Telangana,2025-09-04
2875,Vikram,Verma,vikram.verma2875@gmail.com,8085839984,Chennai,Tamil Nadu,2026-05-04
1553,Suresh,Reddy,suresh.reddy1553@gmail.com,8521086539,Visakhapatnam,Andhra Pradesh,2025-12-31
2155,Ajay,Rao,ajay.rao2155@gmail.com,6255376930,Mysore,Karnataka,2026-06-16
56,Ravi,Verma,ravi.verma56@gmail.com,7353251010,Warangal,Telangana,2025-08-10
3139,Naveen,Naidu,naveen.naidu3139@gmail.com,6842976024,Visakhapatnam,Andhra Pradesh,2026-05-26
2402,Suresh,Patel,suresh.patel2402@gmail.com,6411489332,Hyderabad,Telangana,2025-11-16
3533,Ramesh,Singh,ramesh.singh3533@gmail.com,6375786607,Mumbai,Maharashtra,2025-12-24
3952,Naveen,Verma,user3952@gmail.com,7846042088,,Karnataka,2026-01-19
CUST###,Ramesh,Sharma,user7364@gmail.com,7970344325,Salem,Tamil Nadu,2025-12-24
317,Ajay,Sharma,ajay.sharma317@gmail.com,6926550769,Karimnagar,Telangana,2026-05-29
1625,"Mahesh,Vrk,Kalyan",Yadav,user8966@gmail.com,PHONE,Madurai,###,2026-06-04
1341,Karthik,Mehta,karthik.mehta1341@gmail.com,7965274238,Nashik,Maharashtra,2026-04-17
929,Ravi,Singh,ravi.singh929@gmail.com,8311465045,Mangalore,Karnataka,2026-04-08
5425,Naveen,123,user5835@gmail.com,123,Coimbatore,Tamil Nadu,2026-01-25
75,Ajay,Joshi,user3451@gmail.com,9122963143,@@@@,Andhra Pradesh,2026-05-12
2065,Manoj,Rao,manoj.rao2065@gmail.com,7308504731,Pune,Maharashtra,2026-05-17
3193,Anil,Kumar,anil.kumar3193@gmail.com,7904358906,Hubli,Karnataka,2026-01-10
3939,@@@@,Yadav,user2044@gmail.com,7962448288,Visakhapatnam,Andhra Pradesh,2025-07-19
2217,Sai,Joshi,sai.joshi2217@gmail.com,8898830514,Mumbai,Maharashtra,2025-10-11
2088,Arjun,Yadav,arjun.yadav2088@gmail.com,6356275645,Chennai,Tamil Nadu,2026-01-05
3209,Ravi,Singh,ravi.singh3209@gmail.com,8415960259,Hubli,Karnataka,2026-04-28
1363,Sai,Mehta,sai.mehta1363@gmail.com,9119105697,Nizamabad,Telangana,2025-10-21
3833,,Verma,user3833@gmail.com,6462447041,Mangalore,Karnataka,2025-08-02
201,Rahul,Joshi,rahul.joshi201@gmail.com,9132129089,Vijayawada,Andhra Pradesh,2026-05-15
2679,Vikram,Gupta,vikram.gupta2679@gmail.com,7624730186,Chennai,Tamil Nadu,2026-03-26
887,Arjun,Gupta,arjun.gupta887@gmail.com,8541890935,Hyderabad,Telangana,2026-04-03
CUST###,Sai,###,user3815@gmail.com,6180604421,Mysore,Karnataka,2025-09-18
839,Manoj,Patel,user1396@gmail.com,123,@@@@,Andhra Pradesh,2026-03-24
2081,Ajay,Reddy,ajay.reddy2081@gmail.com,9654653147,Karimnagar,Telangana,2026-05-30
1781,Anil,Naidu,anil.naidu1781@gmail.com,8610342074,Bangalore,Karnataka,2025-08-23
2934,Ajay,Yadav,ajay.yadav2934@gmail.com,8224646854,Chennai,Tamil Nadu,2025-07-22
705,Praveen,Gupta,praveen.gupta705@gmail.com,6573618617,Guntur,Andhra Pradesh,2025-09-18
1279,Naveen,Mehta,naveen.mehta1279@gmail.com,7188996532,Nashik,Maharashtra,2026-03-11
1028,Naveen,Patel,naveen.patel1028@gmail.com,6560621372,Coimbatore,Tamil Nadu,2026-03-20
780,Ravi,Sharma,ravi.sharma780@gmail.com,7753630987,Bangalore,Karnataka,2025-08-08
680,Praveen,Sharma,praveen.sharma680@gmail.com,8601371123,Pune,Maharashtra,2025-12-20
421,Karthik,Verma,karthik.verma421@gmail.com,7394456157,Hubli,Karnataka,2026-02-08
2919,Vikram,Yadav,vikram.yadav2919@gmail.com,7731547156,Hubli,Karnataka,2026-01-17
2881,Manoj,Sharma,manoj.sharma2881@gmail.com,9728077569,Hubli,Karnataka,2025-09-10
2938,"Mahesh,Vrk,Kalyan",Gupta,"mahesh,vrk,kalyan.gupta2938@gmail.com",7978581360,Visakhapatnam,Andhra Pradesh,2025-10-19
3517,Naveen,Singh,naveen.singh3517@gmail.com,6259929681,Visakhapatnam,Andhra Pradesh,2026-01-14
1513,Ravi,NULL,user8382@gmail.com,7183079427,Nizamabad,Telangana,2025-12-14
905,Naveen,Yadav,naveen.yadav905@gmail.com,7038639145,Hyderabad,Telangana,2026-02-09
4057,Vikram,Mehta,user4057@gmail.com,,,Telangana,2025-12-13
331,Harsha,Verma,harsha.verma331@gmail.com,9617183421,Warangal,Telangana,2025-10-08
814,Anil,Verma,anil.verma814@gmail.com,8355488566,Mangalore,Karnataka,2025-07-02
4757,"Mahesh,Vrk,Kalyan",Patel,user5184@gmail.com,PHONE,Pune,Maharashtra,2026-02-03
513,Naveen,Mehta,naveen.mehta513@gmail.com,9166269230,Warangal,Telangana,2025-11-02
3217,"Mahesh,Vrk,Kalyan",Mehta,"mahesh,vrk,kalyan.mehta3217@gmail.com",7117160404,Warangal,Telangana,2026-02-19
3014,Arjun,Yadav,arjun.yadav3014@gmail.com,9621790105,Nagpur,Maharashtra,2025-08-17
1448,Ramesh,Yadav,ramesh.yadav1448@gmail.com,9917087752,Madurai,Tamil Nadu,2026-01-16
3665,Karthik,Naidu,user3665@gmail.com,8087913319,Mumbai,,2026-04-27
1375,Ravi,Kumar,ravi.kumar1375@gmail.com,8877999597,Visakhapatnam,Andhra Pradesh,2026-03-20
4103,Praveen,Rao,,9230054374,Mumbai,Maharashtra,2026-02-12
3949,Ravi,Verma,,8466313206,Hubli,,2025-07-03
2610,Varun,Gupta,varun.gupta2610@gmail.com,8711265982,Bangalore,Karnataka,2025-11-06
87,Varun,Rao,varun.rao87@gmail.com,9435804592,Mumbai,Maharashtra,2026-04-13
2408,Anil,Rao,anil.rao2408@gmail.com,8213298019,Bangalore,Karnataka,2025-08-01
3140,Praveen,Sharma,praveen.sharma3140@gmail.com,6289688994,Warangal,Telangana,2025-07-11
3718,Manoj,Gupta,user3718@gmail.com,8944808323,Nashik,Maharashtra,
1214,Naveen,Joshi,naveen.joshi1214@gmail.com,7288623384,Nizamabad,Telangana,2025-11-22
1561,Manoj,Yadav,manoj.yadav1561@gmail.com,8315383239,Hubli,Karnataka,2026-02-19
1769,Praveen,Kumar,praveen.kumar1769@gmail.com,9024105473,Hyderabad,Telangana,2025-08-16
360,Arjun,Mehta,arjun.mehta360@gmail.com,8847064215,Madurai,Tamil Nadu,2025-09-14
3539,Ramesh,Kumar,ramesh.kumar3539@gmail.com,6728007555,Mumbai,Maharashtra,2026-04-03
2082,9999,Singh,abc@,8410263621,Visakhapatnam,Andhra Pradesh,2026-01-28
1209,Kiran,Verma,kiran.verma1209@gmail.com,8679705021,Hubli,Karnataka,2026-03-18
3537,Suresh,Verma,abc@,6935251775,Nagpur,Maharashtra,2025-10-06
3849,Harsha,Verma,user3849@gmail.com,8691229030,,Tamil Nadu,
1956,Karthik,Reddy,karthik.reddy1956@gmail.com,6236055708,Nizamabad,Telangana,2026-03-20
2980,Rahul,Kumar,rahul.kumar2980@gmail.com,6939777010,Salem,Tamil Nadu,2026-01-27
3238,Anil,Naidu,anil.naidu3238@gmail.com,9967065967,Mysore,Karnataka,2025-09-12
2277,Ramesh,Rao,ramesh.rao2277@gmail.com,6358162103,Salem,Tamil Nadu,2025-06-25
811,Rahul,Patel,rahul.patel811@gmail.com,7986646094,Warangal,Telangana,2025-09-17
2323,Harsha,Mehta,harsha.mehta2323@gmail.com,9839521797,Salem,Tamil Nadu,2025-08-30
2064,Praveen,Singh,praveen.singh2064@gmail.com,7487354233,Visakhapatnam,Andhra Pradesh,2025-09-12
293,Karthik,Mehta,karthik.mehta293@gmail.com,9452194665,Chennai,Tamil Nadu,2026-06-19
3062,Ajay,Singh,ajay.singh3062@gmail.com,8232383320,Guntur,Andhra Pradesh,2025-12-28
2822,Harsha,Kumar,harsha.kumar2822@gmail.com,7445213432,Visakhapatnam,Andhra Pradesh,2025-10-03
865,Naveen,Naidu,naveen.naidu865@gmail.com,7124463012,Hyderabad,Telangana,2025-11-04
151,Anil,Gupta,anil.gupta151@gmail.com,8271368767,Nizamabad,Telangana,2025-09-23
1276,Ravi,Sharma,ravi.sharma1276@gmail.com,9591854288,Salem,Tamil Nadu,2025-10-18
45,Rahul,Yadav,rahul.yadav45@gmail.com,6336837736,Vijayawada,Andhra Pradesh,2025-07-22
2765,Harsha,Patel,harsha.patel2765@gmail.com,9670834043,Madurai,Tamil Nadu,2025-10-19
276,Suresh,Rao,suresh.rao276@gmail.com,6032187306,Bangalore,Karnataka,2025-12-01
3869,Rahul,Singh,user3869@gmail.com,,Hyderabad,,2026-03-17
2533,Sai,Sharma,sai.sharma2533@gmail.com,9559681593,Mysore,Karnataka,2025-12-11
675,Suresh,Naidu,suresh.naidu675@gmail.com,9043383832,Bangalore,Karnataka,2025-11-30
2204,Rahul,Reddy,rahul.reddy2204@gmail.com,7817505741,Bangalore,Karnataka,2025-11-20
1418,Arjun,Rao,arjun.rao1418@gmail.com,7956432507,Karimnagar,Telangana,2026-05-08
1535,Naveen,Gupta,naveen.gupta1535@gmail.com,9244122027,Bangalore,Karnataka,2026-01-22
2405,Ramesh,Gupta,ramesh.gupta2405@gmail.com,9999396145,Tirupati,Andhra Pradesh,2025-09-21
3431,Praveen,Rao,praveen.rao3431@gmail.com,7345015166,Nagpur,Maharashtra,2025-07-15
1554,Karthik,Reddy,karthik.reddy1554@gmail.com,9683296050,Warangal,Telangana,2025-10-26
112,"Mahesh,Vrk,Kalyan",Kumar,"mahesh,vrk,kalyan.kumar112@gmail.com",8344515921,Mumbai,Maharashtra,2025-08-29
566,"Mahesh,Vrk,Kalyan",Patel,"mahesh,vrk,kalyan.patel566@gmail.com",9290648827,Coimbatore,Tamil Nadu,2026-06-04
451,Ramesh,Reddy,ramesh.reddy451@gmail.com,8824052197,Tirupati,Andhra Pradesh,2025-08-22
3361,Suresh,Gupta,suresh.gupta3361@gmail.com,6254849163,Mumbai,Maharashtra,2025-10-31
3470,Suresh,Mehta,suresh.mehta3470@gmail.com,9913860577,Pune,Maharashtra,2025-08-11
1564,Rahul,Yadav,rahul.yadav1564@gmail.com,6104749566,Coimbatore,Tamil Nadu,2026-04-25
1895,Naveen,Sharma,naveen.sharma1895@gmail.com,8048429753,Hubli,Karnataka,2026-01-23
2870,Praveen,Kumar,praveen.kumar2870@gmail.com,8288855433,Chennai,Tamil Nadu,2025-10-06
1066,Suresh,Reddy,suresh.reddy1066@gmail.com,7712342953,Nizamabad,Telangana,2025-09-16
1248,Anil,Kumar,anil.kumar1248@gmail.com,8851940918,Pune,Maharashtra,2025-07-18
2385,Praveen,Joshi,praveen.joshi2385@gmail.com,6887066775,Vijayawada,Andhra Pradesh,2026-02-02
2864,Rahul,Sharma,rahul.sharma2864@gmail.com,6015862510,Guntur,Andhra Pradesh,2025-09-04
1619,Anil,Gupta,anil.gupta1619@gmail.com,7747160255,Visakhapatnam,Andhra Pradesh,2026-05-23
349,"Mahesh,Vrk,Kalyan",Patel,"mahesh,vrk,kalyan.patel349@gmail.com",7052297605,Mumbai,Maharashtra,2026-01-02
INVALID,Ajay,Patel,user8901@gmail.com,6729662779,Mumbai,Maharashtra,2099-99-99
3331,"Mahesh,Vrk,Kalyan",Joshi,"mahesh,vrk,kalyan.joshi3331@gmail.com",9387093559,Karimnagar,Telangana,2026-01-10
4021,@@@@,Verma,gmail.com,7945642012,Chennai,Tamil Nadu,2025-06-28
31,Vikram,Kumar,vikram.kumar31@gmail.com,8171007074,Bangalore,Karnataka,2026-01-19
1480,Sai,Joshi,sai.joshi1480@gmail.com,8935764234,Hubli,Karnataka,2025-12-24
1824,Ajay,Sharma,ajay.sharma1824@gmail.com,8181293439,Visakhapatnam,Andhra Pradesh,2026-05-12
439,Arjun,Mehta,arjun.mehta439@gmail.com,9624321879,Coimbatore,Tamil Nadu,2026-05-29
443,Arjun,Rao,arjun.rao443@gmail.com,7623406283,Guntur,Andhra Pradesh,2026-05-20
2238,Harsha,Joshi,harsha.joshi2238@gmail.com,7545768533,Warangal,Telangana,2026-05-25
180,Manoj,Rao,manoj.rao180@gmail.com,7229715706,Mysore,Karnataka,2025-10-14
1218,Harsha,Singh,harsha.singh1218@gmail.com,6670923780,Chennai,Tamil Nadu,2025-11-16
3778,,Patel,,9843570580,Guntur,Andhra Pradesh,2025-12-27
611,Manoj,Naidu,manoj.naidu611@gmail.com,9789372019,Guntur,Andhra Pradesh,2025-09-24
1733,Kiran,Singh,kiran.singh1733@gmail.com,6159312118,Nizamabad,Telangana,2025-10-31
2904,Praveen,Singh,praveen.singh2904@gmail.com,6862083411,Salem,Tamil Nadu,2025-10-13
86,Karthik,Naidu,karthik.naidu86@gmail.com,6584138956,Karimnagar,Telangana,2026-01-13
1123,Varun,Gupta,varun.gupta1123@gmail.com,7579462317,Mumbai,Maharashtra,2025-09-26
ABC123,Naveen,Kumar,user7242@gmail.com,123,Mangalore,Karnataka,2025-09-29
2280,Naveen,Yadav,naveen.yadav2280@gmail.com,8560316061,Tirupati,Andhra Pradesh,2026-06-21
3678,Manoj,Kumar,user3678@gmail.com,,Mysore,,2026-06-09
2035,Ravi,Naidu,ravi.naidu2035@gmail.com,6327750402,Bangalore,Karnataka,2026-01-04
3610,Vikram,Naidu,vikram.naidu3610@gmail.com,9152344391,Bangalore,Karnataka,2026-04-02
2107,Varun,Gupta,varun.gupta2107@gmail.com,6053687123,Salem,Tamil Nadu,2025-10-19
1541,Manoj,Yadav,manoj.yadav1541@gmail.com,6978866784,Guntur,Andhra Pradesh,2025-09-09
4047,,Naidu,,7877622491,Guntur,Andhra Pradesh,2026-04-05
1038,Arjun,Verma,arjun.verma1038@gmail.com,6346720710,Mumbai,Maharashtra,2025-08-24
3305,Ajay,Rao,user6073@gmail.com,8624330099,Warangal,Telangana,2099-99-99
2389,Rahul,Yadav,rahul.yadav2389@gmail.com,8552652705,Mumbai,Maharashtra,2026-03-15
1760,Sai,Kumar,sai.kumar1760@gmail.com,9305163061,Chennai,Tamil Nadu,2026-05-25
2338,Manoj,Rao,manoj.rao2338@gmail.com,7190217636,Nizamabad,Telangana,2026-06-04
408,"Mahesh,Vrk,Kalyan",Sharma,"mahesh,vrk,kalyan.sharma408@gmail.com",7870433097,Mangalore,Karnataka,2026-04-09
463,Sai,Mehta,sai.mehta463@gmail.com,7832863049,Mysore,Karnataka,2026-05-17
569,Suresh,Patel,suresh.patel569@gmail.com,8021686781,Coimbatore,Tamil Nadu,2026-03-26
780,Ravi,Sharma,ravi.sharma780@gmail.com,7753630987,Bangalore,Karnataka,2025-08-08
1680,Harsha,Kumar,harsha.kumar1680@gmail.com,7810304947,Coimbatore,Tamil Nadu,2025-12-22
1530,Varun,Singh,varun.singh1530@gmail.com,6815762758,Mangalore,Karnataka,2025-10-06
2741,Varun,Yadav,varun.yadav2741@gmail.com,6714024315,Vijayawada,Andhra Pradesh,2026-02-06
1531,12345,Joshi,user6542@gmail.com,6080074064,Hyderabad,Telangana,2026-06-06
3455,Praveen,Naidu,praveen.naidu3455@gmail.com,6789258077,Hyderabad,Telangana,2026-02-15
2382,Ravi,Verma,ravi.verma2382@gmail.com,9824623569,Vijayawada,Andhra Pradesh,2025-11-06
5331,"Mahesh,Vrk,Kalyan",Mehta,user452@gmail.com,6076715493,Nashik,###,2025-11-07
1003,Suresh,Naidu,suresh.naidu1003@gmail.com,9359696737,Visakhapatnam,Andhra Pradesh,2026-05-08
2315,Harsha,Patel,harsha.patel2315@gmail.com,9373897972,Hyderabad,Telangana,2025-11-16
1803,Arjun,Verma,arjun.verma1803@gmail.com,6822659391,Mumbai,Maharashtra,2025-08-04
1721,Kiran,Patel,kiran.patel1721@gmail.com,7178891553,Salem,Tamil Nadu,2026-04-11
1608,Ajay,Naidu,ajay.naidu1608@gmail.com,7917549693,Salem,Tamil Nadu,2025-11-28
251,Anil,Gupta,anil.gupta251@gmail.com,9249751984,Bangalore,Karnataka,2026-02-26
151,12345,Sharma,user9874@gmail.com,9108281584,Madurai,Tamil Nadu,NOT_A_DATE
125,Harsha,Naidu,harsha.naidu125@gmail.com,9658349904,Hubli,Karnataka,2025-11-17
2395,Suresh,Kumar,suresh.kumar2395@gmail.com,9641656842,Madurai,Tamil Nadu,2025-12-13
332,Naveen,Patel,naveen.patel332@gmail.com,7376194165,Madurai,Tamil Nadu,2025-10-23
3477,Suresh,Verma,suresh.verma3477@gmail.com,8464353320,Mangalore,Karnataka,2026-02-17
2800,Karthik,Reddy,karthik.reddy2800@gmail.com,8828290076,Madurai,Tamil Nadu,2025-09-08
1042,Praveen,Joshi,praveen.joshi1042@gmail.com,9397711062,Nashik,Maharashtra,2026-05-12
ABC123,Sai,Verma,user8146@gmail.com,123,Hubli,Karnataka,2026-01-09
4071,Varun,Yadav,user4071@gmail.com,9050547115,Nagpur,,2026-01-12
113,Manoj,Sharma,manoj.sharma113@gmail.com,9467598458,Bangalore,Karnataka,2025-08-08
312,Varun,Verma,varun.verma312@gmail.com,6661626318,Mysore,Karnataka,2025-12-20
3747,Sai,Patel,user3747@gmail.com,,,Maharashtra,2025-08-13
3200,Harsha,Mehta,harsha.mehta3200@gmail.com,7391050648,Visakhapatnam,Andhra Pradesh,2025-07-16
504,Rahul,Sharma,rahul.sharma504@gmail.com,6243122326,Salem,Tamil Nadu,2026-03-26
329,Ramesh,Mehta,ramesh.mehta329@gmail.com,7788712538,Salem,Tamil Nadu,2026-05-16
3095,Rahul,Rao,rahul.rao3095@gmail.com,8304246447,Chennai,Tamil Nadu,2025-11-21
1925,Ramesh,Gupta,ramesh.gupta1925@gmail.com,6704242528,Bangalore,Karnataka,2025-10-10
1656,Karthik,Mehta,karthik.mehta1656@gmail.com,8797033660,Tirupati,Andhra Pradesh,2025-09-18
244,Harsha,Singh,harsha.singh244@gmail.com,8490898252,Hyderabad,Telangana,2025-09-08
3094,Rahul,Verma,rahul.verma3094@gmail.com,6566573268,Tirupati,Andhra Pradesh,2026-03-01
337,Ajay,Sharma,ajay.sharma337@gmail.com,7276927937,Madurai,Tamil Nadu,2026-02-13
736,Arjun,Naidu,arjun.naidu736@gmail.com,7792518094,Hubli,Karnataka,2025-11-26
2857,Varun,Verma,varun.verma2857@gmail.com,8499976265,Mumbai,Maharashtra,2026-05-06
2941,Anil,Sharma,anil.sharma2941@gmail.com,7320993870,Hubli,Karnataka,2025-11-25
1742,Praveen,Sharma,praveen.sharma1742@gmail.com,8922931250,Salem,Tamil Nadu,2025-11-22
2177,Naveen,Singh,naveen.singh2177@gmail.com,9075715015,Visakhapatnam,Andhra Pradesh,2026-03-27
555,Anil,Verma,anil.verma555@gmail.com,6331799257,Nagpur,Maharashtra,2025-06-30
5690,Ramesh,Sharma,user8544@gmail.com,999,Mumbai,Maharashtra,2099-99-99
3352,Ravi,Gupta,ravi.gupta3352@gmail.com,9696447195,Mangalore,Karnataka,2026-04-29
1013,Praveen,Kumar,gmail.com,8051273934,Mysore,Karnataka,2025-12-06
994,"Mahesh,Vrk,Kalyan",Reddy,"mahesh,vrk,kalyan.reddy994@gmail.com",6411138635,Mangalore,Karnataka,2025-12-28
2244,Praveen,Rao,praveen.rao2244@gmail.com,8095075992,Nizamabad,Telangana,2025-10-19
4745,Ramesh,Joshi,abc@,6348598486,Madurai,123,2025-07-14
2326,Manoj,Yadav,manoj.yadav2326@gmail.com,8764030230,Nashik,Maharashtra,2025-12-14
1171,Arjun,Patel,arjun.patel1171@gmail.com,6686109269,Bangalore,Karnataka,2025-12-17
1938,Harsha,Joshi,harsha.joshi1938@gmail.com,7448560984,Bangalore,Karnataka,2025-12-10
820,Vikram,Reddy,vikram.reddy820@gmail.com,6480833167,Pune,Maharashtra,2026-05-13
3503,Ramesh,Naidu,ramesh.naidu3503@gmail.com,9126248526,Nashik,Maharashtra,2025-12-16
1055,Varun,Gupta,varun.gupta1055@gmail.com,6474251998,Hyderabad,Telangana,2025-09-20
776,Anil,Reddy,anil.reddy776@gmail.com,8796463801,Bangalore,Karnataka,2025-07-07
435,"Mahesh,Vrk,Kalyan",Singh,"mahesh,vrk,kalyan.singh435@gmail.com",8038865213,Madurai,Tamil Nadu,2026-05-19
767,Harsha,Naidu,harsha.naidu767@gmail.com,8914888604,Mumbai,Maharashtra,2025-08-13
3729,Naveen,Patel,user3729@gmail.com,8348852438,,Telangana,
2102,Manoj,Mehta,manoj.mehta2102@gmail.com,7277822424,Mumbai,Maharashtra,2026-05-16
947,Rahul,Verma,rahul.verma947@gmail.com,9952244682,Madurai,Tamil Nadu,2026-04-08
1810,Vikram,Kumar,vikram.kumar1810@gmail.com,6580965876,Madurai,Tamil Nadu,2025-08-19
2137,Naveen,Mehta,naveen.mehta2137@gmail.com,7797235866,Guntur,Andhra Pradesh,2025-12-30
2375,Praveen,Reddy,praveen.reddy2375@gmail.com,6999126194,Nagpur,Maharashtra,2025-10-17
2536,Varun,Reddy,varun.reddy2536@gmail.com,6830027515,Visakhapatnam,Andhra Pradesh,2025-12-19
2920,Praveen,Rao,praveen.rao2920@gmail.com,9097671670,Mysore,Karnataka,2025-11-22
2908,Suresh,Gupta,suresh.gupta2908@gmail.com,6621860607,Visakhapatnam,Andhra Pradesh,2025-09-09
2969,Harsha,Patel,user4581@gmail.com,PHONE,Chennai,Tamil Nadu,2025-08-18
1323,Kiran,Patel,kiran.patel1323@gmail.com,6201016659,Vijayawada,Andhra Pradesh,2026-03-11
572,Suresh,Singh,suresh.singh572@gmail.com,6893868229,Visakhapatnam,Andhra Pradesh,2025-09-25
3089,Ajay,Mehta,ajay.mehta3089@gmail.com,9683249222,Salem,Tamil Nadu,2025-08-11
2361,Ravi,Yadav,ravi.yadav2361@gmail.com,8822397348,Nizamabad,Telangana,2025-10-01
707,Ajay,Joshi,ajay.joshi707@gmail.com,7758824875,Mangalore,Karnataka,2025-12-11
410,Vikram,Kumar,vikram.kumar410@gmail.com,6863200537,Coimbatore,Tamil Nadu,2026-03-12
2452,Manoj,Naidu,manoj.naidu2452@gmail.com,8889547378,Mangalore,Karnataka,2025-07-02
4294,Suresh,Gupta,user6133@gmail.com,999,Salem,Tamil Nadu,NOT_A_DATE
5644,Arjun,Singh,user392@gmail.com,7274772476,@@@@,Telangana,2025-09-21
127,Rahul,Kumar,rahul.kumar127@gmail.com,9353762098,Salem,Tamil Nadu,2026-06-18
1175,Vikram,Patel,vikram.patel1175@gmail.com,9222787979,Pune,Maharashtra,2025-08-07
187,Varun,Gupta,varun.gupta187@gmail.com,6810667587,Mysore,Karnataka,2026-05-31
1659,Ramesh,Patel,ramesh.patel1659@gmail.com,7629981091,Hyderabad,Telangana,2026-03-23
1061,Sai,Sharma,sai.sharma1061@gmail.com,7274620436,Coimbatore,Tamil Nadu,2025-07-14
953,Karthik,Singh,karthik.singh953@gmail.com,9193177965,Visakhapatnam,Andhra Pradesh,2025-10-22
2914,Sai,Mehta,sai.mehta2914@gmail.com,7414196803,Hubli,Karnataka,2026-02-07
3420,Ravi,Kumar,ravi.kumar3420@gmail.com,8761318353,Mysore,Karnataka,2025-10-30
1854,Anil,Naidu,anil.naidu1854@gmail.com,6349112179,Nashik,Maharashtra,2025-07-14
1319,Anil,Naidu,anil.naidu1319@gmail.com,6287437257,Mangalore,Karnataka,2026-01-29
2824,"Mahesh,Vrk,Kalyan",Yadav,"mahesh,vrk,kalyan.yadav2824@gmail.com",9268760157,Guntur,Andhra Pradesh,2026-05-01
346,Varun,Joshi,varun.joshi346@gmail.com,7791630894,Mangalore,Karnataka,2026-04-30
2122,Karthik,Verma,karthik.verma2122@gmail.com,7373725297,Nashik,Maharashtra,2026-06-23
1960,Ajay,Kumar,ajay.kumar1960@gmail.com,9733072312,Hyderabad,Telangana,2026-04-08
2195,Ajay,Rao,ajay.rao2195@gmail.com,6210872497,Hyderabad,Telangana,2026-04-28
1499,Ravi,Patel,ravi.patel1499@gmail.com,6596173992,Bangalore,Karnataka,2026-03-07
773,Varun,Sharma,varun.sharma773@gmail.com,8698664515,Hyderabad,Telangana,2025-11-30
ABC123,Ramesh,Yadav,user2281@gmail.com,6781809201,Salem,Tamil Nadu,2025-08-21
1192,Suresh,Rao,suresh.rao1192@gmail.com,6483753919,Madurai,Tamil Nadu,2026-02-26
2578,Anil,Yadav,anil.yadav2578@gmail.com,6243535393,Coimbatore,Tamil Nadu,2026-03-14
3513,Harsha,Singh,harsha.singh3513@gmail.com,8060345963,Mumbai,Maharashtra,2026-01-09
1045,Ravi,Yadav,ravi.yadav1045@gmail.com,6671661542,Nashik,Maharashtra,2026-04-19
424,Manoj,Joshi,manoj.joshi424@gmail.com,6468591236,Madurai,Tamil Nadu,2025-07-14
2864,Rahul,Sharma,rahul.sharma2864@gmail.com,6015862510,Guntur,Andhra Pradesh,2025-09-04
281,"Mahesh,Vrk,Kalyan",Sharma,"mahesh,vrk,kalyan.sharma281@gmail.com",9120785404,Madurai,Tamil Nadu,2026-05-20
291,Naveen,Joshi,naveen.joshi291@gmail.com,8592926225,Salem,Tamil Nadu,2026-02-23
918,Rahul,Sharma,rahul.sharma918@gmail.com,8915309199,Pune,Maharashtra,2025-11-10
3857,"Mahesh,Vrk,Kalyan",Rao,,9656392671,Mysore,Karnataka,2025-10-30
1583,Ravi,Patel,ravi.patel1583@gmail.com,9658011485,Salem,Tamil Nadu,2025-08-20
2627,Harsha,Verma,harsha.verma2627@gmail.com,6879298293,Warangal,Telangana,2025-06-27
1745,Naveen,Kumar,naveen.kumar1745@gmail.com,8993479529,Nizamabad,Telangana,2025-07-05
2355,Rahul,Gupta,rahul.gupta2355@gmail.com,6088756475,Nizamabad,Telangana,2025-07-05
4050,Varun,Reddy,user4050@gmail.com,6406424868,,Maharashtra,2025-10-16
301,Kiran,Yadav,kiran.yadav301@gmail.com,7030073488,Hyderabad,Telangana,2026-01-05
1299,Harsha,Kumar,harsha.kumar1299@gmail.com,6322892518,Nizamabad,Telangana,2026-05-29
2495,Vikram,Kumar,vikram.kumar2495@gmail.com,9425656976,Nashik,Maharashtra,2025-10-31
1915,Ramesh,Verma,ramesh.verma1915@gmail.com,7562753821,Karimnagar,Telangana,2026-02-04
570,Suresh,Yadav,user6989@gmail.com,PHONE,9999,Maharashtra,2026-05-25
762,Varun,Reddy,varun.reddy762@gmail.com,8233943444,Madurai,Tamil Nadu,2025-07-29
806,Vikram,Verma,vikram.verma806@gmail.com,7167381855,Tirupati,Andhra Pradesh,2025-09-12
911,Ravi,Verma,ravi.verma911@gmail.com,7643243804,Hubli,Karnataka,2025-09-14
2412,Varun,Patel,varun.patel2412@gmail.com,8779066074,Chennai,Tamil Nadu,2025-12-17
4070,Naveen,Patel,user4070@gmail.com,,Mysore,Karnataka,
426,Harsha,Rao,harsha.rao426@gmail.com,6253336425,Warangal,Telangana,2026-02-03
3192,Sai,Patel,gmail.com,9267431481,9999,Tamil Nadu,2025-12-16
2300,Karthik,Singh,karthik.singh2300@gmail.com,9826917265,Karimnagar,Telangana,2025-07-03
933,9999,123,user419@gmail.com,9523091489,Chennai,Tamil Nadu,2026-04-03
1393,Manoj,Joshi,manoj.joshi1393@gmail.com,6829869986,Salem,Tamil Nadu,2026-03-17
3036,Kiran,Kumar,kiran.kumar3036@gmail.com,6661830086,Salem,Tamil Nadu,2025-10-01
1452,Varun,Rao,varun.rao1452@gmail.com,9227794349,Mysore,Karnataka,2025-10-06
358,Karthik,Singh,karthik.singh358@gmail.com,6952909281,Chennai,Tamil Nadu,2026-03-13
3192,Rahul,Mehta,rahul.mehta3192@gmail.com,9605056423,Karimnagar,Telangana,2025-12-23
ABC123,Harsha,Reddy,user593@gmail.com,6586272760,Chennai,Tamil Nadu,2025-10-16
4130,Vikram,Joshi,user7069@gmail.com,9348343292,Coimbatore,Tamil Nadu,NOT_A_DATE
185,Praveen,Reddy,gmail.com,123,Nashik,Maharashtra,2025-11-16
832,Suresh,Verma,suresh.verma832@gmail.com,9817314480,Warangal,Telangana,2025-11-17
550,Ajay,Reddy,ajay.reddy550@gmail.com,8411958661,Hubli,Karnataka,2026-05-23
899,Anil,Naidu,anil.naidu899@gmail.com,8160620514,Nashik,Maharashtra,2025-10-09
4031,Ajay,Singh,user4031@gmail.com,8521400846,,Tamil Nadu,2025-11-01
3203,Sai,Patel,sai.patel3203@gmail.com,9480738498,Hyderabad,Telangana,2025-06-29
2596,Sai,Verma,sai.verma2596@gmail.com,7561797197,Hubli,Karnataka,2026-01-13
1440,Ajay,Yadav,ajay.yadav1440@gmail.com,9950365115,Coimbatore,Tamil Nadu,2025-11-21
1039,Rahul,Verma,rahul.verma1039@gmail.com,7246074877,Madurai,Tamil Nadu,2025-07-12
2114,Ravi,Sharma,ravi.sharma2114@gmail.com,7881297136,Pune,Maharashtra,2025-11-26
920,Varun,Sharma,varun.sharma920@gmail.com,7797116028,Mysore,Karnataka,2025-09-30
2400,Rahul,Naidu,rahul.naidu2400@gmail.com,6879621460,Mangalore,Karnataka,2026-05-15
1139,Anil,Gupta,user257@gmail.com,6190813404,Nizamabad,UNKNOWN_STATE,2026-05-01
2284,Kiran,Naidu,kiran.naidu2284@gmail.com,9045830591,Mangalore,Karnataka,2026-02-23
3614,Suresh,Patel,suresh.patel3614@gmail.com,7071699534,Madurai,Tamil Nadu,2025-09-19
1114,Ajay,Reddy,ajay.reddy1114@gmail.com,8529233975,Mysore,Karnataka,2026-01-31
3986,,,user3986@gmail.com,8302457525,Warangal,Telangana,2026-05-17
2419,Naveen,Gupta,naveen.gupta2419@gmail.com,9741274393,Bangalore,Karnataka,2026-06-20
2840,"Mahesh,Vrk,Kalyan",Verma,"mahesh,vrk,kalyan.verma2840@gmail.com",7821593579,Mangalore,Karnataka,2026-01-16
1708,Karthik,NULL,user7362@gmail.com,PHONE,Karimnagar,Telangana,2025-08-18
935,Praveen,Kumar,praveen.kumar935@gmail.com,7274203540,Mangalore,Karnataka,2026-01-17
1727,Rahul,Reddy,rahul.reddy1727@gmail.com,7326434040,Tirupati,Andhra Pradesh,2026-04-03
2054,Ramesh,Joshi,ramesh.joshi2054@gmail.com,9133635439,Nizamabad,Telangana,2026-03-12
2050,Harsha,Patel,harsha.patel2050@gmail.com,6374383945,Mangalore,Karnataka,2025-10-30
145,Harsha,Kumar,harsha.kumar145@gmail.com,9634803754,Salem,Tamil Nadu,2026-04-14
520,Ravi,Rao,ravi.rao520@gmail.com,9495508689,Nizamabad,Telangana,2025-12-26
1240,Ajay,Sharma,ajay.sharma1240@gmail.com,7376641903,Karimnagar,Telangana,2026-04-24
910,Varun,Mehta,varun.mehta910@gmail.com,8452902354,Pune,Maharashtra,2026-05-23
3951,,Reddy,user3951@gmail.com,6383309540,Karimnagar,Telangana,2025-07-11
2454,Harsha,Joshi,harsha.joshi2454@gmail.com,8376457425,Hyderabad,Telangana,2025-09-18
3662,,Naidu,user3662@gmail.com,7341943699,Chennai,,2025-09-27
2030,Karthik,Singh,karthik.singh2030@gmail.com,8719313646,Salem,Tamil Nadu,2026-02-04
5070,@@@@,Sharma,user6261@gmail.com,6956179578,Mumbai,Maharashtra,2026-06-08
2868,"Mahesh,Vrk,Kalyan",Rao,"mahesh,vrk,kalyan.rao2868@gmail.com",9175988526,Bangalore,Karnataka,2026-05-15
4134,Praveen,Rao,user4134@gmail.com,6676407180,Tirupati,,2026-02-11
2178,Ravi,Rao,ravi.rao2178@gmail.com,8743265986,Nagpur,Maharashtra,2026-01-22
2785,Suresh,Kumar,suresh.kumar2785@gmail.com,6285308839,Hyderabad,Telangana,2025-08-17
3918,Praveen,,user3918@gmail.com,6729388314,Nagpur,Maharashtra,
1605,"Mahesh,Vrk,Kalyan",Rao,"mahesh,vrk,kalyan.rao1605@gmail.com",9310054504,Hubli,Karnataka,2025-11-21
2715,Ajay,Kumar,ajay.kumar2715@gmail.com,7064774916,Coimbatore,Tamil Nadu,2025-08-06
933,Harsha,Reddy,harsha.reddy933@gmail.com,8637182593,Madurai,Tamil Nadu,2026-05-10
2827,Varun,Reddy,varun.reddy2827@gmail.com,8538137290,Guntur,Andhra Pradesh,2025-10-18
386,9999,Sharma,user2375@gmail.com,8424768052,Madurai,###,2026-01-26
1555,Varun,Mehta,varun.mehta1555@gmail.com,6180479913,Nizamabad,Telangana,2025-12-15
286,"Mahesh,Vrk,Kalyan",Kumar,"mahesh,vrk,kalyan.kumar286@gmail.com",6279740385,Mumbai,Maharashtra,2025-08-30
2688,Ramesh,Kumar,ramesh.kumar2688@gmail.com,7930773496,Mumbai,Maharashtra,2025-11-13
941,Anil,Singh,anil.singh941@gmail.com,9365567158,Bangalore,Karnataka,2025-10-17
2464,Arjun,Verma,arjun.verma2464@gmail.com,9124339450,Madurai,Tamil Nadu,2026-05-26
371,Manoj,Yadav,manoj.yadav371@gmail.com,8662018411,Warangal,Telangana,2026-04-07
INVALID,Varun,Gupta,user1986@gmail.com,6931300973,Madurai,Tamil Nadu,2025-12-28
2935,Arjun,Verma,arjun.verma2935@gmail.com,9089058728,Tirupati,Andhra Pradesh,2025-10-26
1558,Harsha,Joshi,harsha.joshi1558@gmail.com,6848351271,Visakhapatnam,Andhra Pradesh,2026-04-11
2474,Ajay,Patel,ajay.patel2474@gmail.com,8922067068,Bangalore,Karnataka,2025-09-24
703,Suresh,Yadav,suresh.yadav703@gmail.com,6087425611,Vijayawada,Andhra Pradesh,2026-06-22
2174,Rahul,Sharma,rahul.sharma2174@gmail.com,6871730875,Hyderabad,Telangana,2026-02-06
542,Vikram,Sharma,vikram.sharma542@gmail.com,9000672630,Coimbatore,Tamil Nadu,2025-06-25
3305,Kiran,Gupta,kiran.gupta3305@gmail.com,6246815437,Chennai,Tamil Nadu,2025-10-04
4017,Rahul,,user4017@gmail.com,9393819379,,Karnataka,2026-02-07
2594,Suresh,Verma,suresh.verma2594@gmail.com,9121713219,Pune,Maharashtra,2025-09-01
3483,Kiran,Sharma,kiran.sharma3483@gmail.com,8278104650,Visakhapatnam,Andhra Pradesh,2025-08-07
835,Arjun,Patel,arjun.patel835@gmail.com,9232424888,Warangal,Telangana,2026-01-08
2334,Harsha,Gupta,harsha.gupta2334@gmail.com,9266295112,Madurai,Tamil Nadu,2026-03-25
1946,Karthik,Gupta,karthik.gupta1946@gmail.com,9750625221,Hyderabad,Telangana,2025-07-21
2017,Rahul,Reddy,rahul.reddy2017@gmail.com,7800106804,Hubli,Karnataka,2025-06-28
4850,Manoj,###,user1869@gmail.com,6603739982,Chennai,Tamil Nadu,32-13-2025
2051,Ravi,Patel,ravi.patel2051@gmail.com,8055126907,Hyderabad,Telangana,2026-05-31
4138,Rahul,Kumar,user4138@gmail.com,8061730837,,,2025-09-29
3860,Vikram,Reddy,,6960358990,Karimnagar,Telangana,2025-11-30
2594,Anil,Singh,user6668@gmail.com,8377984085,Madurai,123,2025-08-30
119,Naveen,Gupta,naveen.gupta119@gmail.com,6092812809,Mysore,Karnataka,2025-10-13
3318,Sai,Mehta,sai.mehta3318@gmail.com,9919304235,Pune,Maharashtra,2026-05-19
330,Manoj,Kumar,manoj.kumar330@gmail.com,8853292409,Nizamabad,Telangana,2026-04-26
2625,Rahul,Patel,rahul.patel2625@gmail.com,7541116306,Chennai,Tamil Nadu,2025-12-16
1642,Suresh,Naidu,suresh.naidu1642@gmail.com,9055104209,Nashik,Maharashtra,2025-12-02
79,Manoj,Kumar,manoj.kumar79@gmail.com,8532529062,Karimnagar,Telangana,2026-02-13
772,Rahul,Verma,rahul.verma772@gmail.com,6776603121,Mysore,Karnataka,2026-05-25
3687,Kiran,,user3687@gmail.com,,Karimnagar,Telangana,2025-09-06
3075,Sai,Mehta,sai.mehta3075@gmail.com,6230280440,Visakhapatnam,Andhra Pradesh,2026-01-26
3013,Rahul,Singh,@test,8434682833,Hyderabad,123,2025-07-11
2962,Varun,Sharma,varun.sharma2962@gmail.com,8572981249,Mangalore,Karnataka,2026-04-23
1560,Naveen,Yadav,naveen.yadav1560@gmail.com,8669453365,Tirupati,Andhra Pradesh,2026-05-15
3544,"Mahesh,Vrk,Kalyan",Singh,"mahesh,vrk,kalyan.singh3544@gmail.com",6360245243,Salem,Tamil Nadu,2026-05-02
2180,Ravi,Rao,ravi.rao2180@gmail.com,6191677614,Salem,Tamil Nadu,2026-04-02
1579,Vikram,Verma,vikram.verma1579@gmail.com,9219036103,Visakhapatnam,Andhra Pradesh,2026-03-25
340,Ramesh,Singh,ramesh.singh340@gmail.com,7361619477,Nizamabad,Telangana,2025-09-22
339,Kiran,Kumar,kiran.kumar339@gmail.com,6899775019,Nagpur,Maharashtra,2025-11-06
2880,Ravi,Gupta,ravi.gupta2880@gmail.com,8044615002,Visakhapatnam,Andhra Pradesh,2026-01-13
1374,Kiran,Yadav,kiran.yadav1374@gmail.com,9523041064,Chennai,Tamil Nadu,2026-04-25
2837,Ramesh,Patel,ramesh.patel2837@gmail.com,7855668444,Mumbai,Maharashtra,2026-04-09
2393,"Mahesh,Vrk,Kalyan",Singh,"mahesh,vrk,kalyan.singh2393@gmail.com",9626383411,Pune,Maharashtra,2026-05-28
3532,Anil,Singh,anil.singh3532@gmail.com,6961830052,Bangalore,Karnataka,2026-03-23
1298,"Mahesh,Vrk,Kalyan",Yadav,abc@,8671298697,Nashik,Maharashtra,2026-05-09
3459,Anil,Verma,anil.verma3459@gmail.com,6996552147,Visakhapatnam,Andhra Pradesh,2026-02-27
2604,Varun,Kumar,varun.kumar2604@gmail.com,7085323098,Vijayawada,Andhra Pradesh,2026-03-03
3799,,Naidu,user3799@gmail.com,9042389268,Tirupati,Andhra Pradesh,2026-03-24
32,Harsha,Reddy,harsha.reddy32@gmail.com,6806964392,Pune,Maharashtra,2025-10-19
4749,Sai,Gupta,gmail.com,7992793535,Mangalore,Karnataka,2026-02-09
4002,Suresh,Singh,,9516047195,Mangalore,Karnataka,
2557,Ajay,Kumar,ajay.kumar2557@gmail.com,7910519338,Nashik,Maharashtra,2026-05-11
1022,Ramesh,Verma,ramesh.verma1022@gmail.com,9785226379,Nashik,Maharashtra,2025-10-15
1802,Ravi,Patel,ravi.patel1802@gmail.com,6958257401,Salem,Tamil Nadu,2025-08-28
267,Rahul,Mehta,rahul.mehta267@gmail.com,6746531034,Mangalore,Karnataka,2025-07-03
2009,Naveen,Mehta,naveen.mehta2009@gmail.com,6134308723,Mangalore,Karnataka,2025-08-21
2985,Karthik,Naidu,karthik.naidu2985@gmail.com,6227835398,Tirupati,Andhra Pradesh,2026-01-07
524,Manoj,Gupta,manoj.gupta524@gmail.com,9695682489,Nagpur,Maharashtra,2026-02-22
45,Rahul,Yadav,rahul.yadav45@gmail.com,6336837736,Vijayawada,Andhra Pradesh,2025-07-22
1789,Ramesh,Naidu,ramesh.naidu1789@gmail.com,6198876516,Guntur,Andhra Pradesh,2025-10-16
1331,Kiran,Mehta,kiran.mehta1331@gmail.com,8345436600,Visakhapatnam,Andhra Pradesh,2026-02-09
2792,Arjun,Rao,arjun.rao2792@gmail.com,7502663774,Nagpur,Maharashtra,2026-06-12
1898,Harsha,Reddy,harsha.reddy1898@gmail.com,8070404729,Nizamabad,Telangana,2026-03-19
2262,Ramesh,Reddy,ramesh.reddy2262@gmail.com,6584859615,Warangal,Telangana,2025-10-17
1136,Rahul,Rao,rahul.rao1136@gmail.com,6599740926,Karimnagar,Telangana,2026-02-11
1487,Anil,Reddy,anil.reddy1487@gmail.com,9707101687,Coimbatore,Tamil Nadu,2026-02-02
4062,Manoj,Reddy,user4062@gmail.com,6849552353,Tirupati,,2025-08-22
637,Karthik,Sharma,karthik.sharma637@gmail.com,7445940197,Visakhapatnam,Andhra Pradesh,2025-08-31
2109,Kiran,Joshi,kiran.joshi2109@gmail.com,7646578596,Nizamabad,Telangana,2025-10-20
3052,Ajay,Naidu,ajay.naidu3052@gmail.com,8487014358,Warangal,Telangana,2025-08-12
2251,Praveen,Mehta,praveen.mehta2251@gmail.com,8008087069,Karimnagar,Telangana,2026-02-24
2656,Varun,Gupta,varun.gupta2656@gmail.com,9326613566,Tirupati,Andhra Pradesh,2025-09-15
3829,Ravi,Mehta,user3829@gmail.com,7238641223,Mangalore,,
938,Ajay,Naidu,ajay.naidu938@gmail.com,6254799513,Coimbatore,Tamil Nadu,2026-01-15
3389,Ravi,Naidu,ravi.naidu3389@gmail.com,7481273955,Mangalore,Karnataka,2026-02-16
1164,Ravi,Singh,user7937@gmail.com,8934349069,Mangalore,###,32-13-2025
1600,Ravi,Verma,ravi.verma1600@gmail.com,7462682769,Mumbai,Maharashtra,2025-09-12
1741,Naveen,Joshi,naveen.joshi1741@gmail.com,6960961811,Guntur,Andhra Pradesh,2026-06-01
3363,Karthik,Kumar,karthik.kumar3363@gmail.com,6057949489,Pune,Maharashtra,2025-06-25
404,Ajay,Patel,ajay.patel404@gmail.com,6487739843,Chennai,Tamil Nadu,2026-03-28
417,Kiran,Patel,kiran.patel417@gmail.com,6004392170,Mysore,Karnataka,2025-10-04
ABC123,Harsha,Joshi,user6736@gmail.com,8260199022,Vijayawada,Andhra Pradesh,2026-05-18
629,Karthik,Singh,karthik.singh629@gmail.com,7571512260,Nizamabad,Telangana,2025-06-23
1980,Ravi,Sharma,ravi.sharma1980@gmail.com,7294816613,Mumbai,Maharashtra,2025-07-13
2819,Vikram,Patel,vikram.patel2819@gmail.com,7181809679,Nizamabad,Telangana,2026-05-29
3449,Ravi,Patel,ravi.patel3449@gmail.com,9189086790,Coimbatore,Tamil Nadu,2025-07-05
3114,Anil,Rao,anil.rao3114@gmail.com,9680242629,Guntur,Andhra Pradesh,2026-01-26
625,Rahul,Gupta,rahul.gupta625@gmail.com,9025316039,Bangalore,Karnataka,2026-03-19
598,Manoj,Naidu,manoj.naidu598@gmail.com,9664150644,Karimnagar,Telangana,2026-04-24
1888,Suresh,Singh,suresh.singh1888@gmail.com,7444984263,Mysore,Karnataka,2025-08-05
2186,Varun,Yadav,varun.yadav2186@gmail.com,7940083498,Bangalore,Karnataka,2025-09-27
1443,Anil,Patel,anil.patel1443@gmail.com,7855726390,Warangal,Telangana,2025-08-16
2092,Ajay,Mehta,ajay.mehta2092@gmail.com,6100295705,Salem,Tamil Nadu,2025-10-16
295,Manoj,Yadav,manoj.yadav295@gmail.com,7168389521,Hubli,Karnataka,2025-07-06
2440,Harsha,Reddy,harsha.reddy2440@gmail.com,6739122594,Visakhapatnam,Andhra Pradesh,2026-05-14
1504,Ajay,Joshi,ajay.joshi1504@gmail.com,8490847657,Pune,Maharashtra,2025-12-24
2162,Anil,Mehta,anil.mehta2162@gmail.com,9338971844,Nagpur,Maharashtra,2025-06-29
55,Ramesh,Patel,ramesh.patel55@gmail.com,9173396786,Nizamabad,Telangana,2025-08-05
881,Ajay,Joshi,ajay.joshi881@gmail.com,9340805861,Tirupati,Andhra Pradesh,2025-07-25
1484,Ravi,Yadav,ravi.yadav1484@gmail.com,7109591049,Coimbatore,Tamil Nadu,2026-01-28
1264,Ramesh,Patel,ramesh.patel1264@gmail.com,7128111352,Nashik,Maharashtra,2026-06-05
452,Suresh,Patel,suresh.patel452@gmail.com,8797366105,Pune,Maharashtra,2025-08-28
1450,Ajay,Verma,ajay.verma1450@gmail.com,9817272846,Nizamabad,Telangana,2025-06-28
2255,Karthik,Yadav,karthik.yadav2255@gmail.com,9132636600,Salem,Tamil Nadu,2026-03-02
3425,Arjun,Patel,arjun.patel3425@gmail.com,8521938485,Pune,Maharashtra,2025-11-08
1027,Arjun,Sharma,arjun.sharma1027@gmail.com,7989229933,Chennai,Tamil Nadu,2026-02-23
2781,Arjun,Reddy,arjun.reddy2781@gmail.com,9849045893,Guntur,Andhra Pradesh,2026-04-10
3745,Suresh,Reddy,,8562822117,Bangalore,Karnataka,2025-08-22
1284,"Mahesh,Vrk,Kalyan",Kumar,"mahesh,vrk,kalyan.kumar1284@gmail.com",9076278731,Hubli,Karnataka,2025-07-06
3704,Vikram,Verma,user3704@gmail.com,7772193698,Hyderabad,Telangana,
425,Rahul,Sharma,rahul.sharma425@gmail.com,6506115727,Salem,Tamil Nadu,2026-05-31
925,Varun,Naidu,varun.naidu925@gmail.com,7034073170,Salem,Tamil Nadu,2026-06-11
1303,Naveen,Kumar,naveen.kumar1303@gmail.com,7816569532,Coimbatore,Tamil Nadu,2026-05-14
478,Vikram,Singh,vikram.singh478@gmail.com,9397078494,Vijayawada,Andhra Pradesh,2025-12-25
3357,Arjun,Kumar,arjun.kumar3357@gmail.com,7248787859,Bangalore,Karnataka,2026-02-25
2357,Ramesh,Sharma,ramesh.sharma2357@gmail.com,8014977802,Vijayawada,Andhra Pradesh,2025-10-27
2250,Rahul,Mehta,rahul.mehta2250@gmail.com,7491931646,Karimnagar,Telangana,2025-07-01
2805,Kiran,Reddy,kiran.reddy2805@gmail.com,7880617206,Mangalore,Karnataka,2026-02-14
3277,Naveen,Yadav,naveen.yadav3277@gmail.com,6572716808,Coimbatore,Tamil Nadu,2026-03-18
124,Praveen,Patel,praveen.patel124@gmail.com,9721671595,Bangalore,Karnataka,2026-05-29
2161,Anil,###,user4649@gmail.com,7793715376,Visakhapatnam,Andhra Pradesh,32-13-2025
3454,Arjun,Verma,arjun.verma3454@gmail.com,7944490065,Chennai,Tamil Nadu,2025-11-26
3690,Karthik,Gupta,user3690@gmail.com,6777213260,,Andhra Pradesh,2025-07-30
3531,Sai,Singh,sai.singh3531@gmail.com,7771188857,Salem,Tamil Nadu,2025-07-02
2957,Karthik,Mehta,karthik.mehta2957@gmail.com,7296673047,Coimbatore,Tamil Nadu,2026-06-08
2313,Manoj,Verma,manoj.verma2313@gmail.com,6535738001,Bangalore,Karnataka,2026-04-22
2500,Ramesh,Sharma,ramesh.sharma2500@gmail.com,8955430525,Vijayawada,Andhra Pradesh,2025-09-02
3262,Suresh,Naidu,suresh.naidu3262@gmail.com,7361483538,Vijayawada,Andhra Pradesh,2025-12-15
996,Praveen,Kumar,praveen.kumar996@gmail.com,9067007407,Hubli,Karnataka,2026-04-11
1349,Rahul,Mehta,rahul.mehta1349@gmail.com,6577193482,Vijayawada,Andhra Pradesh,2025-12-23
3134,Praveen,Gupta,praveen.gupta3134@gmail.com,6631310812,Visakhapatnam,Andhra Pradesh,2025-11-30
3973,Vikram,Rao,,6253317339,Guntur,,2026-04-10
2775,Suresh,Naidu,suresh.naidu2775@gmail.com,9837234683,Coimbatore,Tamil Nadu,2025-07-12
311,Anil,Naidu,anil.naidu311@gmail.com,7883535244,Chennai,Tamil Nadu,2026-02-03
4068,,Yadav,user4068@gmail.com,9383742968,Chennai,,2025-08-07
3164,Ramesh,Sharma,ramesh.sharma3164@gmail.com,7271713663,Mysore,Karnataka,2025-11-25
1526,Harsha,Singh,harsha.singh1526@gmail.com,6119275318,Visakhapatnam,Andhra Pradesh,2025-09-10
19,Karthik,Joshi,karthik.joshi19@gmail.com,8867342387,Mangalore,Karnataka,2026-05-27
2517,Manoj,Gupta,manoj.gupta2517@gmail.com,6146291229,Guntur,Andhra Pradesh,2026-02-04
2356,Ravi,Verma,ravi.verma2356@gmail.com,9933755324,Mangalore,Karnataka,2026-01-08
2160,Ramesh,Reddy,ramesh.reddy2160@gmail.com,8550618344,Nashik,Maharashtra,2026-02-11
756,Praveen,Mehta,praveen.mehta756@gmail.com,8328957492,Chennai,Tamil Nadu,2025-12-06
3369,Sai,Joshi,sai.joshi3369@gmail.com,9369775067,Visakhapatnam,Andhra Pradesh,2025-10-04
117,Kiran,Verma,kiran.verma117@gmail.com,7885228638,Karimnagar,Telangana,2026-04-20
2899,Harsha,Kumar,harsha.kumar2899@gmail.com,9973922990,Tirupati,Andhra Pradesh,2026-02-15
INVALID,"Mahesh,Vrk,Kalyan",###,user7453@gmail.com,6887331280,Nashik,Maharashtra,2026-03-23
3551,Naveen,Naidu,naveen.naidu3551@gmail.com,7296475425,Visakhapatnam,Andhra Pradesh,2026-05-17
1990,Suresh,Rao,suresh.rao1990@gmail.com,7847504355,Visakhapatnam,Andhra Pradesh,2025-06-27
5944,Kiran,Joshi,gmail.com,8416352915,Tirupati,Andhra Pradesh,2026-03-23
110,Rahul,Rao,rahul.rao110@gmail.com,9436432681,Bangalore,Karnataka,2025-09-13
1114,12345,Naidu,user9859@gmail.com,9654345646,Guntur,Andhra Pradesh,2025-10-25
2966,Vikram,Gupta,vikram.gupta2966@gmail.com,9137341539,Chennai,Tamil Nadu,2025-08-31
2189,Suresh,Singh,suresh.singh2189@gmail.com,6658374087,Madurai,Tamil Nadu,2025-10-13
206,Sai,Reddy,sai.reddy206@gmail.com,9244685963,Salem,Tamil Nadu,2025-08-02
1338,Ramesh,Gupta,ramesh.gupta1338@gmail.com,7234573745,Madurai,Tamil Nadu,2026-06-22
4045,Naveen,Kumar,,,Madurai,Tamil Nadu,2025-11-29
1942,Ajay,Yadav,ajay.yadav1942@gmail.com,6554709620,Nashik,Maharashtra,2026-05-08
106,Harsha,Joshi,harsha.joshi106@gmail.com,8749346902,Vijayawada,Andhra Pradesh,2025-12-11
1782,Ramesh,Reddy,ramesh.reddy1782@gmail.com,8540891019,Hyderabad,Telangana,2026-05-24
4593,Anil,###,user5138@gmail.com,7716271253,Visakhapatnam,###,2026-01-26
906,Arjun,Reddy,arjun.reddy906@gmail.com,6174147827,Chennai,Tamil Nadu,2025-08-25
2832,Manoj,Rao,manoj.rao2832@gmail.com,7702000625,Warangal,Telangana,2025-07-31
2618,Ramesh,Naidu,ramesh.naidu2618@gmail.com,8621096283,Hubli,Karnataka,2025-11-10
1064,"Mahesh,Vrk,Kalyan",Rao,@test,9476386715,Hyderabad,Telangana,2025-09-29
3149,Praveen,Mehta,praveen.mehta3149@gmail.com,7723602216,Mangalore,Karnataka,2025-11-13
3963,Ravi,Mehta,,6327641225,,Karnataka,2025-12-01
294,Manoj,Reddy,manoj.reddy294@gmail.com,6598766566,Chennai,Tamil Nadu,2026-05-08
2640,Naveen,Patel,naveen.patel2640@gmail.com,6310485871,Tirupati,Andhra Pradesh,2025-10-01
2152,Karthik,Singh,karthik.singh2152@gmail.com,8124311609,Salem,Tamil Nadu,2025-12-11
CUST###,Praveen,Kumar,user6743@gmail.com,9958183520,Karimnagar,Telangana,2026-01-15
CUST###,9999,Joshi,user717@gmail.com,9300816060,Madurai,Tamil Nadu,2025-12-18
279,Manoj,Kumar,manoj.kumar279@gmail.com,8360365394,Tirupati,Andhra Pradesh,2026-01-06
2616,Ajay,Gupta,ajay.gupta2616@gmail.com,9104650752,Hubli,Karnataka,2025-11-18
2063,Sai,Singh,sai.singh2063@gmail.com,6280744763,Hubli,Karnataka,2025-09-23
1208,Vikram,Reddy,vikram.reddy1208@gmail.com,6401692625,Hyderabad,Telangana,2025-06-27
775,Ravi,Gupta,ravi.gupta775@gmail.com,9663715541,Karimnagar,Telangana,2025-08-28
456,Varun,Patel,varun.patel456@gmail.com,8996213363,Pune,Maharashtra,2026-03-09
851,Ajay,Rao,ajay.rao851@gmail.com,8384360499,Visakhapatnam,Andhra Pradesh,2025-09-09
1653,Ravi,Kumar,ravi.kumar1653@gmail.com,6346370518,Warangal,Telangana,2026-01-08
1266,Vikram,Rao,vikram.rao1266@gmail.com,8075873938,Nizamabad,Telangana,2025-11-26
3694,Suresh,Gupta,user3694@gmail.com,9709857527,,Telangana,2025-07-29
869,Kiran,Mehta,kiran.mehta869@gmail.com,8218521392,Chennai,Tamil Nadu,2026-02-09
3378,Karthik,Patel,karthik.patel3378@gmail.com,8649113224,Nagpur,Maharashtra,2025-10-11
242,Naveen,Mehta,naveen.mehta242@gmail.com,8783323688,Nagpur,Maharashtra,2026-05-12
234,Anil,Yadav,anil.yadav234@gmail.com,8720645993,Nagpur,Maharashtra,2025-07-27
1588,Naveen,Sharma,naveen.sharma1588@gmail.com,6671210304,Hyderabad,Telangana,2025-06-27
3442,Rahul,Verma,rahul.verma3442@gmail.com,6333412864,Karimnagar,Telangana,2025-09-21
193,Sai,Gupta,sai.gupta193@gmail.com,7221092306,Nizamabad,Telangana,2025-10-02
ABC123,@@@@,Verma,user8890@gmail.com,6931172187,Mumbai,Maharashtra,2026-01-13
771,Ramesh,Gupta,ramesh.gupta771@gmail.com,7750212062,Hubli,Karnataka,2025-10-15
2146,Suresh,Rao,suresh.rao2146@gmail.com,6339009862,Madurai,Tamil Nadu,2026-02-20
139,Kiran,Verma,kiran.verma139@gmail.com,9553220086,Tirupati,Andhra Pradesh,2026-06-10
1909,Karthik,Yadav,karthik.yadav1909@gmail.com,6741250629,Warangal,Telangana,2026-05-07
1391,Harsha,Sharma,harsha.sharma1391@gmail.com,7266338510,Nagpur,Maharashtra,2025-07-09
176,"Mahesh,Vrk,Kalyan",Yadav,"mahesh,vrk,kalyan.yadav176@gmail.com",7097033505,Nizamabad,Telangana,2025-07-27
1577,Vikram,Sharma,vikram.sharma1577@gmail.com,8085150463,Visakhapatnam,Andhra Pradesh,2026-01-02
1612,Ajay,Naidu,ajay.naidu1612@gmail.com,7003021101,Warangal,Telangana,2025-08-08
4077,,Singh,user4077@gmail.com,6962140175,Karimnagar,Telangana,2025-09-24
1785,Karthik,Mehta,karthik.mehta1785@gmail.com,8865508835,Chennai,Tamil Nadu,2026-01-21
1332,Ramesh,Yadav,ramesh.yadav1332@gmail.com,7374139240,Tirupati,Andhra Pradesh,2025-07-23
2783,Manoj,Joshi,manoj.joshi2783@gmail.com,6506453425,Vijayawada,Andhra Pradesh,2026-04-22
3558,"Mahesh,Vrk,Kalyan",Yadav,"mahesh,vrk,kalyan.yadav3558@gmail.com",8797913553,Mangalore,Karnataka,2025-12-26
468,Karthik,Reddy,user2894@gmail.com,999,Karimnagar,Telangana,2099-99-99
1163,Arjun,Gupta,arjun.gupta1163@gmail.com,7342696620,Bangalore,Karnataka,2025-12-21
799,Harsha,Mehta,harsha.mehta799@gmail.com,9073517112,Mysore,Karnataka,2025-10-22
2203,Praveen,Reddy,praveen.reddy2203@gmail.com,9593199709,Tirupati,Andhra Pradesh,2025-07-04
1330,Harsha,Singh,harsha.singh1330@gmail.com,9315305129,Visakhapatnam,Andhra Pradesh,2025-09-04
2863,Sai,Gupta,sai.gupta2863@gmail.com,8282728242,Vijayawada,Andhra Pradesh,2025-09-26
914,Ajay,Patel,ajay.patel914@gmail.com,8891454948,Chennai,Tamil Nadu,2026-01-22
1633,Varun,Gupta,varun.gupta1633@gmail.com,6232300993,Karimnagar,Telangana,2026-02-13
1314,Kiran,Yadav,kiran.yadav1314@gmail.com,9433256135,Mangalore,Karnataka,2025-11-20
2685,Ramesh,Singh,ramesh.singh2685@gmail.com,8318612013,Salem,Tamil Nadu,2026-03-02
2873,Harsha,Mehta,harsha.mehta2873@gmail.com,7955923523,Mumbai,Maharashtra,2026-01-30
2453,Arjun,Yadav,arjun.yadav2453@gmail.com,6150087963,Warangal,Telangana,2025-07-17
300,Arjun,Patel,arjun.patel300@gmail.com,8424305874,Hyderabad,Telangana,2026-03-27
ABC123,Ravi,Naidu,user1571@gmail.com,8530355629,Mangalore,UNKNOWN_STATE,2025-11-20
593,Sai,Gupta,sai.gupta593@gmail.com,6369962666,Guntur,Andhra Pradesh,2025-12-26
1420,Naveen,Sharma,naveen.sharma1420@gmail.com,8751114676,Chennai,Tamil Nadu,2025-07-06
644,Ravi,Verma,ravi.verma644@gmail.com,9231453013,Tirupati,Andhra Pradesh,2025-07-14
2606,Sai,Mehta,sai.mehta2606@gmail.com,7015801341,Visakhapatnam,Andhra Pradesh,2026-03-08
1389,Varun,Yadav,varun.yadav1389@gmail.com,8291064993,Pune,Maharashtra,2026-05-10
1627,Karthik,Rao,karthik.rao1627@gmail.com,6350488651,Madurai,Tamil Nadu,2025-11-10
1533,Vikram,Naidu,vikram.naidu1533@gmail.com,7111925551,Madurai,Tamil Nadu,2026-05-12
848,Ravi,Reddy,ravi.reddy848@gmail.com,7274902313,Salem,Tamil Nadu,2025-12-28
460,"Mahesh,Vrk,Kalyan",Naidu,"mahesh,vrk,kalyan.naidu460@gmail.com",7705229904,Guntur,Andhra Pradesh,2025-10-16
3515,Varun,Reddy,varun.reddy3515@gmail.com,6735315006,Bangalore,Karnataka,2026-05-02
4157,Manoj,Sharma,user4157@gmail.com,6523519683,,Tamil Nadu,2025-09-24
972,Suresh,Singh,suresh.singh972@gmail.com,8473058682,Vijayawada,Andhra Pradesh,2025-10-17
3507,Rahul,Patel,rahul.patel3507@gmail.com,9626216185,Nizamabad,Telangana,2025-10-20
2876,Sai,Patel,sai.patel2876@gmail.com,9194068156,Nizamabad,Telangana,2026-03-02
1994,Harsha,Singh,harsha.singh1994@gmail.com,6974124097,Tirupati,Andhra Pradesh,2025-08-18
2998,Harsha,Sharma,harsha.sharma2998@gmail.com,7518859227,Coimbatore,Tamil Nadu,2025-09-18
3600,Varun,Mehta,varun.mehta3600@gmail.com,8888405948,Chennai,Tamil Nadu,2025-11-26
2523,Naveen,Reddy,gmail.com,123,Hubli,Karnataka,2025-07-22
2499,Rahul,Naidu,rahul.naidu2499@gmail.com,8609138867,Salem,Tamil Nadu,2026-04-03
2307,Praveen,Singh,praveen.singh2307@gmail.com,9497888074,Pune,Maharashtra,2025-08-27
3493,Praveen,Sharma,praveen.sharma3493@gmail.com,9462778652,Nagpur,Maharashtra,2026-03-04
3580,Vikram,Patel,vikram.patel3580@gmail.com,8350410878,Madurai,Tamil Nadu,2026-05-13
3285,Ramesh,Rao,ramesh.rao3285@gmail.com,6117459830,Nashik,Maharashtra,2025-06-24
3500,@@@@,Patel,user5711@gmail.com,7943437545,Mangalore,Karnataka,2025-06-27
1863,Sai,Patel,sai.patel1863@gmail.com,8065882512,Mysore,Karnataka,2026-02-11
2322,Karthik,Gupta,karthik.gupta2322@gmail.com,6427940840,Guntur,Andhra Pradesh,2026-05-20
3696,,Yadav,user3696@gmail.com,8905125492,Nizamabad,Telangana,
3158,Ravi,Naidu,ravi.naidu3158@gmail.com,6390993384,Mysore,Karnataka,2026-05-16
62,Varun,Kumar,varun.kumar62@gmail.com,9441409996,Karimnagar,Telangana,2026-02-06
1383,Naveen,Gupta,naveen.gupta1383@gmail.com,7624055982,Chennai,Tamil Nadu,2026-03-05
3396,Vikram,Kumar,vikram.kumar3396@gmail.com,6228895687,Mumbai,Maharashtra,2025-12-27
3259,Naveen,Verma,naveen.verma3259@gmail.com,7888128467,Nagpur,Maharashtra,2026-05-14
INVALID,Vikram,Gupta,abc@,9472256967,Nashik,Maharashtra,2026-03-25
1848,Rahul,Patel,rahul.patel1848@gmail.com,9485652268,Karimnagar,Telangana,2025-08-29
1318,Harsha,Patel,harsha.patel1318@gmail.com,9528577686,Vijayawada,Andhra Pradesh,2026-04-30
3607,Sai,Naidu,sai.naidu3607@gmail.com,8642550881,Mysore,Karnataka,2026-06-09
4087,Karthik,Joshi,user4847@gmail.com,8335077217,Karimnagar,###,32-13-2025
3276,Suresh,Yadav,suresh.yadav3276@gmail.com,6915504514,Visakhapatnam,Andhra Pradesh,2026-02-13
1124,Ajay,Mehta,ajay.mehta1124@gmail.com,8601367723,Coimbatore,Tamil Nadu,2026-04-16
260,Kiran,Joshi,kiran.joshi260@gmail.com,8207866435,Warangal,Telangana,2026-01-09
958,Karthik,Mehta,karthik.mehta958@gmail.com,7627370230,Tirupati,Andhra Pradesh,2025-10-08
4063,,Singh,user4063@gmail.com,9481957908,Bangalore,Karnataka,2025-07-10
2636,"Mahesh,Vrk,Kalyan",Yadav,"mahesh,vrk,kalyan.yadav2636@gmail.com",8964385762,Guntur,Andhra Pradesh,2025-11-08
946,Varun,Verma,varun.verma946@gmail.com,7570450891,Nashik,Maharashtra,2025-11-05
3802,Ajay,Gupta,,7353632763,Tirupati,,2026-03-01
1928,Karthik,Gupta,karthik.gupta1928@gmail.com,7165551600,Pune,Maharashtra,2025-08-13
50,Ravi,Singh,ravi.singh50@gmail.com,6494354701,Warangal,Telangana,2025-12-09
596,Rahul,Joshi,rahul.joshi596@gmail.com,6765770994,Nashik,Maharashtra,2026-03-02
2978,Kiran,Singh,kiran.singh2978@gmail.com,7885518084,Hubli,Karnataka,2025-11-22
224,Kiran,Singh,kiran.singh224@gmail.com,7045591142,Hubli,Karnataka,2025-11-11
2519,Kiran,Reddy,kiran.reddy2519@gmail.com,7980743071,Tirupati,Andhra Pradesh,2026-05-02
1864,Varun,Verma,varun.verma1864@gmail.com,9181030820,Visakhapatnam,Andhra Pradesh,2025-11-24
90,Varun,Singh,varun.singh90@gmail.com,7393152142,Mumbai,Maharashtra,2026-01-31
CUST###,Suresh,Joshi,user5501@gmail.com,9709493168,Hyderabad,UNKNOWN_STATE,2026-04-03
3873,Rahul,Reddy,user3873@gmail.com,,Mangalore,,2026-03-07
3279,Manoj,Reddy,manoj.reddy3279@gmail.com,9125878337,Visakhapatnam,Andhra Pradesh,2026-05-29
3218,Varun,Reddy,varun.reddy3218@gmail.com,9341881231,Salem,Tamil Nadu,2026-06-16
2543,Vikram,Singh,vikram.singh2543@gmail.com,8255942496,Pune,Maharashtra,2026-04-03
1686,Rahul,Mehta,user2778@gmail.com,8729327125,@@@@,Tamil Nadu,2025-09-09
971,Karthik,Joshi,@test,7701450189,Mysore,Karnataka,2025-11-29
1310,Sai,Yadav,sai.yadav1310@gmail.com,9447426120,Guntur,Andhra Pradesh,2026-01-15
447,Praveen,Patel,praveen.patel447@gmail.com,6066515933,Visakhapatnam,Andhra Pradesh,2026-04-17
3281,9999,Naidu,user4526@gmail.com,8529547365,Mangalore,Karnataka,NOT_A_DATE
1790,Naveen,Patel,naveen.patel1790@gmail.com,9703966705,Madurai,Tamil Nadu,2026-02-21
497,Sai,Rao,sai.rao497@gmail.com,9035701443,Chennai,Tamil Nadu,2026-01-21
380,@@@@,###,user947@gmail.com,9202637279,Visakhapatnam,Andhra Pradesh,2026-02-28
4008,Arjun,Reddy,user4008@gmail.com,9496250214,,Maharashtra,
2564,Karthik,Sharma,karthik.sharma2564@gmail.com,9905674419,Mumbai,Maharashtra,2025-07-16
5872,Vikram,Joshi,gmail.com,7557023668,Coimbatore,Tamil Nadu,2099-99-99
3142,Vikram,Rao,vikram.rao3142@gmail.com,8533567620,Pune,Maharashtra,2025-07-26
1692,Kiran,Naidu,kiran.naidu1692@gmail.com,7372594482,Chennai,Tamil Nadu,2026-06-12
4095,Vikram,Yadav,,7288561528,Chennai,Tamil Nadu,2026-05-30
2201,Sai,Joshi,sai.joshi2201@gmail.com,7464493872,Madurai,Tamil Nadu,2026-03-24
2562,Harsha,Singh,harsha.singh2562@gmail.com,7801595461,Hyderabad,Telangana,2026-01-08
82,Ravi,Rao,ravi.rao82@gmail.com,7580178245,Nashik,Maharashtra,2025-06-30
1337,Karthik,Kumar,karthik.kumar1337@gmail.com,7230235102,Mangalore,Karnataka,2026-06-08
608,Sai,Naidu,sai.naidu608@gmail.com,6031389989,Hubli,Karnataka,2025-12-18
2617,Suresh,Patel,suresh.patel2617@gmail.com,7447629090,Warangal,Telangana,2026-02-17
2018,Ajay,Mehta,ajay.mehta2018@gmail.com,6066780870,Vijayawada,Andhra Pradesh,2026-03-29
1519,Ajay,Patel,ajay.patel1519@gmail.com,7643178518,Mumbai,Maharashtra,2025-10-12
27,Suresh,Reddy,suresh.reddy27@gmail.com,6342830788,Mumbai,Maharashtra,2025-07-02
395,Ajay,Gupta,ajay.gupta395@gmail.com,8108319298,Tirupati,Andhra Pradesh,2025-09-15
194,Ravi,Naidu,ravi.naidu194@gmail.com,7025576759,Coimbatore,Tamil Nadu,2025-11-27
1496,Praveen,Yadav,praveen.yadav1496@gmail.com,9804820900,Mysore,Karnataka,2026-02-17
3070,Ajay,Gupta,ajay.gupta3070@gmail.com,9476163293,Coimbatore,Tamil Nadu,2025-10-27
1672,Rahul,Kumar,rahul.kumar1672@gmail.com,7790217963,Nagpur,Maharashtra,2026-03-31
2898,Harsha,Patel,harsha.patel2898@gmail.com,6309527761,Hubli,Karnataka,2025-12-04
1275,"Mahesh,Vrk,Kalyan",Yadav,"mahesh,vrk,kalyan.yadav1275@gmail.com",6833743053,Nizamabad,Telangana,2025-08-29
325,Rahul,Joshi,rahul.joshi325@gmail.com,9780220528,Hyderabad,Telangana,2025-11-18
1401,Praveen,Verma,praveen.verma1401@gmail.com,9884150612,Guntur,Andhra Pradesh,2026-05-15
1792,Manoj,Patel,manoj.patel1792@gmail.com,6914959511,Mysore,Karnataka,2025-12-15
842,Kiran,Joshi,kiran.joshi842@gmail.com,7980353884,Mangalore,Karnataka,2026-03-29
803,Sai,Mehta,sai.mehta803@gmail.com,6866466353,Pune,Maharashtra,2025-07-09
975,Rahul,Mehta,rahul.mehta975@gmail.com,8876818083,Mumbai,Maharashtra,2025-07-08
1460,Ajay,Mehta,ajay.mehta1460@gmail.com,7573240388,Tirupati,Andhra Pradesh,2025-08-25
135,Manoj,Mehta,manoj.mehta135@gmail.com,6675280168,Salem,Tamil Nadu,2026-05-30
2142,Varun,Patel,varun.patel2142@gmail.com,7265322308,Guntur,Andhra Pradesh,2025-09-09
1111,Suresh,Singh,suresh.singh1111@gmail.com,9978068414,Coimbatore,Tamil Nadu,2025-11-12
2710,Praveen,Kumar,praveen.kumar2710@gmail.com,9601865930,Coimbatore,Tamil Nadu,2025-07-04
2585,Sai,Sharma,sai.sharma2585@gmail.com,9056421222,Warangal,Telangana,2025-11-26
2364,Suresh,Singh,suresh.singh2364@gmail.com,9353646523,Vijayawada,Andhra Pradesh,2025-08-27
2599,Arjun,Kumar,arjun.kumar2599@gmail.com,9547459854,Guntur,Andhra Pradesh,2025-12-30
2862,Ajay,Kumar,ajay.kumar2862@gmail.com,9493142136,Bangalore,Karnataka,2025-09-12
186,Vikram,Reddy,vikram.reddy186@gmail.com,6794005612,Mysore,Karnataka,2025-10-17
211,Anil,Kumar,anil.kumar211@gmail.com,9945512066,Nashik,Maharashtra,2025-12-26
2147,Ravi,Singh,ravi.singh2147@gmail.com,9939644250,Madurai,Tamil Nadu,2025-09-17
2541,Ravi,Joshi,ravi.joshi2541@gmail.com,9703030698,Tirupati,Andhra Pradesh,2025-07-09
3961,Vikram,Singh,,8587637011,Vijayawada,Andhra Pradesh,2026-06-01
3906,Praveen,,user3906@gmail.com,,Karimnagar,Telangana,2026-01-21
575,Varun,Mehta,varun.mehta575@gmail.com,6758441525,Coimbatore,Tamil Nadu,2026-01-01
3283,Ramesh,Kumar,ramesh.kumar3283@gmail.com,6176392724,Karimnagar,Telangana,2025-12-12
2790,Karthik,Naidu,karthik.naidu2790@gmail.com,9581932578,Pune,Maharashtra,2025-12-08
3767,,Gupta,user3767@gmail.com,7373674426,Coimbatore,Tamil Nadu,2025-07-31
3837,Karthik,Joshi,user3837@gmail.com,9868532188,Pune,Maharashtra,
3083,Ajay,Gupta,ajay.gupta3083@gmail.com,9672539717,Mysore,Karnataka,2025-08-19
565,Ramesh,Reddy,ramesh.reddy565@gmail.com,9563441268,Salem,Tamil Nadu,2025-08-16
INVALID,Ajay,Gupta,user5697@gmail.com,PHONE,Hyderabad,Telangana,2025-09-06
2654,Praveen,Reddy,praveen.reddy2654@gmail.com,6772082010,Guntur,Andhra Pradesh,2026-01-26
3504,Praveen,Yadav,praveen.yadav3504@gmail.com,7448487449,Warangal,Telangana,2025-07-20
3319,Vikram,Singh,vikram.singh3319@gmail.com,6010074541,Warangal,Telangana,2026-03-07
2127,Kiran,Patel,kiran.patel2127@gmail.com,7580819202,Bangalore,Karnataka,2026-02-02
231,"Mahesh,Vrk,Kalyan",Gupta,"mahesh,vrk,kalyan.gupta231@gmail.com",6003190527,Pune,Maharashtra,2025-07-06
79,Manoj,Kumar,manoj.kumar79@gmail.com,8532529062,Karimnagar,Telangana,2026-02-13
2652,Ramesh,Mehta,ramesh.mehta2652@gmail.com,6330787438,Karimnagar,Telangana,2026-06-18
3822,Karthik,Sharma,,,Tirupati,Andhra Pradesh,2025-10-19
2415,Manoj,Patel,manoj.patel2415@gmail.com,8898416942,Pune,Maharashtra,2025-11-29
1766,Varun,Joshi,varun.joshi1766@gmail.com,8295583109,Mumbai,Maharashtra,2025-11-11
5023,Ramesh,Kumar,abc@,7537756689,Pune,Maharashtra,2099-99-99
1834,Anil,Reddy,anil.reddy1834@gmail.com,8239155714,Guntur,Andhra Pradesh,2025-08-10
3998,Harsha,,user3998@gmail.com,9212868765,Madurai,Tamil Nadu,2026-06-15
3978,Karthik,,user3978@gmail.com,7284980592,Vijayawada,Andhra Pradesh,2026-02-05
1924,Suresh,Verma,suresh.verma1924@gmail.com,7837935529,Karimnagar,Telangana,2025-12-19
1156,"Mahesh,Vrk,Kalyan",Patel,"mahesh,vrk,kalyan.patel1156@gmail.com",6032932542,Guntur,Andhra Pradesh,2025-10-02
115,"Mahesh,Vrk,Kalyan",Patel,user7687@gmail.com,7717771011,123CITY,Tamil Nadu,2026-04-04
2398,Ramesh,Rao,ramesh.rao2398@gmail.com,6538582637,Coimbatore,Tamil Nadu,2025-07-06
3930,,Joshi,user3930@gmail.com,6788689552,,Maharashtra,2025-12-21
2177,Karthik,Sharma,abc@,9499892122,123CITY,Karnataka,2026-01-02
2279,Arjun,Naidu,arjun.naidu2279@gmail.com,6882313692,Chennai,Tamil Nadu,2025-09-08
3146,Sai,Kumar,sai.kumar3146@gmail.com,8695346528,Vijayawada,Andhra Pradesh,2025-10-10
352,Anil,Yadav,anil.yadav352@gmail.com,7308946091,Nashik,Maharashtra,2026-05-06
1012,Sai,Singh,sai.singh1012@gmail.com,6299130181,Mysore,Karnataka,2025-12-01
1416,Rahul,Patel,rahul.patel1416@gmail.com,6325938462,Vijayawada,Andhra Pradesh,2026-01-15
1545,Karthik,Gupta,karthik.gupta1545@gmail.com,8452270445,Hyderabad,Telangana,2025-09-15
3436,Ajay,Rao,ajay.rao3436@gmail.com,8733893828,Coimbatore,Tamil Nadu,2026-01-28
67,Manoj,Yadav,manoj.yadav67@gmail.com,9511997610,Salem,Tamil Nadu,2025-12-14
1695,Naveen,Rao,naveen.rao1695@gmail.com,6165562313,Hubli,Karnataka,2025-07-09
3245,Ramesh,Reddy,ramesh.reddy3245@gmail.com,9315471555,Madurai,Tamil Nadu,2026-04-22
590,Naveen,Patel,naveen.patel590@gmail.com,6479964567,Mumbai,Maharashtra,2025-12-18
242,Naveen,Mehta,naveen.mehta242@gmail.com,8783323688,Nagpur,Maharashtra,2026-05-12
2611,Ramesh,Yadav,ramesh.yadav2611@gmail.com,9801904426,Bangalore,Karnataka,2025-10-17
4136,Vikram,Sharma,user4136@gmail.com,,Chennai,Tamil Nadu,
1778,Ramesh,Naidu,ramesh.naidu1778@gmail.com,6877110848,Mumbai,Maharashtra,2026-01-06
2308,Ramesh,Rao,ramesh.rao2308@gmail.com,7358390308,Nagpur,Maharashtra,2025-11-03
2547,Kiran,Reddy,kiran.reddy2547@gmail.com,7452513142,Salem,Tamil Nadu,2025-10-26
323,Manoj,Sharma,manoj.sharma323@gmail.com,8848963073,Pune,Maharashtra,2025-07-23
3960,Sai,,user3960@gmail.com,6787517837,,Karnataka,2025-08-25
3932,Praveen,,user3932@gmail.com,8720196325,Mangalore,Karnataka,
3419,Kiran,Naidu,kiran.naidu3419@gmail.com,6802893803,Coimbatore,Tamil Nadu,2025-10-25
1213,Rahul,Naidu,rahul.naidu1213@gmail.com,8309068590,Mangalore,Karnataka,2025-10-24
3835,Suresh,Verma,user3835@gmail.com,,Nashik,Maharashtra,2025-10-07
3204,Harsha,Patel,harsha.patel3204@gmail.com,6727407133,Nagpur,Maharashtra,2026-06-05
CUST###,"Mahesh,Vrk,Kalyan",Kumar,user9060@gmail.com,8500489342,Nizamabad,Telangana,2026-06-16
3586,Anil,Sharma,anil.sharma3586@gmail.com,7027996701,Guntur,Andhra Pradesh,2025-08-06
1253,Naveen,Verma,naveen.verma1253@gmail.com,9668752632,Mumbai,Maharashtra,2025-10-08
2060,Anil,Kumar,anil.kumar2060@gmail.com,9430861902,Vijayawada,Andhra Pradesh,2026-06-18
2772,Suresh,Yadav,suresh.yadav2772@gmail.com,7289236227,Nashik,Maharashtra,2025-08-10
2886,Sai,Naidu,sai.naidu2886@gmail.com,8880680213,Warangal,Telangana,2025-12-21
4016,Varun,Naidu,user4016@gmail.com,8191646256,Nagpur,,2026-04-24
2652,Ramesh,Mehta,ramesh.mehta2652@gmail.com,6330787438,Karimnagar,Telangana,2026-06-18
2061,Praveen,Patel,praveen.patel2061@gmail.com,7482579282,Visakhapatnam,Andhra Pradesh,2026-01-11
3614,Suresh,Patel,suresh.patel3614@gmail.com,7071699534,Madurai,Tamil Nadu,2025-09-19
1069,Rahul,Gupta,rahul.gupta1069@gmail.com,7207685871,Karimnagar,Telangana,2026-02-23
3646,Karthik,Yadav,user3646@gmail.com,8008476050,,Karnataka,2025-12-25
1242,Harsha,Kumar,harsha.kumar1242@gmail.com,6072741029,Chennai,Tamil Nadu,2025-11-19
297,Anil,Patel,anil.patel297@gmail.com,7437396043,Nizamabad,Telangana,2026-03-17
3093,Vikram,Patel,vikram.patel3093@gmail.com,8560424600,Pune,Maharashtra,2025-10-21
3309,Sai,Verma,sai.verma3309@gmail.com,8692998026,Madurai,Tamil Nadu,2026-01-03
3817,Praveen,Singh,user3817@gmail.com,8368720250,Mumbai,Maharashtra,
2460,Ravi,Yadav,ravi.yadav2460@gmail.com,7988749577,Mumbai,Maharashtra,2026-05-05
2645,Sai,Naidu,sai.naidu2645@gmail.com,8811455599,Karimnagar,Telangana,2026-02-11
1291,Harsha,Yadav,harsha.yadav1291@gmail.com,8567165170,Mysore,Karnataka,2026-05-06
4014,,Rao,user4014@gmail.com,7597263793,Madurai,Tamil Nadu,2025-08-28
1589,Kiran,Gupta,kiran.gupta1589@gmail.com,6423878052,Guntur,Andhra Pradesh,2026-03-29
788,Vikram,Naidu,vikram.naidu788@gmail.com,9082775801,Mysore,Karnataka,2026-04-29
2483,Ajay,Rao,ajay.rao2483@gmail.com,9911921670,Karimnagar,Telangana,2026-04-16
1658,Ravi,Sharma,ravi.sharma1658@gmail.com,6449975982,Vijayawada,Andhra Pradesh,2025-07-21
2183,Manoj,Verma,manoj.verma2183@gmail.com,9669537677,Pune,Maharashtra,2025-12-23
2477,Suresh,Yadav,suresh.yadav2477@gmail.com,7753338266,Coimbatore,Tamil Nadu,2025-09-25
2269,Rahul,Mehta,rahul.mehta2269@gmail.com,9631065141,Mysore,Karnataka,2026-05-10
1849,Anil,Mehta,anil.mehta1849@gmail.com,6332461026,Visakhapatnam,Andhra Pradesh,2026-06-06
510,Manoj,Rao,manoj.rao510@gmail.com,8456556109,Pune,Maharashtra,2025-08-29
3500,Anil,Joshi,anil.joshi3500@gmail.com,6826434843,Visakhapatnam,Andhra Pradesh,2025-07-12
2866,Karthik,Verma,karthik.verma2866@gmail.com,8805339257,Warangal,Telangana,2026-01-12
3510,Arjun,Reddy,arjun.reddy3510@gmail.com,7816372191,Guntur,Andhra Pradesh,2025-10-05
2749,Kiran,Verma,kiran.verma2749@gmail.com,9341538600,Mumbai,Maharashtra,2025-07-25
1688,Rahul,Naidu,rahul.naidu1688@gmail.com,6815279722,Visakhapatnam,Andhra Pradesh,2025-10-29
2600,Karthik,Reddy,karthik.reddy2600@gmail.com,6025222905,Mumbai,Maharashtra,2025-07-01
1044,Ravi,Naidu,ravi.naidu1044@gmail.com,7708480393,Bangalore,Karnataka,2026-05-10
1743,Kiran,Joshi,kiran.joshi1743@gmail.com,6112670857,Warangal,Telangana,2026-04-22
3848,Rahul,Yadav,user3848@gmail.com,7308199289,Coimbatore,,2026-06-03
1590,Manoj,Mehta,manoj.mehta1590@gmail.com,9622271360,Tirupati,Andhra Pradesh,2026-05-20
1833,Naveen,Sharma,naveen.sharma1833@gmail.com,8409388623,Nagpur,Maharashtra,2026-04-25
462,Karthik,Singh,karthik.singh462@gmail.com,6220062649,Madurai,Tamil Nadu,2025-11-08
4120,Kiran,Yadav,user4120@gmail.com,,Karimnagar,Telangana,2025-09-20
1820,Varun,Verma,varun.verma1820@gmail.com,9473892468,Bangalore,Karnataka,2026-03-08
1368,Arjun,Rao,arjun.rao1368@gmail.com,7888411942,Warangal,Telangana,2026-05-25
699,Rahul,Naidu,rahul.naidu699@gmail.com,6934130110,Bangalore,Karnataka,2025-11-17
3711,Praveen,Reddy,user3711@gmail.com,8719225805,,Andhra Pradesh,
1158,Ajay,Gupta,ajay.gupta1158@gmail.com,9352643842,Warangal,Telangana,2026-03-13
2077,Varun,Sharma,varun.sharma2077@gmail.com,7845558095,Warangal,Telangana,2025-09-22
4069,Rahul,Joshi,,9458260595,Warangal,Telangana,2025-08-26
2921,Arjun,Rao,arjun.rao2921@gmail.com,6296294554,Chennai,Tamil Nadu,2026-04-14
2784,Varun,Joshi,varun.joshi2784@gmail.com,6846824101,Mangalore,Karnataka,2026-01-05
455,Karthik,Sharma,karthik.sharma455@gmail.com,7321354091,Madurai,Tamil Nadu,2026-01-30
1722,Ravi,Gupta,ravi.gupta1722@gmail.com,7629445624,Karimnagar,Telangana,2026-02-27
1165,Praveen,Joshi,praveen.joshi1165@gmail.com,6992713126,Guntur,Andhra Pradesh,2026-06-18
3763,Praveen,Rao,user3763@gmail.com,8422300291,Hubli,,2025-10-08
ABC123,Praveen,Reddy,user394@gmail.com,999,Pune,Maharashtra,2026-02-19
1900,"Mahesh,Vrk,Kalyan",Rao,"mahesh,vrk,kalyan.rao1900@gmail.com",7024732781,Nizamabad,Telangana,2025-09-28
2877,Manoj,Patel,manoj.patel2877@gmail.com,9600252973,Madurai,Tamil Nadu,2025-12-25
3301,Anil,Joshi,anil.joshi3301@gmail.com,8369195864,Hubli,Karnataka,2025-11-28
1208,Vikram,Sharma,user1512@gmail.com,9976860426,9999,Telangana,2026-06-20
4131,Praveen,,,7647463036,Chennai,Tamil Nadu,2026-04-30
4135,Suresh,Joshi,,9843766882,Bangalore,Karnataka,2026-05-25
3413,"Mahesh,Vrk,Kalyan",Joshi,"mahesh,vrk,kalyan.joshi3413@gmail.com",6417440112,Coimbatore,Tamil Nadu,2026-03-12
2513,Naveen,Rao,naveen.rao2513@gmail.com,8001951404,Hubli,Karnataka,2025-11-06
1201,Varun,Naidu,varun.naidu1201@gmail.com,7093232008,Pune,Maharashtra,2026-02-15
3010,Rahul,Joshi,rahul.joshi3010@gmail.com,6755323042,Tirupati,Andhra Pradesh,2026-02-23
2740,Karthik,Yadav,karthik.yadav2740@gmail.com,7326613638,Tirupati,Andhra Pradesh,2025-07-15
2188,Naveen,Verma,user7625@gmail.com,6094948332,Nizamabad,UNKNOWN_STATE,2026-01-03
1457,Ajay,Sharma,user1890@gmail.com,123,Bangalore,Karnataka,2025-09-27
7,Sai,Rao,gmail.com,999,Nashik,Maharashtra,2026-06-13
1443,Anil,Patel,anil.patel1443@gmail.com,7855726390,Warangal,Telangana,2025-08-16
2774,Naveen,Kumar,naveen.kumar2774@gmail.com,7747547941,Nagpur,Maharashtra,2025-12-24
3383,Anil,Rao,anil.rao3383@gmail.com,8228771657,Bangalore,Karnataka,2025-08-03
5424,Sai,Mehta,user31@gmail.com,123,Visakhapatnam,Andhra Pradesh,2025-11-03
2605,Karthik,Kumar,karthik.kumar2605@gmail.com,7906285755,Karimnagar,Telangana,2025-08-13
3816,Sai,Patel,user3816@gmail.com,9698559357,Nizamabad,Telangana,
257,Rahul,Kumar,rahul.kumar257@gmail.com,9721070513,Mumbai,Maharashtra,2026-06-12
936,Praveen,Mehta,praveen.mehta936@gmail.com,8616099206,Bangalore,Karnataka,2026-02-08
396,"Mahesh,Vrk,Kalyan",Joshi,"mahesh,vrk,kalyan.joshi396@gmail.com",6613757877,Mysore,Karnataka,2026-05-29
1033,Suresh,Verma,suresh.verma1033@gmail.com,8961625925,Salem,Tamil Nadu,2026-06-21
576,Manoj,Gupta,manoj.gupta576@gmail.com,8880807093,Tirupati,Andhra Pradesh,2025-09-24
1858,Suresh,Naidu,suresh.naidu1858@gmail.com,8151860907,Mumbai,Maharashtra,2026-02-07
3603,Ravi,Naidu,ravi.naidu3603@gmail.com,6984375363,Hubli,Karnataka,2026-01-31
3029,Varun,Kumar,varun.kumar3029@gmail.com,6748423294,Mumbai,Maharashtra,2026-03-08
2995,Ravi,Rao,ravi.rao2995@gmail.com,7748815258,Mysore,Karnataka,2025-10-21
2789,"Mahesh,Vrk,Kalyan",Verma,"mahesh,vrk,kalyan.verma2789@gmail.com",7950152019,Hyderabad,Telangana,2026-06-11
1791,Ajay,Patel,ajay.patel1791@gmail.com,7460979535,Bangalore,Karnataka,2025-12-12
1634,Ravi,Joshi,ravi.joshi1634@gmail.com,6322173735,Nashik,Maharashtra,2026-06-17
3627,Praveen,Verma,praveen.verma3627@gmail.com,9678310578,Mysore,Karnataka,2026-04-23
3362,Ravi,Kumar,ravi.kumar3362@gmail.com,9727195411,Vijayawada,Andhra Pradesh,2026-02-24
2932,Vikram,Yadav,gmail.com,7278872864,Madurai,Tamil Nadu,2026-03-03
3009,Harsha,Singh,harsha.singh3009@gmail.com,8301126195,Madurai,Tamil Nadu,2025-09-06
3181,Rahul,Patel,rahul.patel3181@gmail.com,8881261470,Nizamabad,Telangana,2025-10-01
76,Ramesh,Verma,ramesh.verma76@gmail.com,9298399194,Mangalore,Karnataka,2026-01-13
1157,Karthik,Yadav,karthik.yadav1157@gmail.com,9789714603,Visakhapatnam,Andhra Pradesh,2026-05-10
1746,Rahul,Yadav,rahul.yadav1746@gmail.com,7214080677,Vijayawada,Andhra Pradesh,2026-05-16
2788,Anil,Sharma,anil.sharma2788@gmail.com,6048530968,Vijayawada,Andhra Pradesh,2026-02-10
2085,Ramesh,Patel,ramesh.patel2085@gmail.com,9457634199,Coimbatore,Tamil Nadu,2025-07-02
259,Anil,Kumar,anil.kumar259@gmail.com,6599582998,Hubli,Karnataka,2026-02-20
2504,Manoj,Yadav,manoj.yadav2504@gmail.com,6389403883,Vijayawada,Andhra Pradesh,2025-12-29
2329,Vikram,Yadav,vikram.yadav2329@gmail.com,6492096061,Visakhapatnam,Andhra Pradesh,2025-09-16
3804,Suresh,Kumar,user3804@gmail.com,9912859451,,Telangana,2025-07-18
786,Karthik,Gupta,karthik.gupta786@gmail.com,8100729368,Warangal,Telangana,2026-04-23
2327,Praveen,Singh,praveen.singh2327@gmail.com,6502270838,Warangal,Telangana,2026-02-05
278,Ajay,Sharma,user6107@gmail.com,9707997186,Salem,123,2026-05-09
726,Anil,Reddy,anil.reddy726@gmail.com,9179330873,Visakhapatnam,Andhra Pradesh,2025-12-15
22,Naveen,Naidu,naveen.naidu22@gmail.com,8117416460,Hubli,Karnataka,2025-10-20
2172,Sai,Gupta,sai.gupta2172@gmail.com,6340134993,Guntur,Andhra Pradesh,2026-01-31
2858,Ravi,Kumar,ravi.kumar2858@gmail.com,9450853594,Salem,Tamil Nadu,2025-09-30
208,Manoj,Gupta,manoj.gupta208@gmail.com,8847116418,Coimbatore,Tamil Nadu,2025-11-10
2345,Kiran,Sharma,kiran.sharma2345@gmail.com,8172864824,Hubli,Karnataka,2026-03-18
564,Ravi,Joshi,ravi.joshi564@gmail.com,7477069907,Salem,Tamil Nadu,2026-04-04
3027,Ajay,Sharma,ajay.sharma3027@gmail.com,9390527473,Coimbatore,Tamil Nadu,2026-06-05
3626,Kiran,Sharma,kiran.sharma3626@gmail.com,6927651155,Nashik,Maharashtra,2026-05-07
224,Praveen,NULL,user621@gmail.com,9659805819,Mangalore,UNKNOWN_STATE,2026-04-12
142,Vikram,Rao,vikram.rao142@gmail.com,6924490675,Warangal,Telangana,2026-01-12
2468,Arjun,Yadav,arjun.yadav2468@gmail.com,8115654452,Vijayawada,Andhra Pradesh,2025-10-20
3212,Arjun,Rao,arjun.rao3212@gmail.com,6736270805,Nagpur,Maharashtra,2026-06-01
2951,12345,Reddy,user8597@gmail.com,6252225620,Mumbai,Maharashtra,2026-05-27
889,Sai,Verma,sai.verma889@gmail.com,9686516244,Tirupati,Andhra Pradesh,2026-05-16
968,Harsha,Gupta,harsha.gupta968@gmail.com,9719304893,Nashik,Maharashtra,2025-10-12
1765,Vikram,Joshi,vikram.joshi1765@gmail.com,8020503252,Coimbatore,Tamil Nadu,2026-05-06
1200,Ajay,Verma,ajay.verma1200@gmail.com,6162983835,Hyderabad,Telangana,2026-01-18
5072,9999,Gupta,user3359@gmail.com,9385555367,Chennai,Tamil Nadu,2026-05-20
1896,Karthik,Kumar,karthik.kumar1896@gmail.com,6275312607,Chennai,Tamil Nadu,2025-10-03
3061,Arjun,Patel,arjun.patel3061@gmail.com,9551240115,Coimbatore,Tamil Nadu,2026-04-03
CUST###,Manoj,Patel,user391@gmail.com,6993917731,Tirupati,Andhra Pradesh,2025-09-02
2570,Manoj,Singh,manoj.singh2570@gmail.com,9955000814,Mangalore,Karnataka,2025-07-04
3207,Manoj,Gupta,manoj.gupta3207@gmail.com,6642887894,Visakhapatnam,Andhra Pradesh,2026-04-22
2207,Vikram,Sharma,vikram.sharma2207@gmail.com,7755764839,Mumbai,Maharashtra,2025-10-09
685,"Mahesh,Vrk,Kalyan",Mehta,"mahesh,vrk,kalyan.mehta685@gmail.com",9114907373,Chennai,Tamil Nadu,2026-02-12
4021,Rahul,,user4021@gmail.com,6638597875,Nizamabad,,2025-09-14
1081,Suresh,Joshi,suresh.joshi1081@gmail.com,8577218413,Mysore,Karnataka,2025-10-19
301,Kiran,Yadav,kiran.yadav301@gmail.com,7030073488,Hyderabad,Telangana,2026-01-05
263,"Mahesh,Vrk,Kalyan",Patel,"mahesh,vrk,kalyan.patel263@gmail.com",9248533578,Nizamabad,Telangana,2026-05-04
2312,Manoj,Rao,manoj.rao2312@gmail.com,8176681288,Hyderabad,Telangana,2026-02-14
245,Ravi,Gupta,ravi.gupta245@gmail.com,9728554297,Tirupati,Andhra Pradesh,2025-10-02
3569,Rahul,Gupta,rahul.gupta3569@gmail.com,7282291465,Vijayawada,Andhra Pradesh,2026-03-24
931,Kiran,Singh,kiran.singh931@gmail.com,8700701737,Hyderabad,Telangana,2025-12-23
366,Manoj,Naidu,manoj.naidu366@gmail.com,9576205244,Salem,Tamil Nadu,2026-06-10
1449,Sai,Patel,sai.patel1449@gmail.com,6351278025,Bangalore,Karnataka,2025-12-12
3936,Manoj,Naidu,,7958336791,Visakhapatnam,Andhra Pradesh,2025-11-24
4059,Vikram,Yadav,user4059@gmail.com,9164383519,Mangalore,Karnataka,
537,Praveen,Mehta,praveen.mehta537@gmail.com,6516651151,Madurai,Tamil Nadu,2025-08-07
1549,Ramesh,Sharma,ramesh.sharma1549@gmail.com,9999836207,Nagpur,Maharashtra,2026-04-18
1482,Ramesh,Joshi,ramesh.joshi1482@gmail.com,6261915489,Mumbai,Maharashtra,2025-11-20
1966,Arjun,Rao,arjun.rao1966@gmail.com,8538525047,Nizamabad,Telangana,2026-02-02
2893,Manoj,Patel,manoj.patel2893@gmail.com,9960162902,Guntur,Andhra Pradesh,2025-08-21
3834,,Sharma,user3834@gmail.com,9832879996,Nashik,Maharashtra,2025-11-18
3292,Varun,Patel,varun.patel3292@gmail.com,9095240938,Tirupati,Andhra Pradesh,2026-01-10
4140,Varun,Naidu,user4140@gmail.com,6534475175,Tirupati,Andhra Pradesh,
2803,Arjun,Singh,arjun.singh2803@gmail.com,6954189455,Coimbatore,Tamil Nadu,2025-12-31
2972,Kiran,Mehta,kiran.mehta2972@gmail.com,9940878436,Nagpur,Maharashtra,2025-10-02
1356,Ravi,Naidu,ravi.naidu1356@gmail.com,6471066250,Chennai,Tamil Nadu,2025-11-21
2481,Rahul,Gupta,rahul.gupta2481@gmail.com,8102678550,Visakhapatnam,Andhra Pradesh,2025-11-26
3344,Manoj,Reddy,manoj.reddy3344@gmail.com,6564668141,Warangal,Telangana,2025-09-06
3643,Harsha,Kumar,user3643@gmail.com,6419517506,Tirupati,Andhra Pradesh,
388,Vikram,Reddy,vikram.reddy388@gmail.com,6459091085,Nashik,Maharashtra,2026-04-19
2556,Harsha,Reddy,harsha.reddy2556@gmail.com,8074980094,Madurai,Tamil Nadu,2025-07-27
3186,Arjun,Naidu,arjun.naidu3186@gmail.com,7609844786,Visakhapatnam,Andhra Pradesh,2025-07-08
3104,Arjun,Singh,arjun.singh3104@gmail.com,6115125210,Tirupati,Andhra Pradesh,2025-12-12
376,Rahul,Sharma,rahul.sharma376@gmail.com,8744268463,Bangalore,Karnataka,2026-05-21
1111,Ajay,NULL,user4004@gmail.com,PHONE,Warangal,Telangana,2026-05-19
857,Suresh,Rao,suresh.rao857@gmail.com,7863199786,Nashik,Maharashtra,2026-03-12
711,Varun,Verma,varun.verma711@gmail.com,9889543132,Salem,Tamil Nadu,2025-12-24
1566,Anil,Reddy,anil.reddy1566@gmail.com,6841568174,Coimbatore,Tamil Nadu,2025-09-05
2458,Praveen,Joshi,praveen.joshi2458@gmail.com,9793856399,Tirupati,Andhra Pradesh,2025-10-04
2414,Vikram,Patel,vikram.patel2414@gmail.com,7468441077,Nagpur,Maharashtra,2026-06-23
3715,Naveen,Reddy,user3715@gmail.com,7967512711,Mysore,Karnataka,
2205,Sai,Yadav,sai.yadav2205@gmail.com,7037833570,Coimbatore,Tamil Nadu,2026-01-22
3221,Sai,Joshi,sai.joshi3221@gmail.com,9653675778,Tirupati,Andhra Pradesh,2025-08-25
2512,Arjun,Singh,arjun.singh2512@gmail.com,7447980798,Salem,Tamil Nadu,2025-07-05
2964,Anil,Patel,anil.patel2964@gmail.com,6062185694,Karimnagar,Telangana,2025-09-14
4090,Harsha,,user4090@gmail.com,7299744267,,Maharashtra,2025-09-07
INVALID,Ravi,Rao,user247@gmail.com,7396741688,Madurai,Tamil Nadu,2099-99-99
111,Rahul,Verma,rahul.verma111@gmail.com,6101325426,Warangal,Telangana,2026-05-16
2722,Vikram,Kumar,vikram.kumar2722@gmail.com,7450928125,Mysore,Karnataka,2025-08-15
2871,"Mahesh,Vrk,Kalyan",Gupta,"mahesh,vrk,kalyan.gupta2871@gmail.com",6663761572,Hubli,Karnataka,2025-12-25
2939,Suresh,Patel,suresh.patel2939@gmail.com,8270649221,Bangalore,Karnataka,2025-07-10
3409,Karthik,Kumar,karthik.kumar3409@gmail.com,8706770833,Mumbai,Maharashtra,2025-11-23
3910,Suresh,Gupta,,7553702983,Mumbai,,2026-06-23
2240,Suresh,Sharma,suresh.sharma2240@gmail.com,8556948167,Mumbai,Maharashtra,2025-11-05
2959,Kiran,Gupta,kiran.gupta2959@gmail.com,9281089703,Coimbatore,Tamil Nadu,2025-08-07
2175,Kiran,Verma,kiran.verma2175@gmail.com,9034058393,Tirupati,Andhra Pradesh,2025-09-03
840,Ramesh,Reddy,ramesh.reddy840@gmail.com,7854294064,Nagpur,Maharashtra,2025-12-19
2242,Harsha,Patel,harsha.patel2242@gmail.com,9433148010,Nashik,Maharashtra,2025-11-23
2493,Ravi,Rao,@test,123,Nashik,Maharashtra,2025-11-11
1424,Ajay,Yadav,ajay.yadav1424@gmail.com,9054975607,Visakhapatnam,Andhra Pradesh,2026-01-10
2306,Varun,Naidu,varun.naidu2306@gmail.com,9792849988,Karimnagar,Telangana,2026-04-09
666,Harsha,Kumar,harsha.kumar666@gmail.com,9791549831,Hubli,Karnataka,2025-11-01
1939,Anil,Patel,anil.patel1939@gmail.com,7502115020,Visakhapatnam,Andhra Pradesh,2025-07-04
4043,Vikram,Verma,,7039940267,Mangalore,Karnataka,2026-01-23
4028,Ajay,,,8054049930,Mumbai,Maharashtra,2026-01-09
3249,Vikram,Verma,vikram.verma3249@gmail.com,9470669268,Hubli,Karnataka,2025-10-24
ABC123,9999,Gupta,user9656@gmail.com,9671097303,Mangalore,Karnataka,2025-11-25
3290,Ajay,Yadav,ajay.yadav3290@gmail.com,6842133183,Salem,Tamil Nadu,2026-02-20
258,"Mahesh,Vrk,Kalyan",Rao,"mahesh,vrk,kalyan.rao258@gmail.com",8494431627,Nashik,Maharashtra,2025-08-16
1359,Ravi,Verma,ravi.verma1359@gmail.com,7022591979,Chennai,Tamil Nadu,2026-02-07
1512,Rahul,Verma,rahul.verma1512@gmail.com,8868687638,Chennai,Tamil Nadu,2026-02-13
1181,Ravi,Kumar,ravi.kumar1181@gmail.com,6031396927,Karimnagar,Telangana,2025-07-23
3162,Harsha,Reddy,harsha.reddy3162@gmail.com,9529668313,Nashik,Maharashtra,2025-08-09
2274,Manoj,Patel,manoj.patel2274@gmail.com,8070238384,Coimbatore,Tamil Nadu,2025-10-19
1477,Manoj,Gupta,manoj.gupta1477@gmail.com,6843154439,Madurai,Tamil Nadu,2025-11-11
2171,Ramesh,Yadav,ramesh.yadav2171@gmail.com,8544591945,Mysore,Karnataka,2026-02-08
2362,Sai,Patel,sai.patel2362@gmail.com,7614515931,Tirupati,Andhra Pradesh,2025-09-15
4079,,Joshi,user4079@gmail.com,8715200918,,Tamil Nadu,2025-09-26
2926,Manoj,Naidu,manoj.naidu2926@gmail.com,6067042940,Pune,Maharashtra,2025-10-23
3499,Karthik,Rao,karthik.rao3499@gmail.com,7030615164,Karimnagar,Telangana,2026-03-31
3818,Vikram,Sharma,,8954020918,Mangalore,,2025-08-12
1397,Arjun,Singh,arjun.singh1397@gmail.com,8722372207,Nashik,Maharashtra,2025-07-28
3674,Anil,,user3674@gmail.com,6813453567,Guntur,Andhra Pradesh,2025-07-03
1149,Anil,Patel,anil.patel1149@gmail.com,7091924320,Salem,Tamil Nadu,2025-12-17
1696,Ajay,Verma,ajay.verma1696@gmail.com,8395871264,Vijayawada,Andhra Pradesh,2026-01-15
2222,Harsha,Naidu,harsha.naidu2222@gmail.com,7787431805,Nashik,Maharashtra,2026-03-25
2724,Ravi,Patel,ravi.patel2724@gmail.com,8993676013,Hubli,Karnataka,2025-07-22
262,Vikram,Patel,vikram.patel262@gmail.com,6726287756,Vijayawada,Andhra Pradesh,2026-05-09
3291,Manoj,Patel,manoj.patel3291@gmail.com,9833698502,Visakhapatnam,Andhra Pradesh,2026-02-06
1438,Suresh,Sharma,suresh.sharma1438@gmail.com,8405014635,Chennai,Tamil Nadu,2026-01-24
3391,Ravi,Rao,ravi.rao3391@gmail.com,8930549194,Vijayawada,Andhra Pradesh,2026-02-07
3699,Varun,Rao,user3699@gmail.com,,Nagpur,Maharashtra,
1200,Ajay,Verma,ajay.verma1200@gmail.com,6162983835,Hyderabad,Telangana,2026-01-18
2140,Vikram,Rao,vikram.rao2140@gmail.com,9350670797,Mumbai,Maharashtra,2025-08-31
5193,9999,Naidu,user4858@gmail.com,7089589067,Mumbai,Maharashtra,2025-10-24
322,Ramesh,Mehta,ramesh.mehta322@gmail.com,9370600848,Salem,Tamil Nadu,2026-05-23
2399,Suresh,Joshi,suresh.joshi2399@gmail.com,9944128706,Visakhapatnam,Andhra Pradesh,2025-12-11
3110,Varun,Rao,varun.rao3110@gmail.com,8374663197,Madurai,Tamil Nadu,2026-02-21
3768,,Rao,,8507267289,Bangalore,Karnataka,2026-01-08
1780,Rahul,Rao,rahul.rao1780@gmail.com,6596465105,Vijayawada,Andhra Pradesh,2025-07-24
3742,Ravi,Kumar,,8138333525,Pune,Maharashtra,2025-08-14
2137,Naveen,Mehta,naveen.mehta2137@gmail.com,7797235866,Guntur,Andhra Pradesh,2025-12-30
1871,Harsha,Kumar,harsha.kumar1871@gmail.com,6708780352,Bangalore,Karnataka,2025-12-17
2288,"Mahesh,Vrk,Kalyan",Gupta,"mahesh,vrk,kalyan.gupta2288@gmail.com",6907677885,Coimbatore,Tamil Nadu,2025-08-27
1426,Anil,Gupta,anil.gupta1426@gmail.com,7675805900,Hyderabad,Telangana,2025-09-26
4046,Kiran,,,6703785820,Mangalore,Karnataka,2026-05-12
2633,Karthik,Verma,karthik.verma2633@gmail.com,7496724464,Guntur,Andhra Pradesh,2025-08-16
1598,Karthik,Sharma,karthik.sharma1598@gmail.com,6820192632,Coimbatore,Tamil Nadu,2026-01-27
3452,Ajay,Singh,ajay.singh3452@gmail.com,9211061676,Chennai,Tamil Nadu,2026-04-29
1682,Anil,Rao,anil.rao1682@gmail.com,9953962621,Nagpur,Maharashtra,2025-12-08
1442,Manoj,Kumar,manoj.kumar1442@gmail.com,6587363041,Chennai,Tamil Nadu,2026-01-01
2421,Ramesh,Kumar,ramesh.kumar2421@gmail.com,6727131844,Hyderabad,Telangana,2025-06-26
3480,Ramesh,Reddy,ramesh.reddy3480@gmail.com,8294911445,Hubli,Karnataka,2025-11-12
387,Rahul,Verma,rahul.verma387@gmail.com,6700500146,Warangal,Telangana,2025-11-23
3501,Ravi,Singh,ravi.singh3501@gmail.com,6923800981,Tirupati,Andhra Pradesh,2025-10-02
1755,Ramesh,Verma,ramesh.verma1755@gmail.com,7101300613,Warangal,Telangana,2025-11-21
688,Naveen,Patel,naveen.patel688@gmail.com,9729347887,Guntur,Andhra Pradesh,2026-06-19
INVALID,Ramesh,123,user3031@gmail.com,9439124246,Tirupati,Andhra Pradesh,2026-03-02
597,Vikram,Kumar,vikram.kumar597@gmail.com,9530753446,Nashik,Maharashtra,2025-06-28
517,Karthik,Gupta,karthik.gupta517@gmail.com,6860106439,Warangal,Telangana,2026-01-26
687,Arjun,Reddy,arjun.reddy687@gmail.com,6506424545,Guntur,Andhra Pradesh,2026-04-12
357,Rahul,Patel,rahul.patel357@gmail.com,6693077648,Visakhapatnam,Andhra Pradesh,2025-12-23
3512,Praveen,Yadav,praveen.yadav3512@gmail.com,6987143689,Visakhapatnam,Andhra Pradesh,2025-06-23
3137,Harsha,Patel,harsha.patel3137@gmail.com,6122109605,Pune,Maharashtra,2026-04-19
1522,Ramesh,Singh,ramesh.singh1522@gmail.com,7583206503,Nashik,Maharashtra,2026-01-22
3316,Varun,Reddy,varun.reddy3316@gmail.com,9917554424,Coimbatore,Tamil Nadu,2026-01-13
4055,Ajay,Joshi,user4055@gmail.com,,Bangalore,Karnataka,
1874,Suresh,Rao,suresh.rao1874@gmail.com,6153650871,Hyderabad,Telangana,2025-09-18
1800,Karthik,Sharma,karthik.sharma1800@gmail.com,7812719348,Chennai,Tamil Nadu,2026-05-28
2544,"Mahesh,Vrk,Kalyan",Verma,"mahesh,vrk,kalyan.verma2544@gmail.com",7027848030,Nagpur,Maharashtra,2025-10-16
3795,Arjun,Reddy,user3795@gmail.com,8377819747,,Karnataka,2026-02-23
1314,Kiran,Yadav,kiran.yadav1314@gmail.com,9433256135,Mangalore,Karnataka,2025-11-20
143,Praveen,Yadav,praveen.yadav143@gmail.com,8325689002,Chennai,Tamil Nadu,2025-08-16
1759,Rahul,Singh,rahul.singh1759@gmail.com,8698662352,Pune,Maharashtra,2025-10-24
2918,Harsha,Gupta,harsha.gupta2918@gmail.com,9505056619,Pune,Maharashtra,2025-12-23
1129,Suresh,Joshi,suresh.joshi1129@gmail.com,6361436774,Mangalore,Karnataka,2025-08-03
554,Ravi,Reddy,user2600@gmail.com,6913140644,Mysore,###,2026-03-01
1317,Ramesh,Naidu,ramesh.naidu1317@gmail.com,7922923327,Hubli,Karnataka,2025-10-07
2472,Ravi,Naidu,ravi.naidu2472@gmail.com,9564953155,Tirupati,Andhra Pradesh,2026-04-14
2496,Kiran,Patel,kiran.patel2496@gmail.com,9318731864,Hyderabad,Telangana,2026-02-04
3198,Naveen,Naidu,naveen.naidu3198@gmail.com,7918150443,Mysore,Karnataka,2026-03-25
269,Kiran,Yadav,user2465@gmail.com,6559429527,Madurai,Tamil Nadu,NOT_A_DATE
3728,Suresh,Gupta,,8635322171,Coimbatore,Tamil Nadu,2025-11-06
1939,Anil,Patel,anil.patel1939@gmail.com,7502115020,Visakhapatnam,Andhra Pradesh,2025-07-04
3385,Suresh,Naidu,suresh.naidu3385@gmail.com,8384765600,Visakhapatnam,Andhra Pradesh,2025-08-28
2074,Rahul,Singh,rahul.singh2074@gmail.com,8068599869,Hubli,Karnataka,2025-10-22
2198,Anil,Reddy,anil.reddy2198@gmail.com,6504275734,Bangalore,Karnataka,2026-06-18
1832,Rahul,Singh,rahul.singh1832@gmail.com,9204206882,Guntur,Andhra Pradesh,2026-04-30
3740,Kiran,,user3740@gmail.com,8360406402,Nashik,Maharashtra,2025-08-23
3490,Ravi,Kumar,ravi.kumar3490@gmail.com,7884419576,Nizamabad,Telangana,2025-08-24
1427,Arjun,Mehta,arjun.mehta1427@gmail.com,7499885762,Chennai,Tamil Nadu,2025-07-23
3889,Naveen,,user3889@gmail.com,7985606744,Mysore,,2025-07-11
1067,Praveen,Mehta,praveen.mehta1067@gmail.com,9971622646,Mysore,Karnataka,2025-07-26
691,Naveen,Mehta,naveen.mehta691@gmail.com,8594342884,Chennai,Tamil Nadu,2026-04-25
3001,Naveen,Gupta,naveen.gupta3001@gmail.com,6122465725,Coimbatore,Tamil Nadu,2026-03-06
863,Ajay,Rao,ajay.rao863@gmail.com,7103771850,Coimbatore,Tamil Nadu,2025-08-27
2052,Anil,Mehta,anil.mehta2052@gmail.com,6280787336,Salem,Tamil Nadu,2026-05-25
499,Rahul,Verma,rahul.verma499@gmail.com,7950594562,Warangal,Telangana,2025-08-16
2576,Arjun,Naidu,arjun.naidu2576@gmail.com,7543461580,Chennai,Tamil Nadu,2025-10-14
3810,"Mahesh,Vrk,Kalyan",Singh,user5807@gmail.com,9049228217,Mumbai,###,2026-05-09
3398,Ravi,Singh,ravi.singh3398@gmail.com,8122746110,Chennai,Tamil Nadu,2025-09-27
3325,Ravi,Reddy,ravi.reddy3325@gmail.com,7140547973,Hyderabad,Telangana,2025-08-16
3466,Ravi,Naidu,ravi.naidu3466@gmail.com,6273774335,Hubli,Karnataka,2025-11-06
3546,Manoj,Rao,manoj.rao3546@gmail.com,7040729160,Mysore,Karnataka,2025-08-06
CUST###,Ramesh,Reddy,user474@gmail.com,7484334284,Hubli,Karnataka,2026-02-08
533,Ravi,Sharma,ravi.sharma533@gmail.com,6875229091,Salem,Tamil Nadu,2025-07-31
3526,Harsha,Gupta,harsha.gupta3526@gmail.com,7583973983,Mysore,Karnataka,2026-02-09
2463,Karthik,Kumar,karthik.kumar2463@gmail.com,8786025571,Nizamabad,Telangana,2026-04-19
2297,Anil,Reddy,anil.reddy2297@gmail.com,7946270716,Nashik,Maharashtra,2025-09-22
2519,Kiran,Reddy,kiran.reddy2519@gmail.com,7980743071,Tirupati,Andhra Pradesh,2026-05-02
3199,Kiran,Joshi,kiran.joshi3199@gmail.com,6830744921,Vijayawada,Andhra Pradesh,2025-10-24
ABC123,Varun,Verma,user5402@gmail.com,7153191611,Salem,Tamil Nadu,2099-99-99
1329,Kiran,Reddy,kiran.reddy1329@gmail.com,9092543347,Mumbai,Maharashtra,2025-09-20
3334,Naveen,Singh,naveen.singh3334@gmail.com,9247773636,Bangalore,Karnataka,2026-03-01
147,"Mahesh,Vrk,Kalyan",Yadav,"mahesh,vrk,kalyan.yadav147@gmail.com",7342448338,Nagpur,Maharashtra,2025-10-20
538,"Mahesh,Vrk,Kalyan",Mehta,"mahesh,vrk,kalyan.mehta538@gmail.com",6242318603,Coimbatore,Tamil Nadu,2026-02-01
406,Manoj,Sharma,manoj.sharma406@gmail.com,8751099557,Mangalore,Karnataka,2026-01-05
3717,"Mahesh,Vrk,Kalyan",,user3717@gmail.com,8793558667,,Andhra Pradesh,2026-01-11
1073,Sai,Mehta,sai.mehta1073@gmail.com,7765416444,Mysore,Karnataka,2026-03-11
1698,Rahul,Gupta,rahul.gupta1698@gmail.com,7049311126,Madurai,Tamil Nadu,2026-05-06
1773,Arjun,Verma,arjun.verma1773@gmail.com,8030468560,Chennai,Tamil Nadu,2026-01-17
3982,,Gupta,user3982@gmail.com,,Guntur,Andhra Pradesh,2025-10-02
979,Naveen,Naidu,naveen.naidu979@gmail.com,8831905563,Nagpur,Maharashtra,2025-11-30
584,Karthik,Mehta,karthik.mehta584@gmail.com,6302474727,Mysore,Karnataka,2025-09-12
4040,Rahul,Singh,user4040@gmail.com,6506619486,Hyderabad,Telangana,
525,Ravi,Sharma,ravi.sharma525@gmail.com,9784291458,Visakhapatnam,Andhra Pradesh,2025-12-04
2372,Ravi,Verma,ravi.verma2372@gmail.com,9140399842,Nashik,Maharashtra,2025-11-03
1006,Harsha,Singh,harsha.singh1006@gmail.com,9036542435,Pune,Maharashtra,2025-10-04
754,Vikram,Gupta,vikram.gupta754@gmail.com,8925664250,Bangalore,Karnataka,2026-05-09
2903,Manoj,Yadav,manoj.yadav2903@gmail.com,9633024130,Hubli,Karnataka,2026-05-28
930,Varun,Naidu,varun.naidu930@gmail.com,9994506193,Nashik,Maharashtra,2026-03-14
520,Ravi,Rao,ravi.rao520@gmail.com,9495508689,Nizamabad,Telangana,2025-12-26
1171,Arjun,Patel,arjun.patel1171@gmail.com,6686109269,Bangalore,Karnataka,2025-12-17
INVALID,Harsha,Kumar,user3682@gmail.com,123,Nizamabad,Telangana,2025-11-17
3669,Ramesh,,user3669@gmail.com,6568271880,Mangalore,Karnataka,2026-01-30
2100,Ravi,Reddy,ravi.reddy2100@gmail.com,9319958340,Nizamabad,Telangana,2026-06-16
2667,Manoj,Reddy,manoj.reddy2667@gmail.com,9010609373,Nagpur,Maharashtra,2025-09-14
297,Rahul,Gupta,gmail.com,PHONE,Pune,Maharashtra,2025-12-18
3111,Suresh,Kumar,suresh.kumar3111@gmail.com,6503781291,Warangal,Telangana,2025-10-18
2734,"Mahesh,Vrk,Kalyan",Rao,"mahesh,vrk,kalyan.rao2734@gmail.com",7035146205,Coimbatore,Tamil Nadu,2025-09-23
3144,Varun,Rao,varun.rao3144@gmail.com,6185326845,Madurai,Tamil Nadu,2025-11-28
154,Praveen,Kumar,praveen.kumar154@gmail.com,7737966006,Nashik,Maharashtra,2026-03-30
1412,Varun,Singh,varun.singh1412@gmail.com,8870143762,Hyderabad,Telangana,2025-12-26
1008,Ramesh,Patel,ramesh.patel1008@gmail.com,6059747533,Warangal,Telangana,2026-06-02
1821,Karthik,Verma,karthik.verma1821@gmail.com,9359279879,Bangalore,Karnataka,2025-09-29
1379,Suresh,Joshi,suresh.joshi1379@gmail.com,9531165336,Bangalore,Karnataka,2025-07-15
80,Manoj,Gupta,user8411@gmail.com,8401050868,@@@@,###,2025-11-29
717,Karthik,Gupta,karthik.gupta717@gmail.com,8486893318,Madurai,Tamil Nadu,2026-05-13
3516,Manoj,Singh,manoj.singh3516@gmail.com,9959404114,Nizamabad,Telangana,2026-05-29
2043,Manoj,Singh,manoj.singh2043@gmail.com,6790387458,Vijayawada,Andhra Pradesh,2025-12-15
2133,Ajay,Gupta,ajay.gupta2133@gmail.com,8133522331,Visakhapatnam,Andhra Pradesh,2026-04-18
2994,Ramesh,Kumar,ramesh.kumar2994@gmail.com,7284522596,Vijayawada,Andhra Pradesh,2025-11-17
747,Praveen,Singh,praveen.singh747@gmail.com,9262968821,Mumbai,Maharashtra,2026-01-19
4072,Praveen,Gupta,,9066681746,Nashik,Maharashtra,2026-01-14
2511,Kiran,Kumar,kiran.kumar2511@gmail.com,6416348181,Salem,Tamil Nadu,2026-04-26
483,Naveen,Yadav,naveen.yadav483@gmail.com,8772503932,Guntur,Andhra Pradesh,2026-06-04
488,Praveen,Joshi,praveen.joshi488@gmail.com,7503514203,Coimbatore,Tamil Nadu,2026-02-24
CUST###,Varun,Kumar,user8437@gmail.com,6709984473,Bangalore,Karnataka,NOT_A_DATE
1920,Praveen,Mehta,praveen.mehta1920@gmail.com,8142533289,Nagpur,Maharashtra,2025-11-18
356,Praveen,Sharma,praveen.sharma356@gmail.com,9129346994,Nagpur,Maharashtra,2025-11-20
3935,,Sharma,user3935@gmail.com,7294099733,Karimnagar,Telangana,2025-08-19
3806,Ajay,Patel,user779@gmail.com,123,Nizamabad,Telangana,2025-10-25
3008,Ravi,Mehta,ravi.mehta3008@gmail.com,8216818159,Coimbatore,Tamil Nadu,2025-07-15
2257,Rahul,Sharma,rahul.sharma2257@gmail.com,8752333079,Mumbai,Maharashtra,2025-06-23
2002,Arjun,Verma,arjun.verma2002@gmail.com,8027567967,Hubli,Karnataka,2026-01-13
3307,Suresh,Naidu,suresh.naidu3307@gmail.com,7210645380,Visakhapatnam,Andhra Pradesh,2025-10-23
3087,Anil,Reddy,anil.reddy3087@gmail.com,6309223742,Mumbai,Maharashtra,2025-08-28
2890,@@@@,Naidu,user6807@gmail.com,9756547693,Salem,Tamil Nadu,32-13-2025
2293,Anil,Mehta,anil.mehta2293@gmail.com,6344134682,Karimnagar,Telangana,2026-01-02
1893,Ajay,Sharma,ajay.sharma1893@gmail.com,6183544610,Karimnagar,Telangana,2026-03-10
2238,Harsha,Joshi,harsha.joshi2238@gmail.com,7545768533,Warangal,Telangana,2026-05-25
291,Naveen,Joshi,naveen.joshi291@gmail.com,8592926225,Salem,Tamil Nadu,2026-02-23
3185,Vikram,Joshi,vikram.joshi3185@gmail.com,8020823263,Nizamabad,Telangana,2026-04-10
2593,Manoj,Sharma,manoj.sharma2593@gmail.com,7948345078,Mysore,Karnataka,2026-06-15
3584,Manoj,Naidu,manoj.naidu3584@gmail.com,6791245557,Coimbatore,Tamil Nadu,2026-02-06
4437,Ajay,123,user3951@gmail.com,7940435895,Salem,Tamil Nadu,2026-04-14
1628,Anil,Patel,anil.patel1628@gmail.com,7979306265,Mumbai,Maharashtra,2025-07-14
4368,9999,Singh,user8213@gmail.com,7375092374,Mumbai,Maharashtra,2099-99-99
2635,"Mahesh,Vrk,Kalyan",Yadav,"mahesh,vrk,kalyan.yadav2635@gmail.com",8182152999,Coimbatore,Tamil Nadu,2026-04-18
60,Kiran,###,user57@gmail.com,9506876816,Mysore,Karnataka,2025-07-20
1952,Karthik,Mehta,karthik.mehta1952@gmail.com,6809495432,Madurai,Tamil Nadu,2025-07-05
2462,Karthik,Kumar,karthik.kumar2462@gmail.com,7454641553,Mumbai,Maharashtra,2026-05-04
3976,,Mehta,user3976@gmail.com,8981427832,Hyderabad,Telangana,2026-06-05
1398,Suresh,Reddy,suresh.reddy1398@gmail.com,9003274461,Nagpur,Maharashtra,2026-04-16
823,Ramesh,Gupta,ramesh.gupta823@gmail.com,6605845653,Salem,Tamil Nadu,2026-06-12
611,Ramesh,Joshi,user5577@gmail.com,123,Nashik,Maharashtra,2025-07-15
3222,Varun,Joshi,varun.joshi3222@gmail.com,8806093187,Mangalore,Karnataka,2026-06-06
3728,Karthik,Patel,user4678@gmail.com,PHONE,Nagpur,UNKNOWN_STATE,2026-05-07
1907,Sai,Reddy,sai.reddy1907@gmail.com,9944680177,Warangal,Telangana,2025-10-03
2955,Varun,Patel,varun.patel2955@gmail.com,8986873699,Warangal,Telangana,2025-10-20
46,Praveen,Reddy,praveen.reddy46@gmail.com,8706018355,Vijayawada,Andhra Pradesh,2025-12-03
CUST###,Karthik,Mehta,@test,8515537158,Mumbai,Maharashtra,2026-01-18
534,"Mahesh,Vrk,Kalyan",Singh,"mahesh,vrk,kalyan.singh534@gmail.com",8326515004,Mangalore,Karnataka,2026-04-02
4038,Ravi,Patel,user4038@gmail.com,7443030472,Guntur,,2025-09-09
2347,Suresh,Gupta,suresh.gupta2347@gmail.com,7923521082,Mangalore,Karnataka,2025-11-21
634,Varun,Verma,varun.verma634@gmail.com,8222913277,Bangalore,Karnataka,2025-07-03
518,Ramesh,Joshi,ramesh.joshi518@gmail.com,9233505134,Warangal,Telangana,2025-09-17
3451,Anil,Rao,anil.rao3451@gmail.com,6785040445,Coimbatore,Tamil Nadu,2026-03-16
3518,Naveen,Joshi,naveen.joshi3518@gmail.com,8717487486,Mumbai,Maharashtra,2025-12-26
915,Arjun,Kumar,arjun.kumar915@gmail.com,6416147945,Tirupati,Andhra Pradesh,2025-12-22
3583,Naveen,Patel,naveen.patel3583@gmail.com,7613079345,Hyderabad,Telangana,2025-11-08
1254,Praveen,Gupta,praveen.gupta1254@gmail.com,7388557970,Nizamabad,Telangana,2025-09-23
2530,Manoj,Gupta,manoj.gupta2530@gmail.com,8008018665,Visakhapatnam,Andhra Pradesh,2026-01-02
540,Harsha,Yadav,harsha.yadav540@gmail.com,7981429294,Vijayawada,Andhra Pradesh,2025-08-10
345,Naveen,Yadav,naveen.yadav345@gmail.com,8910149545,Nagpur,Maharashtra,2025-08-18
3040,Anil,Naidu,anil.naidu3040@gmail.com,9820549042,Bangalore,Karnataka,2025-12-03
1365,Rahul,###,user9727@gmail.com,6195212264,123CITY,Andhra Pradesh,2026-05-25
1645,Kiran,Joshi,kiran.joshi1645@gmail.com,6990909998,Warangal,Telangana,2025-07-14
5344,9999,Mehta,user1534@gmail.com,8353333283,Visakhapatnam,Andhra Pradesh,2025-12-09
2769,Rahul,Reddy,rahul.reddy2769@gmail.com,7664018768,Salem,Tamil Nadu,2025-10-20
3706,Sai,Singh,,8432249294,Karimnagar,Telangana,
154,Ramesh,Mehta,abc@,6422932732,Hyderabad,Telangana,NOT_A_DATE
3885,Suresh,,user3885@gmail.com,7522484072,Coimbatore,Tamil Nadu,
966,Rahul,Singh,rahul.singh966@gmail.com,8191655907,Nagpur,Maharashtra,2026-02-28
1850,Ajay,Verma,ajay.verma1850@gmail.com,9320841366,Mumbai,Maharashtra,2026-04-11
873,Harsha,Kumar,harsha.kumar873@gmail.com,8827774022,Bangalore,Karnataka,2026-04-30
5512,9999,Yadav,user6195@gmail.com,7929396430,9999,Andhra Pradesh,2026-05-16
2040,Sai,Yadav,sai.yadav2040@gmail.com,7029916690,Chennai,Tamil Nadu,2026-05-12
4327,12345,Mehta,user6634@gmail.com,6202400648,Nizamabad,Telangana,2025-12-30
3686,Sai,Verma,user3686@gmail.com,8467548171,Mangalore,,
2829,Varun,Kumar,varun.kumar2829@gmail.com,6875377540,Nashik,Maharashtra,2026-06-19
2975,Naveen,Naidu,naveen.naidu2975@gmail.com,9566701650,Coimbatore,Tamil Nadu,2026-04-18
4076,Karthik,Naidu,user4076@gmail.com,8537440558,Hyderabad,,2025-08-27
2600,Karthik,Reddy,karthik.reddy2600@gmail.com,6025222905,Mumbai,Maharashtra,2025-07-01
1567,Arjun,Gupta,arjun.gupta1567@gmail.com,8497167578,Coimbatore,Tamil Nadu,2025-10-15
2461,Sai,Singh,sai.singh2461@gmail.com,6494194438,Mysore,Karnataka,2026-05-29
1064,Ravi,Yadav,ravi.yadav1064@gmail.com,7072685030,Warangal,Telangana,2025-12-30
3041,Ajay,Patel,ajay.patel3041@gmail.com,6902702490,Nashik,Maharashtra,2026-05-01
1430,Ajay,Verma,ajay.verma1430@gmail.com,8636486635,Mumbai,Maharashtra,2025-11-29
1005,Vikram,Verma,vikram.verma1005@gmail.com,8553619285,Nagpur,Maharashtra,2026-03-31
2947,Ravi,Sharma,ravi.sharma2947@gmail.com,9946689499,Vijayawada,Andhra Pradesh,2026-06-02
4011,Ravi,Joshi,user4011@gmail.com,8401101658,Nashik,,2026-05-15
515,Manoj,Singh,manoj.singh515@gmail.com,6822881724,Mangalore,Karnataka,2026-01-20
1118,Sai,Verma,sai.verma1118@gmail.com,6494339606,Nagpur,Maharashtra,2025-10-08
2675,Varun,Mehta,varun.mehta2675@gmail.com,6445516700,Nagpur,Maharashtra,2025-10-25
2161,Ramesh,Patel,ramesh.patel2161@gmail.com,6488699473,Hubli,Karnataka,2025-11-22
948,Ramesh,Yadav,ramesh.yadav948@gmail.com,7878644843,Visakhapatnam,Andhra Pradesh,2025-07-15
3656,Praveen,,user3656@gmail.com,8485181607,Nizamabad,,2026-02-21
656,Arjun,Kumar,arjun.kumar656@gmail.com,6817254556,Chennai,Tamil Nadu,2025-10-15
ABC123,Vikram,Reddy,user7127@gmail.com,6097600060,Hubli,Karnataka,NOT_A_DATE
2823,Ajay,Verma,ajay.verma2823@gmail.com,6297325510,Warangal,Telangana,2026-06-18
4049,Ajay,Joshi,user4049@gmail.com,9303478095,Warangal,,2026-06-03
2650,Ajay,Mehta,user1892@gmail.com,6317443778,Nizamabad,UNKNOWN_STATE,NOT_A_DATE
664,Praveen,Verma,praveen.verma664@gmail.com,6001223187,Mysore,Karnataka,2025-09-24
3955,Harsha,Gupta,user3955@gmail.com,,Tirupati,Andhra Pradesh,2026-05-15
4015,Rahul,Yadav,user4015@gmail.com,9169272790,,,2025-07-18
474,Rahul,Yadav,rahul.yadav474@gmail.com,7803491928,Mumbai,Maharashtra,2026-06-17
239,Manoj,Gupta,manoj.gupta239@gmail.com,6923730218,Bangalore,Karnataka,2025-08-17
282,Sai,Yadav,sai.yadav282@gmail.com,6631730324,Hyderabad,Telangana,2026-03-17
555,Anil,Verma,anil.verma555@gmail.com,6331799257,Nagpur,Maharashtra,2025-06-30
3215,Praveen,Rao,praveen.rao3215@gmail.com,6165153836,Warangal,Telangana,2025-09-25
921,Arjun,Rao,arjun.rao921@gmail.com,6219983926,Vijayawada,Andhra Pradesh,2026-06-05
235,"Mahesh,Vrk,Kalyan",Naidu,"mahesh,vrk,kalyan.naidu235@gmail.com",6899326662,Hubli,Karnataka,2026-03-10
2046,Praveen,Mehta,praveen.mehta2046@gmail.com,6569775271,Warangal,Telangana,2026-01-28
1461,"Mahesh,Vrk,Kalyan",Kumar,"mahesh,vrk,kalyan.kumar1461@gmail.com",9677719782,Warangal,Telangana,2026-06-01
INVALID,Karthik,Sharma,user9117@gmail.com,9869922200,Nagpur,Maharashtra,2025-11-18
1468,Vikram,Gupta,vikram.gupta1468@gmail.com,9905462346,Warangal,Telangana,2025-08-29
3463,Suresh,Naidu,suresh.naidu3463@gmail.com,6611428721,Visakhapatnam,Andhra Pradesh,2026-05-04
3049,Harsha,Yadav,harsha.yadav3049@gmail.com,9602728637,Vijayawada,Andhra Pradesh,2026-05-23
3117,Suresh,Reddy,suresh.reddy3117@gmail.com,8980854711,Chennai,Tamil Nadu,2026-01-31
3390,Vikram,Gupta,vikram.gupta3390@gmail.com,6836824585,Hyderabad,Telangana,2026-03-26
3418,Suresh,Patel,suresh.patel3418@gmail.com,7302042488,Karimnagar,Telangana,2026-03-16
3357,Arjun,Kumar,arjun.kumar3357@gmail.com,7248787859,Bangalore,Karnataka,2026-02-25
2073,Harsha,Naidu,harsha.naidu2073@gmail.com,6568284199,Mumbai,Maharashtra,2025-07-22
3267,Harsha,Naidu,harsha.naidu3267@gmail.com,6991999779,Nashik,Maharashtra,2026-01-25
3923,Manoj,Sharma,,6007521219,Nashik,Maharashtra,2026-01-13
3084,Arjun,Gupta,arjun.gupta3084@gmail.com,7621733633,Bangalore,Karnataka,2025-11-14
34,Manoj,Joshi,manoj.joshi34@gmail.com,8290759890,Warangal,Telangana,2026-04-08
885,Praveen,Joshi,praveen.joshi885@gmail.com,8855408461,Nagpur,Maharashtra,2025-10-26
2053,Sai,Patel,sai.patel2053@gmail.com,9384138884,Nashik,Maharashtra,2026-02-23
2548,Praveen,Joshi,praveen.joshi2548@gmail.com,7755832759,Visakhapatnam,Andhra Pradesh,2026-01-06
1417,Anil,Rao,anil.rao1417@gmail.com,7320457824,Chennai,Tamil Nadu,2026-04-25
3527,Kiran,Verma,kiran.verma3527@gmail.com,7950814409,Warangal,Telangana,2026-01-27
3131,Vikram,Kumar,vikram.kumar3131@gmail.com,7334907101,Coimbatore,Tamil Nadu,2025-08-02
1393,Manoj,Joshi,manoj.joshi1393@gmail.com,6829869986,Salem,Tamil Nadu,2026-03-17
3173,Harsha,Kumar,harsha.kumar3173@gmail.com,7845540081,Chennai,Tamil Nadu,2025-10-17
2335,Karthik,Mehta,karthik.mehta2335@gmail.com,7621377422,Chennai,Tamil Nadu,2026-03-07
2332,Varun,Singh,varun.singh2332@gmail.com,6753298502,Mumbai,Maharashtra,2025-10-16
4121,Vikram,Singh,user4121@gmail.com,,Madurai,Tamil Nadu,2025-12-06
1583,Ravi,Patel,ravi.patel1583@gmail.com,9658011485,Salem,Tamil Nadu,2025-08-20
2896,Karthik,Patel,karthik.patel2896@gmail.com,7594923444,Hyderabad,Telangana,2025-07-14
2868,"Mahesh,Vrk,Kalyan",Rao,"mahesh,vrk,kalyan.rao2868@gmail.com",9175988526,Bangalore,Karnataka,2026-05-15
369,Arjun,Patel,arjun.patel369@gmail.com,8717477825,Hubli,Karnataka,2025-08-14
ABC123,Praveen,Gupta,user1364@gmail.com,9174759960,Mysore,Karnataka,2025-12-17
3384,Naveen,Singh,naveen.singh3384@gmail.com,7660330265,Mysore,Karnataka,2025-09-05
4148,Sai,Rao,user4148@gmail.com,7187883969,Chennai,,
802,Manoj,Joshi,manoj.joshi802@gmail.com,7006765750,Madurai,Tamil Nadu,2026-05-26
2651,"Mahesh,Vrk,Kalyan",Sharma,"mahesh,vrk,kalyan.sharma2651@gmail.com",8070174353,Nizamabad,Telangana,2026-04-13
93,Vikram,Gupta,vikram.gupta93@gmail.com,6087695441,Nizamabad,Telangana,2025-10-09
1654,Karthik,Naidu,karthik.naidu1654@gmail.com,8333707061,Pune,Maharashtra,2026-01-21
3415,Karthik,Kumar,karthik.kumar3415@gmail.com,7878633022,Coimbatore,Tamil Nadu,2025-12-28
2029,Ramesh,Rao,ramesh.rao2029@gmail.com,7762025848,Karimnagar,Telangana,2026-04-27
678,Vikram,Reddy,vikram.reddy678@gmail.com,9116992824,Nagpur,Maharashtra,2026-04-16
2221,Harsha,Yadav,harsha.yadav2221@gmail.com,7547214851,Pune,Maharashtra,2025-07-05
610,Karthik,Gupta,karthik.gupta610@gmail.com,7829284540,Hubli,Karnataka,2025-07-17
3734,,Naidu,user3734@gmail.com,,Tirupati,Andhra Pradesh,2025-12-11
3893,Suresh,,user3893@gmail.com,8402721088,Nizamabad,Telangana,2026-05-26
3336,Varun,Kumar,varun.kumar3336@gmail.com,8209966690,Vijayawada,Andhra Pradesh,2026-01-14
2655,"Mahesh,Vrk,Kalyan",Yadav,"mahesh,vrk,kalyan.yadav2655@gmail.com",8205711930,Coimbatore,Tamil Nadu,2025-11-25
884,Harsha,Kumar,harsha.kumar884@gmail.com,8613934672,Mysore,Karnataka,2025-11-23
2047,Manoj,Yadav,manoj.yadav2047@gmail.com,7561970131,Mysore,Karnataka,2026-06-12
482,Karthik,Naidu,karthik.naidu482@gmail.com,7964978580,Coimbatore,Tamil Nadu,2025-10-16
846,Manoj,Patel,manoj.patel846@gmail.com,8525140476,Tirupati,Andhra Pradesh,2025-11-02
636,Anil,Gupta,anil.gupta636@gmail.com,6154306341,Karimnagar,Telangana,2026-04-26
3915,Anil,Naidu,user3915@gmail.com,7491067018,,Andhra Pradesh,2026-02-19
73,Praveen,Gupta,praveen.gupta73@gmail.com,9163860820,Coimbatore,Tamil Nadu,2026-04-28
2312,Praveen,123,user5377@gmail.com,6911459600,9999,Tamil Nadu,2026-04-24
522,Harsha,Verma,harsha.verma522@gmail.com,9506137532,Madurai,Tamil Nadu,2025-08-08
1773,Arjun,Verma,arjun.verma1773@gmail.com,8030468560,Chennai,Tamil Nadu,2026-01-17
CUST###,Suresh,Reddy,user2357@gmail.com,8351287400,Karimnagar,Telangana,2026-05-28
1657,Ramesh,Naidu,ramesh.naidu1657@gmail.com,7405522649,Salem,Tamil Nadu,2025-10-14
1811,Sai,Mehta,sai.mehta1811@gmail.com,6744043400,Mumbai,Maharashtra,2025-11-16
3621,Ajay,Patel,ajay.patel3621@gmail.com,7708468209,Mangalore,Karnataka,2026-03-15
2150,Anil,Singh,anil.singh2150@gmail.com,6534487924,Madurai,Tamil Nadu,2026-01-31
2746,Suresh,Verma,suresh.verma2746@gmail.com,8217414774,Mysore,Karnataka,2026-02-28
1205,"Mahesh,Vrk,Kalyan",Mehta,"mahesh,vrk,kalyan.mehta1205@gmail.com",7181489369,Chennai,Tamil Nadu,2025-09-14
1604,"Mahesh,Vrk,Kalyan",Verma,"mahesh,vrk,kalyan.verma1604@gmail.com",7794164846,Bangalore,Karnataka,2026-01-21
1942,Ajay,Yadav,ajay.yadav1942@gmail.com,6554709620,Nashik,Maharashtra,2026-05-08
1728,Vikram,Yadav,vikram.yadav1728@gmail.com,9315933930,Bangalore,Karnataka,2025-12-30
2994,Ramesh,Kumar,ramesh.kumar2994@gmail.com,7284522596,Vijayawada,Andhra Pradesh,2025-11-17
2565,Ravi,Rao,ravi.rao2565@gmail.com,9759251980,Nashik,Maharashtra,2025-12-10
604,Harsha,Joshi,harsha.joshi604@gmail.com,6777971323,Warangal,Telangana,2026-05-25
2522,Sai,Joshi,sai.joshi2522@gmail.com,9172998957,Guntur,Andhra Pradesh,2026-05-14
1299,Harsha,Kumar,harsha.kumar1299@gmail.com,6322892518,Nizamabad,Telangana,2026-05-29
2134,Harsha,Sharma,harsha.sharma2134@gmail.com,9620696627,Bangalore,Karnataka,2026-01-17
INVALID,Vikram,Gupta,user2091@gmail.com,6392684993,Pune,Maharashtra,NOT_A_DATE
1631,Sai,Reddy,sai.reddy1631@gmail.com,9744310734,Bangalore,Karnataka,2025-09-19
441,Ramesh,Rao,ramesh.rao441@gmail.com,7372415204,Warangal,Telangana,2025-08-16
1879,Vikram,Patel,vikram.patel1879@gmail.com,8011543830,Nizamabad,Telangana,2026-05-19
1225,Ramesh,Gupta,ramesh.gupta1225@gmail.com,7344065074,Nagpur,Maharashtra,2025-10-26
153,Kiran,Rao,kiran.rao153@gmail.com,9520450012,Warangal,Telangana,2025-07-04
3765,,Reddy,user3765@gmail.com,8868513851,Madurai,Tamil Nadu,2026-02-15
261,Karthik,Sharma,karthik.sharma261@gmail.com,7523399527,Madurai,Tamil Nadu,2026-04-16
3386,Manoj,Yadav,manoj.yadav3386@gmail.com,6068908532,Salem,Tamil Nadu,2025-06-26
2539,Ramesh,Mehta,ramesh.mehta2539@gmail.com,6279420386,Guntur,Andhra Pradesh,2025-12-16
995,Arjun,Joshi,arjun.joshi995@gmail.com,9604921779,Salem,Tamil Nadu,2026-06-06
3343,Ajay,Naidu,ajay.naidu3343@gmail.com,7860792259,Guntur,Andhra Pradesh,2025-11-16
1414,Sai,Kumar,sai.kumar1414@gmail.com,9258011769,Vijayawada,Andhra Pradesh,2026-04-19
3814,Sai,Joshi,user3814@gmail.com,8686475274,,Andhra Pradesh,
2979,Kiran,Joshi,kiran.joshi2979@gmail.com,6331345061,Hyderabad,Telangana,2026-02-16
2247,Harsha,Patel,harsha.patel2247@gmail.com,7014493303,Karimnagar,Telangana,2025-11-30
302,Manoj,Kumar,manoj.kumar302@gmail.com,6371123124,Tirupati,Andhra Pradesh,2026-02-11
778,Karthik,Verma,karthik.verma778@gmail.com,9684425519,Warangal,Telangana,2025-07-14
1778,Ramesh,Naidu,ramesh.naidu1778@gmail.com,6877110848,Mumbai,Maharashtra,2026-01-06
3555,Rahul,Yadav,rahul.yadav3555@gmail.com,6046453623,Madurai,Tamil Nadu,2026-06-13
3341,Ravi,Joshi,ravi.joshi3341@gmail.com,7390420957,Mysore,Karnataka,2025-08-11
1639,Ravi,Rao,ravi.rao1639@gmail.com,7880927037,Vijayawada,Andhra Pradesh,2025-07-31
3119,"Mahesh,Vrk,Kalyan",Joshi,"mahesh,vrk,kalyan.joshi3119@gmail.com",8333201099,Salem,Tamil Nadu,2025-12-03
132,Sai,Singh,sai.singh132@gmail.com,6187265844,Salem,Tamil Nadu,2025-12-11
527,Praveen,Kumar,praveen.kumar527@gmail.com,6477504658,Nizamabad,Telangana,2026-03-03
2062,Rahul,Singh,rahul.singh2062@gmail.com,8841828914,Chennai,Tamil Nadu,2025-11-14
4149,Naveen,Yadav,,8839457784,Nizamabad,Telangana,2025-12-07
475,Manoj,Joshi,manoj.joshi475@gmail.com,8491422946,Mumbai,Maharashtra,2025-07-19
1588,Naveen,Sharma,naveen.sharma1588@gmail.com,6671210304,Hyderabad,Telangana,2025-06-27
2538,Manoj,Singh,manoj.singh2538@gmail.com,8382694470,Pune,Maharashtra,2025-12-07
790,Praveen,Sharma,praveen.sharma790@gmail.com,8481865641,Mangalore,Karnataka,2025-12-13
275,Ramesh,Sharma,ramesh.sharma275@gmail.com,7816639290,Nizamabad,Telangana,2026-05-24
3746,Suresh,Singh,user3746@gmail.com,6261790094,,Andhra Pradesh,2025-08-20
131,Harsha,Kumar,harsha.kumar131@gmail.com,7729314160,Karimnagar,Telangana,2026-06-23
1220,Ravi,Joshi,ravi.joshi1220@gmail.com,6192792822,Bangalore,Karnataka,2025-12-28
57,Sai,Sharma,sai.sharma57@gmail.com,9293775536,Nagpur,Maharashtra,2026-01-22
4460,9999,Yadav,user5632@gmail.com,6249933812,Vijayawada,Andhra Pradesh,2025-09-28
63,Rahul,Naidu,rahul.naidu63@gmail.com,7368897654,Nashik,Maharashtra,2026-03-08
88,Anil,Naidu,anil.naidu88@gmail.com,9292316573,Warangal,Telangana,2026-04-09
546,Praveen,Mehta,gmail.com,8154180233,Hubli,Karnataka,NOT_A_DATE
1085,Vikram,Kumar,vikram.kumar1085@gmail.com,9250143565,Karimnagar,Telangana,2026-01-19
4940,Rahul,Naidu,gmail.com,9368676566,Hubli,Karnataka,2025-07-08
3620,Suresh,Gupta,suresh.gupta3620@gmail.com,8324399163,Hyderabad,Telangana,2026-04-29
1270,Praveen,Reddy,praveen.reddy1270@gmail.com,7574750842,Bangalore,Karnataka,2026-02-22
879,Vikram,Sharma,vikram.sharma879@gmail.com,6526749393,Mumbai,Maharashtra,2026-03-14
3159,Praveen,Verma,praveen.verma3159@gmail.com,8631871748,Coimbatore,Tamil Nadu,2026-05-15
326,Varun,Joshi,varun.joshi326@gmail.com,7142647373,Madurai,Tamil Nadu,2025-07-15
3120,Ajay,Patel,ajay.patel3120@gmail.com,9532409666,Warangal,Telangana,2026-03-01
1891,Vikram,Mehta,user8992@gmail.com,PHONE,Nizamabad,Telangana,2026-04-27
3367,Harsha,Yadav,harsha.yadav3367@gmail.com,7520475989,Bangalore,Karnataka,2026-04-04
1410,Karthik,Gupta,karthik.gupta1410@gmail.com,7005887795,Warangal,Telangana,2026-02-15
2894,"Mahesh,Vrk,Kalyan",Rao,"mahesh,vrk,kalyan.rao2894@gmail.com",8994630580,Hubli,Karnataka,2025-07-03
2256,Rahul,Joshi,rahul.joshi2256@gmail.com,7209177601,Visakhapatnam,Andhra Pradesh,2025-11-09
2704,Manoj,Naidu,manoj.naidu2704@gmail.com,7196039869,Guntur,Andhra Pradesh,2025-07-29
1738,Ajay,Naidu,ajay.naidu1738@gmail.com,8728789761,Karimnagar,Telangana,2026-03-01
1508,Harsha,Verma,harsha.verma1508@gmail.com,6440891622,Mangalore,Karnataka,2025-11-07
2874,Ravi,Rao,ravi.rao2874@gmail.com,6065382197,Chennai,Tamil Nadu,2026-03-30
299,Harsha,Kumar,harsha.kumar299@gmail.com,6276120498,Mysore,Karnataka,2025-10-06
553,Vikram,Naidu,user1483@gmail.com,6522996845,Visakhapatnam,###,2026-01-03
3783,Naveen,Singh,user3783@gmail.com,,,Andhra Pradesh,2026-03-19
2535,Suresh,Naidu,suresh.naidu2535@gmail.com,9857117067,Visakhapatnam,Andhra Pradesh,2026-04-30
2545,Varun,Yadav,varun.yadav2545@gmail.com,6557892970,Guntur,Andhra Pradesh,2025-08-02
3708,,,user3708@gmail.com,8708804561,Salem,Tamil Nadu,2025-08-26
3307,Kiran,Sharma,user8173@gmail.com,8033287332,Visakhapatnam,Andhra Pradesh,NOT_A_DATE
664,9999,Naidu,user2767@gmail.com,6632919558,Madurai,Tamil Nadu,2025-12-11
2628,Karthik,Singh,karthik.singh2628@gmail.com,9839991802,Tirupati,Andhra Pradesh,2025-12-16
605,Naveen,Reddy,naveen.reddy605@gmail.com,6295180995,Karimnagar,Telangana,2026-01-08
ABC123,Sai,###,user5468@gmail.com,7410545170,Salem,Tamil Nadu,2026-05-27
3300,Rahul,Rao,rahul.rao3300@gmail.com,6236034444,Warangal,Telangana,2025-09-02
1654,Karthik,Naidu,karthik.naidu1654@gmail.com,8333707061,Pune,Maharashtra,2026-01-21
3755,Naveen,,user3755@gmail.com,9094740605,Guntur,Andhra Pradesh,
1501,Karthik,Yadav,karthik.yadav1501@gmail.com,9212359572,Pune,Maharashtra,2026-04-16
271,Manoj,Joshi,manoj.joshi271@gmail.com,8955951246,Warangal,Telangana,2026-01-27
2780,Varun,Verma,varun.verma2780@gmail.com,8958295777,Nashik,Maharashtra,2025-11-19
798,Ramesh,Mehta,ramesh.mehta798@gmail.com,9394874984,Guntur,Andhra Pradesh,2026-02-25
3081,Praveen,Patel,praveen.patel3081@gmail.com,7908072329,Bangalore,Karnataka,2026-02-24
813,Harsha,Naidu,harsha.naidu813@gmail.com,6299393329,Pune,Maharashtra,2025-09-09
230,Ravi,Naidu,ravi.naidu230@gmail.com,9697323458,Bangalore,Karnataka,2025-08-03
1669,Suresh,Verma,suresh.verma1669@gmail.com,8659025911,Madurai,Tamil Nadu,2026-01-18
1806,@@@@,Yadav,user9822@gmail.com,8528485670,Hubli,Karnataka,2025-10-27
1217,Naveen,Reddy,naveen.reddy1217@gmail.com,6729828500,Mysore,Karnataka,2026-05-30
338,Ramesh,Patel,ramesh.patel338@gmail.com,7585569071,Pune,Maharashtra,2025-08-29
1457,Sai,Singh,sai.singh1457@gmail.com,6212883282,Mangalore,Karnataka,2025-09-30
2830,Rahul,Kumar,rahul.kumar2830@gmail.com,9435459309,Karimnagar,Telangana,2026-01-30
3741,Harsha,,user3741@gmail.com,8557828293,,Maharashtra,2026-02-09
2112,Manoj,Rao,manoj.rao2112@gmail.com,6855846078,Warangal,Telangana,2026-02-24
2451,Suresh,Singh,suresh.singh2451@gmail.com,9600041643,Karimnagar,Telangana,2025-09-21
2928,"Mahesh,Vrk,Kalyan",Verma,"mahesh,vrk,kalyan.verma2928@gmail.com",6774672632,Nizamabad,Telangana,2025-07-28
2494,Ramesh,Joshi,ramesh.joshi2494@gmail.com,6703518430,Pune,Maharashtra,2026-05-28
3171,Sai,Verma,user7812@gmail.com,123,Pune,###,2025-09-29
3051,Kiran,Naidu,kiran.naidu3051@gmail.com,8496745894,Karimnagar,Telangana,2026-03-02
2924,Naveen,Patel,naveen.patel2924@gmail.com,6405048375,Coimbatore,Tamil Nadu,2026-06-22
129,Anil,Joshi,anil.joshi129@gmail.com,6619017905,Mangalore,Karnataka,2025-07-21
571,Ramesh,Singh,ramesh.singh571@gmail.com,6410685989,Vijayawada,Andhra Pradesh,2026-04-09
3538,Rahul,Patel,rahul.patel3538@gmail.com,9569411536,Nagpur,Maharashtra,2025-06-24
1643,Suresh,Verma,suresh.verma1643@gmail.com,7954388625,Salem,Tamil Nadu,2025-11-02
1801,Praveen,Rao,praveen.rao1801@gmail.com,9033558003,Coimbatore,Tamil Nadu,2025-08-19
3726,,Singh,user3726@gmail.com,8896901582,,Maharashtra,2025-10-21
609,Ramesh,Kumar,ramesh.kumar609@gmail.com,7301854182,Mysore,Karnataka,2025-12-10
3446,Vikram,Joshi,vikram.joshi3446@gmail.com,6764769764,Mangalore,Karnataka,2025-11-12
470,Suresh,Joshi,suresh.joshi470@gmail.com,7536616386,Nashik,Maharashtra,2025-08-13
1891,Varun,Yadav,varun.yadav1891@gmail.com,8156286392,Mangalore,Karnataka,2026-05-17
873,Harsha,Kumar,harsha.kumar873@gmail.com,8827774022,Bangalore,Karnataka,2026-04-30
1235,Sai,Patel,sai.patel1235@gmail.com,6305955339,Chennai,Tamil Nadu,2026-02-20
3165,Arjun,Gupta,arjun.gupta3165@gmail.com,9713351962,Madurai,Tamil Nadu,2026-02-23
1161,Harsha,Patel,harsha.patel1161@gmail.com,9313821473,Pune,Maharashtra,2026-01-25
981,Anil,Verma,anil.verma981@gmail.com,7619963041,Nashik,Maharashtra,2026-04-30
1577,Vikram,Sharma,vikram.sharma1577@gmail.com,8085150463,Visakhapatnam,Andhra Pradesh,2026-01-02
2339,Kiran,Mehta,kiran.mehta2339@gmail.com,9182279321,Mysore,Karnataka,2026-06-20
3220,Ajay,Mehta,user5135@gmail.com,6210787409,Mumbai,Maharashtra,2099-99-99
3815,Sai,Gupta,user3815@gmail.com,7780710207,Mumbai,Maharashtra,
1922,Arjun,Patel,arjun.patel1922@gmail.com,8801742826,Vijayawada,Andhra Pradesh,2026-05-04
221,Karthik,Verma,karthik.verma221@gmail.com,7278874901,Pune,Maharashtra,2025-08-22
2429,Suresh,Joshi,suresh.joshi2429@gmail.com,8351811259,Visakhapatnam,Andhra Pradesh,2025-11-14
1405,@@@@,Rao,user521@gmail.com,6454420047,Tirupati,###,2025-12-21
3596,Manoj,Reddy,manoj.reddy3596@gmail.com,6286663997,Mysore,Karnataka,2025-07-19
2560,Sai,Mehta,sai.mehta2560@gmail.com,9428236457,Bangalore,Karnataka,2026-04-14
2567,Rahul,Rao,rahul.rao2567@gmail.com,6689532035,Mangalore,Karnataka,2026-05-25
1178,Karthik,Reddy,karthik.reddy1178@gmail.com,7133938819,Hyderabad,Telangana,2025-10-17
34,Manoj,Joshi,manoj.joshi34@gmail.com,8290759890,Warangal,Telangana,2026-04-08
509,Harsha,Rao,harsha.rao509@gmail.com,6094466530,Chennai,Tamil Nadu,2025-07-17
3653,Sai,Sharma,user3653@gmail.com,7511370303,,Telangana,2026-03-23
2348,Suresh,Mehta,suresh.mehta2348@gmail.com,8890834978,Karimnagar,Telangana,2025-11-04
3991,Karthik,Sharma,user5874@gmail.com,6551364849,Pune,123,2026-04-08
2328,Ravi,Rao,ravi.rao2328@gmail.com,8338335475,Pune,Maharashtra,2026-04-28
2840,"Mahesh,Vrk,Kalyan",Verma,"mahesh,vrk,kalyan.verma2840@gmail.com",7821593579,Mangalore,Karnataka,2026-01-16
3232,Praveen,Joshi,praveen.joshi3232@gmail.com,8426583092,Tirupati,Andhra Pradesh,2025-08-27
3880,Vikram,,,6081059261,Mumbai,Maharashtra,2025-08-27
2902,"Mahesh,Vrk,Kalyan",Verma,"mahesh,vrk,kalyan.verma2902@gmail.com",8894726098,Nashik,Maharashtra,2026-02-04
786,Karthik,Gupta,karthik.gupta786@gmail.com,8100729368,Warangal,Telangana,2026-04-23
3126,Anil,Gupta,anil.gupta3126@gmail.com,6695692320,Coimbatore,Tamil Nadu,2026-01-21
1228,Ravi,Reddy,ravi.reddy1228@gmail.com,6901986472,Tirupati,Andhra Pradesh,2026-02-01
2037,Naveen,Yadav,naveen.yadav2037@gmail.com,7283808418,Karimnagar,Telangana,2025-10-16
3388,Karthik,Rao,karthik.rao3388@gmail.com,9448121898,Tirupati,Andhra Pradesh,2025-11-09
1905,Varun,Kumar,varun.kumar1905@gmail.com,9250514295,Vijayawada,Andhra Pradesh,2025-06-28
2232,@@@@,Singh,user7151@gmail.com,8651741119,Chennai,123,2025-12-25
2474,12345,Patel,user1708@gmail.com,7985827079,Mangalore,Karnataka,2026-02-24
1962,Arjun,Yadav,arjun.yadav1962@gmail.com,7524908189,Mangalore,Karnataka,2026-02-25
747,Praveen,Singh,praveen.singh747@gmail.com,9262968821,Mumbai,Maharashtra,2026-01-19
5414,Karthik,Gupta,@test,7365682902,Guntur,UNKNOWN_STATE,2025-12-03
870,Ramesh,Gupta,ramesh.gupta870@gmail.com,9015333338,Vijayawada,Andhra Pradesh,2025-08-04
3847,Ajay,Patel,user3847@gmail.com,,Hyderabad,,2026-03-25
1003,Suresh,Naidu,suresh.naidu1003@gmail.com,9359696737,Visakhapatnam,Andhra Pradesh,2026-05-08
3571,Suresh,Rao,suresh.rao3571@gmail.com,7068013022,Nagpur,Maharashtra,2025-09-16
796,Ajay,Verma,ajay.verma796@gmail.com,9098036895,Vijayawada,Andhra Pradesh,2026-01-25
2220,Harsha,Sharma,harsha.sharma2220@gmail.com,6914288623,Warangal,Telangana,2026-04-04
2139,Arjun,Sharma,arjun.sharma2139@gmail.com,7095800766,Hubli,Karnataka,2026-02-27
1347,Manoj,Mehta,manoj.mehta1347@gmail.com,8834264559,Nagpur,Maharashtra,2025-12-09
CUST###,Ravi,###,user7125@gmail.com,9353102161,Vijayawada,Andhra Pradesh,2026-05-19
3988,,Gupta,user3988@gmail.com,7731395871,,Maharashtra,2026-01-12
1483,Sai,Rao,sai.rao1483@gmail.com,6362799678,Nashik,Maharashtra,2025-08-20
34,Sai,Naidu,user6547@gmail.com,8573889882,Madurai,123,2026-02-24
523,Praveen,Mehta,praveen.mehta523@gmail.com,9643825530,Bangalore,Karnataka,2026-02-13
2181,Ajay,Singh,ajay.singh2181@gmail.com,8413076242,Pune,Maharashtra,2026-06-03
32,Harsha,Reddy,harsha.reddy32@gmail.com,6806964392,Pune,Maharashtra,2025-10-19
2471,Varun,Patel,varun.patel2471@gmail.com,7897491680,Nashik,Maharashtra,2025-09-09
740,Karthik,Mehta,karthik.mehta740@gmail.com,7702489306,Vijayawada,Andhra Pradesh,2026-02-06
96,Ramesh,Kumar,ramesh.kumar96@gmail.com,9813058996,Chennai,Tamil Nadu,2026-06-15
607,Sai,Gupta,sai.gupta607@gmail.com,6505837985,Mangalore,Karnataka,2025-11-07
2305,Ajay,Joshi,ajay.joshi2305@gmail.com,6993236216,Coimbatore,Tamil Nadu,2025-10-24
3553,Vikram,Mehta,vikram.mehta3553@gmail.com,9128444775,Chennai,Tamil Nadu,2026-06-12
3809,Ajay,Verma,,9959581142,Mumbai,,2026-05-18
1948,Sai,Joshi,sai.joshi1948@gmail.com,9261516644,Hyderabad,Telangana,2026-03-18
5165,Harsha,Yadav,gmail.com,8032371604,Warangal,Telangana,2026-01-22
4054,Arjun,,,7596769758,Chennai,Tamil Nadu,2026-03-30
2497,Harsha,Gupta,harsha.gupta2497@gmail.com,9364889200,Coimbatore,Tamil Nadu,2025-12-16
2714,"Mahesh,Vrk,Kalyan",Mehta,"mahesh,vrk,kalyan.mehta2714@gmail.com",8202385307,Warangal,Telangana,2025-10-16
815,Manoj,Singh,manoj.singh815@gmail.com,7857448037,Warangal,Telangana,2026-01-12
1098,"Mahesh,Vrk,Kalyan",Singh,"mahesh,vrk,kalyan.singh1098@gmail.com",7625480760,Hubli,Karnataka,2026-04-25
2943,Anil,Patel,anil.patel2943@gmail.com,8791629301,Mangalore,Karnataka,2025-08-24
1812,Sai,Singh,sai.singh1812@gmail.com,8088034321,Mysore,Karnataka,2025-12-19
2794,Vikram,Naidu,vikram.naidu2794@gmail.com,8569461562,Madurai,Tamil Nadu,2025-08-04
658,"Mahesh,Vrk,Kalyan",Reddy,"mahesh,vrk,kalyan.reddy658@gmail.com",7909719537,Visakhapatnam,Andhra Pradesh,2025-10-04
3475,Sai,Joshi,sai.joshi3475@gmail.com,7900984086,Mangalore,Karnataka,2026-04-17
INVALID,Varun,Sharma,user4790@gmail.com,9441478771,Hyderabad,Telangana,32-13-2025
3781,,Rao,user3781@gmail.com,6565398133,Warangal,,2026-05-16
2761,Ajay,Kumar,ajay.kumar2761@gmail.com,8821075495,Mumbai,Maharashtra,2025-07-01
3897,Anil,Naidu,,7295340860,Bangalore,Karnataka,
2960,Naveen,Gupta,naveen.gupta2960@gmail.com,8510421188,Pune,Maharashtra,2026-01-03
1361,Ramesh,Singh,ramesh.singh1361@gmail.com,6692630156,Karimnagar,Telangana,2025-08-25
1993,Ravi,Rao,gmail.com,7445029174,Nagpur,Maharashtra,2025-11-14
1597,Harsha,Mehta,harsha.mehta1597@gmail.com,9744370996,Nashik,Maharashtra,2026-04-16
1805,Ajay,Kumar,ajay.kumar1805@gmail.com,9521752036,Mangalore,Karnataka,2025-10-04
4838,Harsha,Singh,user7964@gmail.com,6246724174,Chennai,Tamil Nadu,2099-99-99
1740,Ramesh,Rao,ramesh.rao1740@gmail.com,6655848159,Warangal,Telangana,2026-02-14
114,Ravi,Kumar,ravi.kumar114@gmail.com,9372159923,Nashik,Maharashtra,2025-12-06
3639,"Mahesh,Vrk,Kalyan",Reddy,"mahesh,vrk,kalyan.reddy3639@gmail.com",6000628857,Mysore,Karnataka,2026-05-14
4663,Ramesh,Patel,user2549@gmail.com,8353428602,Nagpur,UNKNOWN_STATE,2026-01-31
1693,"Mahesh,Vrk,Kalyan",Rao,"mahesh,vrk,kalyan.rao1693@gmail.com",8421392459,Bangalore,Karnataka,2026-05-29
152,Ravi,Gupta,ravi.gupta152@gmail.com,6923132996,Mangalore,Karnataka,2026-04-03
4252,Anil,###,user4425@gmail.com,9075351916,Warangal,Telangana,2026-02-08
1296,Kiran,Gupta,kiran.gupta1296@gmail.com,9655076408,Nashik,Maharashtra,2026-01-24
1481,"Mahesh,Vrk,Kalyan",Verma,"mahesh,vrk,kalyan.verma1481@gmail.com",7727783909,Hubli,Karnataka,2026-05-03
2010,Vikram,Yadav,vikram.yadav2010@gmail.com,6587077432,Coimbatore,Tamil Nadu,2026-05-11
3335,Rahul,Sharma,rahul.sharma3335@gmail.com,8758990049,Tirupati,Andhra Pradesh,2026-05-11
2383,Praveen,Reddy,praveen.reddy2383@gmail.com,7976662691,Karimnagar,Telangana,2026-03-11
2154,Ravi,Mehta,ravi.mehta2154@gmail.com,7452737507,Mangalore,Karnataka,2026-03-18
1064,Praveen,Reddy,user4999@gmail.com,7884624049,Nashik,Maharashtra,2099-99-99
1457,Rahul,NULL,@test,9530045433,Visakhapatnam,Andhra Pradesh,2025-12-23
974,Suresh,Joshi,suresh.joshi974@gmail.com,8912106620,Tirupati,Andhra Pradesh,2025-08-04
2879,Varun,NULL,user1905@gmail.com,123,Chennai,Tamil Nadu,2025-08-17
1288,Suresh,Naidu,suresh.naidu1288@gmail.com,8999832677,Mumbai,Maharashtra,2026-05-31
1729,Rahul,Gupta,rahul.gupta1729@gmail.com,6558268258,Coimbatore,Tamil Nadu,2026-01-16
35,Manoj,Yadav,manoj.yadav35@gmail.com,9709556584,Mumbai,Maharashtra,2025-11-15
432,Ramesh,Mehta,ramesh.mehta432@gmail.com,7261550566,Chennai,Tamil Nadu,2025-07-09
615,Karthik,Reddy,karthik.reddy615@gmail.com,8855343462,Warangal,Telangana,2025-11-23
1768,Karthik,Singh,karthik.singh1768@gmail.com,8807545134,Vijayawada,Andhra Pradesh,2025-10-27
988,Anil,Rao,anil.rao988@gmail.com,8401023586,Warangal,Telangana,2025-07-03
3151,Sai,Reddy,sai.reddy3151@gmail.com,8134085338,Tirupati,Andhra Pradesh,2026-02-03
1593,Naveen,Kumar,user6000@gmail.com,8545008291,123CITY,###,2025-10-10
2895,Karthik,Patel,karthik.patel2895@gmail.com,9958526316,Nashik,Maharashtra,2026-04-04
414,Ramesh,Yadav,ramesh.yadav414@gmail.com,6443065449,Vijayawada,Andhra Pradesh,2025-12-08
1199,Ajay,Joshi,ajay.joshi1199@gmail.com,6238372773,Warangal,Telangana,2026-06-09
1467,Naveen,Naidu,naveen.naidu1467@gmail.com,9517047348,Chennai,Tamil Nadu,2025-12-05
2158,Sai,Verma,sai.verma2158@gmail.com,8133973351,Mangalore,Karnataka,2026-01-22
1816,Rahul,Rao,rahul.rao1816@gmail.com,6370479286,Visakhapatnam,Andhra Pradesh,2025-11-16
2193,Ravi,Joshi,ravi.joshi2193@gmail.com,6001060984,Mangalore,Karnataka,2026-01-30
2669,"Mahesh,Vrk,Kalyan",Mehta,"mahesh,vrk,kalyan.mehta2669@gmail.com",7287217918,Mysore,Karnataka,2025-10-15
2622,Harsha,Gupta,harsha.gupta2622@gmail.com,6190048791,Guntur,Andhra Pradesh,2026-06-10
1808,Arjun,Kumar,arjun.kumar1808@gmail.com,6352331392,Karimnagar,Telangana,2025-10-11
4831,Praveen,Sharma,user2749@gmail.com,123,Guntur,Andhra Pradesh,NOT_A_DATE
3660,,Mehta,user3660@gmail.com,6863143191,Warangal,Telangana,
833,Harsha,Reddy,harsha.reddy833@gmail.com,9625204422,Hubli,Karnataka,2025-12-21
2989,Sai,Naidu,sai.naidu2989@gmail.com,6041217830,Chennai,Tamil Nadu,2025-11-02
3636,Ajay,Joshi,ajay.joshi3636@gmail.com,9400750779,Nizamabad,Telangana,2025-11-11
978,Varun,Gupta,varun.gupta978@gmail.com,9583731640,Mysore,Karnataka,2026-03-26
990,Ajay,Reddy,ajay.reddy990@gmail.com,6158357601,Mangalore,Karnataka,2026-03-15
603,Vikram,Patel,vikram.patel603@gmail.com,9706818223,Chennai,Tamil Nadu,2026-04-22
789,Vikram,Singh,vikram.singh789@gmail.com,7564481202,Tirupati,Andhra Pradesh,2026-02-27
3484,Sai,Patel,sai.patel3484@gmail.com,6882405399,Vijayawada,Andhra Pradesh,2026-04-21
577,Ramesh,Mehta,user2568@gmail.com,9723370932,123CITY,Karnataka,2026-01-22
1258,Arjun,Patel,arjun.patel1258@gmail.com,6046388330,Coimbatore,Tamil Nadu,2025-12-08
1899,Anil,Reddy,anil.reddy1899@gmail.com,8237807313,Coimbatore,Tamil Nadu,2026-01-06
3826,Suresh,Gupta,,9735767243,Madurai,Tamil Nadu,
1965,Harsha,Naidu,harsha.naidu1965@gmail.com,7575201599,Coimbatore,Tamil Nadu,2026-04-23
3292,"Mahesh,Vrk,Kalyan",###,user8025@gmail.com,8240880955,Salem,Tamil Nadu,2026-05-31
227,Manoj,Yadav,manoj.yadav227@gmail.com,9477933292,Mysore,Karnataka,2026-01-30
919,Ramesh,Joshi,ramesh.joshi919@gmail.com,8678847509,Karimnagar,Telangana,2026-03-30
2745,Sai,Yadav,sai.yadav2745@gmail.com,9091923077,Salem,Tamil Nadu,2025-08-01
3132,Ravi,Naidu,ravi.naidu3132@gmail.com,8859539716,Mangalore,Karnataka,2025-07-07
1739,Anil,Sharma,anil.sharma1739@gmail.com,7544155992,Hubli,Karnataka,2026-02-15
1350,"Mahesh,Vrk,Kalyan",Kumar,"mahesh,vrk,kalyan.kumar1350@gmail.com",8547259596,Karimnagar,Telangana,2026-02-22
3619,Varun,Joshi,varun.joshi3619@gmail.com,8234338295,Warangal,Telangana,2026-01-27
1784,Karthik,Rao,karthik.rao1784@gmail.com,8896419839,Madurai,Tamil Nadu,2026-05-25
3013,Manoj,Mehta,manoj.mehta3013@gmail.com,6739736079,Madurai,Tamil Nadu,2025-09-14
3068,Vikram,Yadav,vikram.yadav3068@gmail.com,7025843772,Tirupati,Andhra Pradesh,2025-11-14
1905,Varun,Kumar,varun.kumar1905@gmail.com,9250514295,Vijayawada,Andhra Pradesh,2025-06-28
302,Manoj,Kumar,manoj.kumar302@gmail.com,6371123124,Tirupati,Andhra Pradesh,2026-02-11
1297,Naveen,Kumar,naveen.kumar1297@gmail.com,8283835108,Mangalore,Karnataka,2025-12-06
3145,Arjun,Rao,arjun.rao3145@gmail.com,9908114498,Madurai,Tamil Nadu,2025-10-22
3658,Ajay,Reddy,user3658@gmail.com,7468592812,Mangalore,Karnataka,
2192,Varun,Singh,varun.singh2192@gmail.com,7221530505,Visakhapatnam,Andhra Pradesh,2025-11-21
3943,,Verma,user3943@gmail.com,9910695652,Tirupati,Andhra Pradesh,
3123,Manoj,Rao,manoj.rao3123@gmail.com,7671852167,Tirupati,Andhra Pradesh,2026-02-20
1673,Kiran,Naidu,kiran.naidu1673@gmail.com,7222849775,Hubli,Karnataka,2025-07-02
4337,Rahul,NULL,user3749@gmail.com,PHONE,Vijayawada,Andhra Pradesh,2025-12-31
3411,Karthik,Verma,karthik.verma3411@gmail.com,8081302108,Salem,Tamil Nadu,2025-07-05
3297,Ajay,Patel,ajay.patel3297@gmail.com,7745335103,Karimnagar,Telangana,2025-10-13
689,Kiran,Joshi,kiran.joshi689@gmail.com,9543447661,Karimnagar,Telangana,2025-08-12
3379,"Mahesh,Vrk,Kalyan",Yadav,"mahesh,vrk,kalyan.yadav3379@gmail.com",8419412372,Madurai,Tamil Nadu,2025-11-22
1570,Kiran,Mehta,kiran.mehta1570@gmail.com,7257838301,Karimnagar,Telangana,2026-05-23
1679,Manoj,Verma,manoj.verma1679@gmail.com,8704543301,Salem,Tamil Nadu,2026-03-10
2666,Ravi,Gupta,ravi.gupta2666@gmail.com,9862798991,Bangalore,Karnataka,2025-11-14
1129,12345,Sharma,user9073@gmail.com,8343616484,Mangalore,Karnataka,2025-12-19
1474,Vikram,Reddy,vikram.reddy1474@gmail.com,7843516716,Bangalore,Karnataka,2026-04-01
484,Ravi,Singh,ravi.singh484@gmail.com,7282190629,Coimbatore,Tamil Nadu,2025-09-13
3922,Arjun,Mehta,,9715986137,Warangal,Telangana,2026-03-27
2498,Ravi,Patel,ravi.patel2498@gmail.com,6408230232,Pune,Maharashtra,2025-11-15
720,Karthik,Kumar,karthik.kumar720@gmail.com,7866072459,Chennai,Tamil Nadu,2026-01-02
976,Ramesh,Sharma,ramesh.sharma976@gmail.com,8098189063,Salem,Tamil Nadu,2026-02-24
INVALID,Kiran,###,user6003@gmail.com,6471655728,Chennai,Tamil Nadu,2026-02-19
1910,Sai,Naidu,sai.naidu1910@gmail.com,9617599464,Tirupati,Andhra Pradesh,2026-02-13
4010,,Yadav,user4010@gmail.com,8500169785,Bangalore,Karnataka,2025-12-23
793,Karthik,Singh,karthik.singh793@gmail.com,9480006535,Karimnagar,Telangana,2026-05-07
3657,Praveen,Gupta,user3657@gmail.com,9490768913,,Tamil Nadu,2025-08-27
2106,Anil,Gupta,anil.gupta2106@gmail.com,6255763991,Bangalore,Karnataka,2025-07-28
1734,Praveen,Gupta,praveen.gupta1734@gmail.com,9718308442,Madurai,Tamil Nadu,2026-04-15
1934,Arjun,Kumar,arjun.kumar1934@gmail.com,8233514899,Hyderabad,Telangana,2025-09-17
141,Ravi,Kumar,ravi.kumar141@gmail.com,8619135453,Salem,Tamil Nadu,2026-05-29
444,Vikram,Naidu,vikram.naidu444@gmail.com,8574142657,Chennai,Tamil Nadu,2026-03-10
1153,"Mahesh,Vrk,Kalyan",Patel,"mahesh,vrk,kalyan.patel1153@gmail.com",8641291571,Madurai,Tamil Nadu,2025-11-11
2729,Sai,Mehta,sai.mehta2729@gmail.com,7090490523,Vijayawada,Andhra Pradesh,2025-10-08
3786,,,user3786@gmail.com,8528172895,Warangal,Telangana,2025-10-11
4029,,Reddy,user4029@gmail.com,9156471808,Tirupati,Andhra Pradesh,2026-03-04
2584,Kiran,Gupta,kiran.gupta2584@gmail.com,9163896232,Vijayawada,Andhra Pradesh,2025-07-12
3182,Suresh,Naidu,suresh.naidu3182@gmail.com,6589266749,Pune,Maharashtra,2025-11-22
3048,Ravi,Joshi,ravi.joshi3048@gmail.com,9355606985,Visakhapatnam,Andhra Pradesh,2026-04-13
2166,Vikram,Kumar,vikram.kumar2166@gmail.com,6127796278,Guntur,Andhra Pradesh,2025-08-18
1978,Harsha,Gupta,harsha.gupta1978@gmail.com,6556120608,Hyderabad,Telangana,2025-11-18
1091,"Mahesh,Vrk,Kalyan",Patel,"mahesh,vrk,kalyan.patel1091@gmail.com",7645918138,Nizamabad,Telangana,2025-12-22
1279,Naveen,Mehta,naveen.mehta1279@gmail.com,7188996532,Nashik,Maharashtra,2026-03-11
152,Ravi,Gupta,ravi.gupta152@gmail.com,6923132996,Mangalore,Karnataka,2026-04-03
2318,Vikram,Rao,vikram.rao2318@gmail.com,6187731873,Mysore,Karnataka,2026-03-16
952,Kiran,Singh,kiran.singh952@gmail.com,6051366368,Salem,Tamil Nadu,2026-02-09
2689,Rahul,Joshi,rahul.joshi2689@gmail.com,7691792704,Vijayawada,Andhra Pradesh,2025-08-12
4083,,Joshi,user4083@gmail.com,9453444359,Visakhapatnam,Andhra Pradesh,2025-07-24
2359,Sai,Sharma,sai.sharma2359@gmail.com,9897278734,Visakhapatnam,Andhra Pradesh,2025-12-12
618,Vikram,Joshi,vikram.joshi618@gmail.com,6012682545,Tirupati,Andhra Pradesh,2026-02-16
3048,12345,Naidu,user6094@gmail.com,6560831052,Coimbatore,Tamil Nadu,2025-09-17
226,Naveen,Reddy,naveen.reddy226@gmail.com,6758946507,Mysore,Karnataka,2026-03-22
30,Varun,Reddy,varun.reddy30@gmail.com,7474755149,Guntur,Andhra Pradesh,2025-10-18
3530,Anil,Reddy,anil.reddy3530@gmail.com,7108186525,Pune,Maharashtra,2025-10-29
2932,Suresh,Kumar,suresh.kumar2932@gmail.com,8636964724,Karimnagar,Telangana,2026-04-20
1434,Rahul,Patel,rahul.patel1434@gmail.com,6576145789,Hubli,Karnataka,2026-04-22
1165,Praveen,Joshi,praveen.joshi1165@gmail.com,6992713126,Guntur,Andhra Pradesh,2026-06-18
4001,Ramesh,Patel,user4001@gmail.com,6031022289,Hubli,Karnataka,
2020,"Mahesh,Vrk,Kalyan",Mehta,"mahesh,vrk,kalyan.mehta2020@gmail.com",6054825780,Hubli,Karnataka,2025-08-11
1271,Kiran,Kumar,kiran.kumar1271@gmail.com,8428437924,Chennai,Tamil Nadu,2025-09-14
2196,12345,Singh,user6312@gmail.com,PHONE,Pune,Maharashtra,2026-03-15
1429,Manoj,Yadav,manoj.yadav1429@gmail.com,8686192402,Visakhapatnam,Andhra Pradesh,2026-06-18
886,Sai,Mehta,sai.mehta886@gmail.com,9954323543,Vijayawada,Andhra Pradesh,2026-03-18
1996,Vikram,Sharma,vikram.sharma1996@gmail.com,9284011523,Hubli,Karnataka,2025-10-12
2079,Naveen,Sharma,naveen.sharma2079@gmail.com,7427688286,Tirupati,Andhra Pradesh,2025-12-09
3927,Rahul,Joshi,,9304666791,Nizamabad,Telangana,2025-10-01
764,Vikram,Gupta,vikram.gupta764@gmail.com,6305249631,Hubli,Karnataka,2025-09-04
466,Ramesh,Verma,ramesh.verma466@gmail.com,8933731516,Salem,Tamil Nadu,2026-01-24
3642,Arjun,Kumar,user3642@gmail.com,6890265009,Vijayawada,,2026-06-09
891,Harsha,Singh,harsha.singh891@gmail.com,6019234818,Guntur,Andhra Pradesh,2025-07-24
2592,Rahul,Verma,rahul.verma2592@gmail.com,8700991024,Vijayawada,Andhra Pradesh,2025-09-08
1543,Suresh,Gupta,suresh.gupta1543@gmail.com,9791152178,Madurai,Tamil Nadu,2025-10-29
2835,Anil,Verma,anil.verma2835@gmail.com,8045653084,Pune,Maharashtra,2025-07-22
1704,Naveen,Reddy,naveen.reddy1704@gmail.com,6470251770,Madurai,Tamil Nadu,2025-11-30
1007,Arjun,Mehta,arjun.mehta1007@gmail.com,7436023270,Hyderabad,Telangana,2025-10-16
840,Ramesh,Reddy,ramesh.reddy840@gmail.com,7854294064,Nagpur,Maharashtra,2025-12-19
2637,Varun,Reddy,varun.reddy2637@gmail.com,6005072328,Bangalore,Karnataka,2025-11-26
41,Manoj,Rao,manoj.rao41@gmail.com,6397004885,Karimnagar,Telangana,2025-09-21
3664,Harsha,Yadav,user3664@gmail.com,9343143568,Coimbatore,,
1730,Sai,Reddy,sai.reddy1730@gmail.com,8348190487,Mysore,Karnataka,2025-08-05
2890,Sai,Patel,sai.patel2890@gmail.com,8192294926,Nashik,Maharashtra,2026-03-21
2252,"Mahesh,Vrk,Kalyan",Kumar,"mahesh,vrk,kalyan.kumar2252@gmail.com",9092415835,Guntur,Andhra Pradesh,2025-08-06
2128,Rahul,Yadav,rahul.yadav2128@gmail.com,9477661867,Madurai,Tamil Nadu,2025-11-02
2534,Varun,Singh,varun.singh2534@gmail.com,6959405560,Hubli,Karnataka,2026-06-12
1641,9999,Yadav,user5395@gmail.com,6446301572,Coimbatore,Tamil Nadu,2099-99-99
98,Karthik,Sharma,karthik.sharma98@gmail.com,8316015081,Pune,Maharashtra,2026-05-02
3148,Manoj,Joshi,manoj.joshi3148@gmail.com,7731338455,Visakhapatnam,Andhra Pradesh,2026-01-08
2912,Anil,Patel,anil.patel2912@gmail.com,9153420360,Hubli,Karnataka,2025-08-30
1103,12345,Yadav,user7922@gmail.com,7875715694,Hubli,Karnataka,2025-08-06
2191,Anil,Kumar,anil.kumar2191@gmail.com,8543997979,Coimbatore,Tamil Nadu,2026-04-22
4126,Ramesh,Sharma,user4126@gmail.com,7844498807,,,2025-10-24
3024,Suresh,Gupta,suresh.gupta3024@gmail.com,9235188049,Mysore,Karnataka,2026-01-20
3494,"Mahesh,Vrk,Kalyan",Yadav,"mahesh,vrk,kalyan.yadav3494@gmail.com",6413601073,Nagpur,Maharashtra,2026-04-15
3870,,Singh,,7225694320,Tirupati,Andhra Pradesh,2025-06-27
3572,Sai,Verma,sai.verma3572@gmail.com,9425450056,Hyderabad,Telangana,2026-01-28
4141,Kiran,,user4141@gmail.com,,Nashik,Maharashtra,2025-12-06
107,Manoj,Joshi,manoj.joshi107@gmail.com,7703043243,Pune,Maharashtra,2025-08-08
2349,Rahul,Yadav,rahul.yadav2349@gmail.com,7525535188,Chennai,Tamil Nadu,2025-07-08
612,Suresh,Kumar,suresh.kumar612@gmail.com,7166814543,Salem,Tamil Nadu,2025-12-08
880,Karthik,Rao,karthik.rao880@gmail.com,6018168165,Nagpur,Maharashtra,2025-07-04
17,Manoj,Yadav,manoj.yadav17@gmail.com,6752826544,Karimnagar,Telangana,2026-06-01
174,Naveen,Gupta,naveen.gupta174@gmail.com,6130737927,Nagpur,Maharashtra,2025-08-16
2879,Naveen,Gupta,naveen.gupta2879@gmail.com,6894973961,Guntur,Andhra Pradesh,2025-10-23
3785,,Verma,user3785@gmail.com,7328032905,Mumbai,Maharashtra,
2961,Arjun,Mehta,arjun.mehta2961@gmail.com,6241448463,Vijayawada,Andhra Pradesh,2025-12-27
1084,Manoj,Kumar,manoj.kumar1084@gmail.com,8265669609,Mumbai,Maharashtra,2026-05-30
1232,"Mahesh,Vrk,Kalyan",###,user4612@gmail.com,6225036146,Madurai,Tamil Nadu,2025-08-13
3399,Kiran,Singh,kiran.singh3399@gmail.com,6603577339,Mysore,Karnataka,2025-09-30
1130,Ravi,Verma,ravi.verma1130@gmail.com,9066642822,Guntur,Andhra Pradesh,2025-08-02
2019,Anil,Rao,anil.rao2019@gmail.com,9050288477,Mumbai,Maharashtra,2025-09-23
2580,@@@@,Naidu,user1359@gmail.com,6997826057,Nashik,Maharashtra,2026-02-28
620,Ramesh,Gupta,ramesh.gupta620@gmail.com,6476232989,Bangalore,Karnataka,2026-04-17
862,Vikram,Verma,vikram.verma862@gmail.com,7012416455,Warangal,Telangana,2025-07-22
2386,Kiran,Reddy,kiran.reddy2386@gmail.com,6721728836,Madurai,Tamil Nadu,2026-05-31
1445,Ravi,Sharma,ravi.sharma1445@gmail.com,9410365249,Salem,Tamil Nadu,2026-05-19
2078,Suresh,Joshi,suresh.joshi2078@gmail.com,9198652064,Coimbatore,Tamil Nadu,2026-02-26
3030,Manoj,Joshi,manoj.joshi3030@gmail.com,9939361203,Mysore,Karnataka,2025-07-11
2257,Rahul,Sharma,rahul.sharma2257@gmail.com,8752333079,Mumbai,Maharashtra,2025-06-23
3846,Harsha,Rao,user3846@gmail.com,8271523174,,Maharashtra,
1219,Rahul,Joshi,rahul.joshi1219@gmail.com,9545931689,Nashik,Maharashtra,2025-10-19
2838,Naveen,Naidu,naveen.naidu2838@gmail.com,8833148432,Mangalore,Karnataka,2026-01-14
1774,Naveen,Naidu,naveen.naidu1774@gmail.com,8793232535,Hubli,Karnataka,2025-10-28
2807,Ajay,Joshi,ajay.joshi2807@gmail.com,7954724540,Hyderabad,Telangana,2025-10-19
5744,Praveen,Rao,gmail.com,8099728136,Guntur,Andhra Pradesh,2026-06-19
3939,,Verma,,8339295444,Salem,Tamil Nadu,2025-08-24
3368,Ramesh,Singh,ramesh.singh3368@gmail.com,8262124454,Visakhapatnam,Andhra Pradesh,2025-12-18
4080,,Kumar,user4080@gmail.com,6985319560,Karimnagar,,2026-06-06
2885,Ajay,Singh,ajay.singh2885@gmail.com,9846656952,Coimbatore,Tamil Nadu,2025-08-24
2475,Arjun,Sharma,arjun.sharma2475@gmail.com,9468688902,Pune,Maharashtra,2025-07-31
2225,Praveen,Mehta,praveen.mehta2225@gmail.com,8638563833,Guntur,Andhra Pradesh,2026-06-12
3006,Manoj,Mehta,manoj.mehta3006@gmail.com,7145279984,Vijayawada,Andhra Pradesh,2026-01-31
1602,Praveen,Naidu,praveen.naidu1602@gmail.com,8389406333,Karimnagar,Telangana,2026-04-17
3478,Sai,Kumar,sai.kumar3478@gmail.com,7148596056,Karimnagar,Telangana,2026-03-11
ABC123,Varun,Patel,user9551@gmail.com,9024966467,Mysore,Karnataka,2099-99-99
486,Manoj,Mehta,manoj.mehta486@gmail.com,8472057457,Nashik,Maharashtra,2026-04-06
2031,Naveen,Mehta,naveen.mehta2031@gmail.com,7667840495,Warangal,Telangana,2025-08-21
2851,Ajay,Yadav,ajay.yadav2851@gmail.com,6740058215,Tirupati,Andhra Pradesh,2026-03-28
253,Ajay,Naidu,ajay.naidu253@gmail.com,7847150008,Mangalore,Karnataka,2025-10-20
3511,Rahul,Reddy,rahul.reddy3511@gmail.com,7210416675,Guntur,Andhra Pradesh,2025-07-04
3550,Harsha,Yadav,harsha.yadav3550@gmail.com,9428812328,Nashik,Maharashtra,2025-08-26
2207,Vikram,Sharma,vikram.sharma2207@gmail.com,7755764839,Mumbai,Maharashtra,2025-10-09
1758,"Mahesh,Vrk,Kalyan",Naidu,"mahesh,vrk,kalyan.naidu1758@gmail.com",8901890932,Mumbai,Maharashtra,2025-12-30
405,Anil,Kumar,anil.kumar405@gmail.com,9182611947,Visakhapatnam,Andhra Pradesh,2025-11-13
650,Anil,Verma,anil.verma650@gmail.com,6247742906,Nashik,Maharashtra,2026-06-20
4916,Arjun,Naidu,user4124@gmail.com,9318333505,Vijayawada,UNKNOWN_STATE,2025-08-04
249,Naveen,Rao,naveen.rao249@gmail.com,6299711651,Madurai,Tamil Nadu,2025-09-13
597,Vikram,Kumar,vikram.kumar597@gmail.com,9530753446,Nashik,Maharashtra,2025-06-28
744,Ravi,Yadav,ravi.yadav744@gmail.com,9439467042,Nagpur,Maharashtra,2025-10-06
1006,Harsha,Singh,harsha.singh1006@gmail.com,9036542435,Pune,Maharashtra,2025-10-04
4127,Arjun,Reddy,,6613096753,Guntur,Andhra Pradesh,2025-10-28
1921,Varun,Gupta,varun.gupta1921@gmail.com,9174618387,Mangalore,Karnataka,2026-04-15
753,"Mahesh,Vrk,Kalyan",Naidu,"mahesh,vrk,kalyan.naidu753@gmail.com",9041567310,Mysore,Karnataka,2026-02-07
3724,"Mahesh,Vrk,Kalyan",Patel,user3724@gmail.com,9063577742,Karimnagar,,2026-03-18
3965,Varun,Verma,,7382950721,Mysore,Karnataka,
212,Varun,Sharma,varun.sharma212@gmail.com,6078881860,Warangal,Telangana,2026-05-06
2786,Kiran,Singh,kiran.singh2786@gmail.com,9822261662,Vijayawada,Andhra Pradesh,2026-06-11
1286,Ramesh,Patel,ramesh.patel1286@gmail.com,9648040533,Karimnagar,Telangana,2025-11-03
431,Kiran,Naidu,kiran.naidu431@gmail.com,7287557649,Tirupati,Andhra Pradesh,2025-12-19
3057,Rahul,Yadav,rahul.yadav3057@gmail.com,6855423651,Coimbatore,Tamil Nadu,2025-07-04
4137,Sai,Singh,,7525199872,Nagpur,Maharashtra,2026-04-03
3868,,Patel,user3868@gmail.com,,Bangalore,Karnataka,2026-02-15
1327,Harsha,Reddy,harsha.reddy1327@gmail.com,9649946279,Nagpur,Maharashtra,2025-08-20
1348,Manoj,Rao,manoj.rao1348@gmail.com,6655877614,Karimnagar,Telangana,2025-11-07
2400,Rahul,Naidu,rahul.naidu2400@gmail.com,6879621460,Mangalore,Karnataka,2026-05-15
184,Karthik,Rao,karthik.rao184@gmail.com,8670751293,Mysore,Karnataka,2025-09-30
730,Arjun,Gupta,arjun.gupta730@gmail.com,6687048846,Guntur,Andhra Pradesh,2026-06-06
218,Varun,Gupta,varun.gupta218@gmail.com,6314291092,Mumbai,Maharashtra,2025-10-29
1331,Kiran,Mehta,kiran.mehta1331@gmail.com,8345436600,Visakhapatnam,Andhra Pradesh,2026-02-09
5369,12345,Verma,user4388@gmail.com,8394157685,Coimbatore,###,2026-05-29
3305,Kiran,Gupta,kiran.gupta3305@gmail.com,6246815437,Chennai,Tamil Nadu,2025-10-04
1694,Rahul,Joshi,rahul.joshi1694@gmail.com,8630138728,Mysore,Karnataka,2025-10-22
2539,Ramesh,Mehta,ramesh.mehta2539@gmail.com,6279420386,Guntur,Andhra Pradesh,2025-12-16
1072,Praveen,Rao,praveen.rao1072@gmail.com,8970750299,Bangalore,Karnataka,2025-10-06
2678,Harsha,Verma,harsha.verma2678@gmail.com,7331579784,Visakhapatnam,Andhra Pradesh,2026-01-06
1155,Karthik,Yadav,karthik.yadav1155@gmail.com,9812235327,Nashik,Maharashtra,2025-11-29
3496,Karthik,Naidu,karthik.naidu3496@gmail.com,7701393211,Hubli,Karnataka,2025-08-02
2273,Varun,Sharma,varun.sharma2273@gmail.com,7348138322,Mumbai,Maharashtra,2025-10-14
1409,Sai,Yadav,sai.yadav1409@gmail.com,9456996095,Hyderabad,Telangana,2025-12-01
2039,Vikram,Sharma,vikram.sharma2039@gmail.com,6730074797,Karimnagar,Telangana,2026-03-23
3618,Suresh,Singh,suresh.singh3618@gmail.com,6390306374,Mumbai,Maharashtra,2026-01-03
3258,Suresh,Reddy,suresh.reddy3258@gmail.com,9804432569,Mangalore,Karnataka,2025-10-08
1298,Naveen,Sharma,naveen.sharma1298@gmail.com,7553665167,Warangal,Telangana,2025-11-12
1551,Harsha,Gupta,harsha.gupta1551@gmail.com,6024303261,Mangalore,Karnataka,2025-09-27
2983,Manoj,Reddy,manoj.reddy2983@gmail.com,6065255700,Nashik,Maharashtra,2025-12-17
2378,Sai,Mehta,sai.mehta2378@gmail.com,9742266836,Nashik,Maharashtra,2026-03-04
359,Manoj,Verma,manoj.verma359@gmail.com,6102376007,Mangalore,Karnataka,2025-06-25
742,Naveen,Verma,naveen.verma742@gmail.com,6456787993,Pune,Maharashtra,2026-06-03
1626,Kiran,Naidu,kiran.naidu1626@gmail.com,9553886605,Warangal,Telangana,2026-03-16
732,Ajay,Mehta,ajay.mehta732@gmail.com,9692830468,Nashik,Maharashtra,2026-04-05
2860,Harsha,Mehta,harsha.mehta2860@gmail.com,8379309248,Chennai,Tamil Nadu,2025-11-23
2958,Praveen,Yadav,praveen.yadav2958@gmail.com,8103922697,Tirupati,Andhra Pradesh,2025-06-23
2353,Arjun,Rao,arjun.rao2353@gmail.com,8507723611,Guntur,Andhra Pradesh,2026-05-28
2413,Varun,Mehta,varun.mehta2413@gmail.com,7750737785,Warangal,Telangana,2026-05-11
2622,Harsha,Gupta,harsha.gupta2622@gmail.com,6190048791,Guntur,Andhra Pradesh,2026-06-10
3133,Varun,Mehta,varun.mehta3133@gmail.com,7285923922,Mumbai,Maharashtra,2025-11-15
661,"Mahesh,Vrk,Kalyan",Yadav,"mahesh,vrk,kalyan.yadav661@gmail.com",6943871486,Karimnagar,Telangana,2026-03-07
3023,Ravi,Yadav,ravi.yadav3023@gmail.com,7120818395,Vijayawada,Andhra Pradesh,2026-03-04
1799,Harsha,Patel,harsha.patel1799@gmail.com,7732596124,Hyderabad,Telangana,2025-12-24
CUST###,Ajay,Rao,user3358@gmail.com,6805516372,Pune,UNKNOWN_STATE,2025-07-10
674,"Mahesh,Vrk,Kalyan",Gupta,"mahesh,vrk,kalyan.gupta674@gmail.com",6459697163,Hubli,Karnataka,2025-08-09
2953,Sai,Gupta,sai.gupta2953@gmail.com,6192383617,Visakhapatnam,Andhra Pradesh,2025-10-22
1973,Varun,Mehta,varun.mehta1973@gmail.com,7012176422,Visakhapatnam,Andhra Pradesh,2025-07-11
156,Suresh,Patel,suresh.patel156@gmail.com,9482156720,Warangal,Telangana,2025-12-02
3645,,Mehta,user3645@gmail.com,8671281513,Coimbatore,,2025-12-26
1453,Harsha,Singh,harsha.singh1453@gmail.com,8467394553,Nagpur,Maharashtra,2025-12-31
3118,Ajay,Naidu,ajay.naidu3118@gmail.com,8729578239,Hubli,Karnataka,2025-09-06
3219,Arjun,Naidu,arjun.naidu3219@gmail.com,9723486773,Guntur,Andhra Pradesh,2025-08-30
3909,,Rao,user3909@gmail.com,7020359574,Nagpur,Maharashtra,
1489,Praveen,Kumar,praveen.kumar1489@gmail.com,8132034354,Mangalore,Karnataka,2025-07-08
3007,Karthik,Yadav,karthik.yadav3007@gmail.com,6252657567,Salem,Tamil Nadu,2026-05-13
2352,Ramesh,Verma,ramesh.verma2352@gmail.com,6570921765,Madurai,Tamil Nadu,2026-05-04
1969,Anil,NULL,user471@gmail.com,123,Pune,Maharashtra,2025-07-09
3360,Anil,Patel,anil.patel3360@gmail.com,9222116878,Chennai,Tamil Nadu,2025-08-02
1976,Ajay,Singh,ajay.singh1976@gmail.com,6335168312,Madurai,Tamil Nadu,2025-07-25
4146,,,user4146@gmail.com,8213017787,Tirupati,Andhra Pradesh,2026-05-02
1479,Vikram,Reddy,vikram.reddy1479@gmail.com,9401447311,Warangal,Telangana,2026-04-06
1105,Arjun,Verma,arjun.verma1105@gmail.com,9076320357,Warangal,Telangana,2026-01-23
3100,Suresh,Naidu,suresh.naidu3100@gmail.com,9427628822,Nashik,Maharashtra,2025-10-13
1345,Naveen,Sharma,naveen.sharma1345@gmail.com,7344426004,Warangal,Telangana,2025-07-24
1144,Ajay,Patel,ajay.patel1144@gmail.com,6525366512,Nashik,Maharashtra,2025-07-04
13,Rahul,Kumar,rahul.kumar13@gmail.com,7812721179,Warangal,Telangana,2026-03-19
2990,Ramesh,Sharma,ramesh.sharma2990@gmail.com,7570608829,Coimbatore,Tamil Nadu,2026-04-09
4536,"Mahesh,Vrk,Kalyan",Yadav,user7148@gmail.com,6381695489,Nashik,Maharashtra,32-13-2025
1913,Ajay,Yadav,ajay.yadav1913@gmail.com,8504274813,Madurai,Tamil Nadu,2025-09-18
1499,Ravi,Patel,ravi.patel1499@gmail.com,6596173992,Bangalore,Karnataka,2026-03-07
4956,Ravi,NULL,user767@gmail.com,9156106991,Guntur,Andhra Pradesh,2026-03-13
3928,Ravi,,user3928@gmail.com,9769610884,Nashik,Maharashtra,2025-12-13
3067,Naveen,Sharma,naveen.sharma3067@gmail.com,7336612590,Warangal,Telangana,2025-08-19
3192,Rahul,Mehta,rahul.mehta3192@gmail.com,9605056423,Karimnagar,Telangana,2025-12-23
4013,,Mehta,user4013@gmail.com,9478098148,Madurai,Tamil Nadu,2025-12-07
2377,Varun,Joshi,varun.joshi2377@gmail.com,8967035024,Guntur,Andhra Pradesh,2025-09-02
4519,Praveen,NULL,user162@gmail.com,7299504697,Vijayawada,Andhra Pradesh,2026-05-18
469,Ajay,Gupta,ajay.gupta469@gmail.com,9943186034,Vijayawada,Andhra Pradesh,2025-12-09
649,Vikram,Rao,vikram.rao649@gmail.com,7706095392,Vijayawada,Andhra Pradesh,2025-07-01
3182,Suresh,Naidu,suresh.naidu3182@gmail.com,6589266749,Pune,Maharashtra,2025-11-22
603,Karthik,Naidu,user3622@gmail.com,999,Coimbatore,123,2026-02-12
274,Suresh,Sharma,suresh.sharma274@gmail.com,6035712987,Visakhapatnam,Andhra Pradesh,2026-01-01
1503,Manoj,Singh,manoj.singh1503@gmail.com,7529126006,Hyderabad,Telangana,2026-06-07
350,Sai,Singh,sai.singh350@gmail.com,8645165654,Coimbatore,Tamil Nadu,2025-07-20
3560,Praveen,Reddy,praveen.reddy3560@gmail.com,8671776304,Nagpur,Maharashtra,2026-05-21
487,Suresh,Patel,suresh.patel487@gmail.com,8895375854,Mangalore,Karnataka,2026-03-10
1362,Anil,Joshi,anil.joshi1362@gmail.com,6178728522,Pune,Maharashtra,2025-11-24
2340,Suresh,Naidu,suresh.naidu2340@gmail.com,7991103286,Hyderabad,Telangana,2025-09-23
1215,Anil,Naidu,anil.naidu1215@gmail.com,6658224857,Nagpur,Maharashtra,2026-04-27
2949,Praveen,Singh,praveen.singh2949@gmail.com,6524948271,Nashik,Maharashtra,2025-07-13
648,Ramesh,Mehta,ramesh.mehta648@gmail.com,7096508882,Tirupati,Andhra Pradesh,2025-12-27
3855,Manoj,Rao,user3855@gmail.com,8079798587,,Karnataka,
122,Arjun,Joshi,arjun.joshi122@gmail.com,8844639822,Nashik,Maharashtra,2025-12-01
1352,Ajay,Mehta,ajay.mehta1352@gmail.com,8040188282,Bangalore,Karnataka,2025-12-09
1670,Vikram,Verma,vikram.verma1670@gmail.com,9256625507,Mangalore,Karnataka,2026-03-19
1365,Anil,Kumar,anil.kumar1365@gmail.com,8679983492,Nashik,Maharashtra,2026-04-18
1321,Arjun,Joshi,arjun.joshi1321@gmail.com,7123876704,Visakhapatnam,Andhra Pradesh,2026-01-19
1737,Suresh,Singh,suresh.singh1737@gmail.com,8842591666,Guntur,Andhra Pradesh,2025-10-04
217,Suresh,Joshi,suresh.joshi217@gmail.com,7383989501,Mumbai,Maharashtra,2026-06-13
3370,Arjun,Reddy,arjun.reddy3370@gmail.com,9750365874,Mysore,Karnataka,2026-06-18
548,Karthik,Joshi,user6586@gmail.com,9529654117,Salem,Tamil Nadu,2099-99-99
2390,Sai,Yadav,sai.yadav2390@gmail.com,6791440859,Pune,Maharashtra,2026-01-04
2089,Ravi,Mehta,user3971@gmail.com,123,Coimbatore,Tamil Nadu,2025-09-23
1446,"Mahesh,Vrk,Kalyan",Gupta,"mahesh,vrk,kalyan.gupta1446@gmail.com",9737041623,Warangal,Telangana,2025-09-10
2716,Anil,Yadav,anil.yadav2716@gmail.com,8609025530,Karimnagar,Telangana,2026-01-05
4104,Anil,Rao,,6472478067,Hubli,,2026-04-15
26,Karthik,Kumar,karthik.kumar26@gmail.com,7483381377,Coimbatore,Tamil Nadu,2026-06-03
3391,Ravi,Rao,ravi.rao3391@gmail.com,8930549194,Vijayawada,Andhra Pradesh,2026-02-07
1975,Karthik,Verma,karthik.verma1975@gmail.com,8020819113,Warangal,Telangana,2025-07-18
2949,@@@@,Joshi,abc@,6603187230,Mysore,Karnataka,2026-05-23
3921,,Gupta,,9223327294,Coimbatore,Tamil Nadu,2025-07-26
3985,,Verma,user3985@gmail.com,9754552798,Nagpur,,2025-07-12
1312,Praveen,Singh,praveen.singh1312@gmail.com,7717002246,Salem,Tamil Nadu,2025-12-02
3090,Ramesh,Naidu,ramesh.naidu3090@gmail.com,6238898714,Nashik,Maharashtra,2026-05-03
3300,Rahul,Rao,rahul.rao3300@gmail.com,6236034444,Warangal,Telangana,2025-09-02
3840,,Singh,user3840@gmail.com,7457194316,Pune,Maharashtra,
232,Kiran,Yadav,kiran.yadav232@gmail.com,9514913626,Chennai,Tamil Nadu,2025-07-30
2208,Karthik,Joshi,karthik.joshi2208@gmail.com,6510218728,Chennai,Tamil Nadu,2025-12-01
631,Manoj,Patel,manoj.patel631@gmail.com,7709871682,Bangalore,Karnataka,2025-08-04
26,Karthik,Kumar,karthik.kumar26@gmail.com,7483381377,Coimbatore,Tamil Nadu,2026-06-03
2613,Ravi,Verma,ravi.verma2613@gmail.com,9125898883,Warangal,Telangana,2026-03-05
716,Naveen,Joshi,naveen.joshi716@gmail.com,7762588915,Mumbai,Maharashtra,2025-07-22
3109,"Mahesh,Vrk,Kalyan",Joshi,"mahesh,vrk,kalyan.joshi3109@gmail.com",8144634508,Madurai,Tamil Nadu,2025-09-07
2554,Naveen,Sharma,naveen.sharma2554@gmail.com,6969482519,Guntur,Andhra Pradesh,2025-08-09
1999,Manoj,Kumar,manoj.kumar1999@gmail.com,8863899239,Nashik,Maharashtra,2026-02-03
3018,Ramesh,Verma,ramesh.verma3018@gmail.com,8527561836,Nashik,Maharashtra,2025-11-01
3529,Harsha,Yadav,harsha.yadav3529@gmail.com,8869157593,Mangalore,Karnataka,2025-08-06
1356,Ravi,Naidu,ravi.naidu1356@gmail.com,6471066250,Chennai,Tamil Nadu,2025-11-21
1658,Ravi,Sharma,ravi.sharma1658@gmail.com,6449975982,Vijayawada,Andhra Pradesh,2025-07-21
1901,Anil,Joshi,anil.joshi1901@gmail.com,9038998898,Pune,Maharashtra,2026-02-13
1131,Sai,Yadav,sai.yadav1131@gmail.com,8003132410,Nizamabad,Telangana,2026-04-14
3407,Varun,Gupta,varun.gupta3407@gmail.com,7050561781,Coimbatore,Tamil Nadu,2025-11-23
2521,Rahul,Yadav,rahul.yadav2521@gmail.com,6792213947,Guntur,Andhra Pradesh,2026-04-28
1751,Vikram,Patel,vikram.patel1751@gmail.com,6696335324,Chennai,Tamil Nadu,2026-05-03
1720,Manoj,Patel,manoj.patel1720@gmail.com,7473006654,Tirupati,Andhra Pradesh,2026-06-10
3287,"Mahesh,Vrk,Kalyan",Reddy,"mahesh,vrk,kalyan.reddy3287@gmail.com",8942273336,Warangal,Telangana,2026-03-16
568,Suresh,Sharma,suresh.sharma568@gmail.com,6390209315,Nashik,Maharashtra,2026-02-11
3975,Ajay,Reddy,,7613114306,Chennai,Tamil Nadu,2026-06-21
202,Karthik,Rao,karthik.rao202@gmail.com,8852466833,Bangalore,Karnataka,2026-05-29
3172,Vikram,Yadav,vikram.yadav3172@gmail.com,9531033231,Visakhapatnam,Andhra Pradesh,2026-03-24
805,Praveen,Gupta,praveen.gupta805@gmail.com,6259608500,Chennai,Tamil Nadu,2026-03-03
3524,Karthik,Mehta,karthik.mehta3524@gmail.com,7950187420,Hubli,Karnataka,2026-05-20
1945,Varun,Patel,varun.patel1945@gmail.com,7863975817,Vijayawada,Andhra Pradesh,2026-05-17
2523,Vikram,Rao,vikram.rao2523@gmail.com,8965978264,Mumbai,Maharashtra,2025-07-15
1528,Varun,Kumar,varun.kumar1528@gmail.com,8153941017,Visakhapatnam,Andhra Pradesh,2025-06-29
3011,Karthik,Rao,karthik.rao3011@gmail.com,8580075396,Visakhapatnam,Andhra Pradesh,2026-02-26
120,Harsha,Sharma,harsha.sharma120@gmail.com,7378538982,Nagpur,Maharashtra,2026-01-16
2683,Harsha,Gupta,harsha.gupta2683@gmail.com,7838361417,Visakhapatnam,Andhra Pradesh,2025-11-18
2226,Naveen,Singh,naveen.singh2226@gmail.com,6887963209,Karimnagar,Telangana,2026-04-16
878,Rahul,Mehta,rahul.mehta878@gmail.com,7282731215,Bangalore,Karnataka,2026-04-20
2757,Arjun,Verma,arjun.verma2757@gmail.com,9513795548,Salem,Tamil Nadu,2025-07-20
1851,Ramesh,Sharma,ramesh.sharma1851@gmail.com,6642235898,Hyderabad,Telangana,2025-11-09
504,Rahul,Sharma,rahul.sharma504@gmail.com,6243122326,Salem,Tamil Nadu,2026-03-26
2254,Manoj,Rao,manoj.rao2254@gmail.com,9989399389,Nagpur,Maharashtra,2025-06-29
40,Manoj,Patel,manoj.patel40@gmail.com,6002650298,Salem,Tamil Nadu,2026-01-02
2195,Ajay,Rao,ajay.rao2195@gmail.com,6210872497,Hyderabad,Telangana,2026-04-28
3467,Ajay,Sharma,ajay.sharma3467@gmail.com,6666883809,Tirupati,Andhra Pradesh,2026-03-20
2404,Rahul,Patel,rahul.patel2404@gmail.com,8993509365,Tirupati,Andhra Pradesh,2025-07-31
5545,9999,Gupta,user2074@gmail.com,6934232343,Pune,123,2026-02-12
228,Naveen,Rao,naveen.rao228@gmail.com,9202834970,Karimnagar,Telangana,2025-08-17
3661,,Yadav,user3661@gmail.com,7681821067,Pune,Maharashtra,2026-01-19
900,Ramesh,Patel,ramesh.patel900@gmail.com,7519842602,Coimbatore,Tamil Nadu,2025-08-29
1967,Vikram,Rao,vikram.rao1967@gmail.com,7737629776,Guntur,Andhra Pradesh,2025-09-27
2818,Anil,Mehta,anil.mehta2818@gmail.com,9739384644,Guntur,Andhra Pradesh,2025-11-08
2409,Manoj,Singh,manoj.singh2409@gmail.com,6692732004,Salem,Tamil Nadu,2026-01-01
1177,Kiran,Verma,kiran.verma1177@gmail.com,8474165350,Bangalore,Karnataka,2026-02-01
2590,Manoj,Rao,manoj.rao2590@gmail.com,6323971754,Guntur,Andhra Pradesh,2025-08-05
3401,Ajay,Yadav,ajay.yadav3401@gmail.com,9784867092,Mangalore,Karnataka,2026-01-30
2397,Kiran,Kumar,kiran.kumar2397@gmail.com,6729844156,Hubli,Karnataka,2026-03-18
ABC123,Anil,Naidu,user4940@gmail.com,7115780257,Mysore,UNKNOWN_STATE,2025-08-11
213,Arjun,Reddy,arjun.reddy213@gmail.com,7762774021,Bangalore,Karnataka,2025-11-30
1883,Rahul,Sharma,rahul.sharma1883@gmail.com,8284671188,Hyderabad,Telangana,2025-10-03
659,Vikram,Reddy,vikram.reddy659@gmail.com,6622456347,Pune,Maharashtra,2025-10-15
3827,Vikram,,user3827@gmail.com,8156036706,Pune,Maharashtra,2026-01-03
1840,Karthik,Mehta,karthik.mehta1840@gmail.com,7838112197,Hubli,Karnataka,2025-10-26
433,Naveen,Patel,naveen.patel433@gmail.com,9352136397,Bangalore,Karnataka,2026-05-01
1606,Karthik,Patel,karthik.patel1606@gmail.com,9162083225,Salem,Tamil Nadu,2025-12-12
1164,Ravi,Singh,ravi.singh1164@gmail.com,6236504200,Madurai,Tamil Nadu,2026-01-30
328,Harsha,Gupta,harsha.gupta328@gmail.com,6107625960,Karimnagar,Telangana,2026-01-21
1099,Varun,Naidu,varun.naidu1099@gmail.com,6752418360,Vijayawada,Andhra Pradesh,2025-11-26
1304,Ravi,Mehta,ravi.mehta1304@gmail.com,9460122701,Hyderabad,Telangana,2026-06-18
161,"Mahesh,Vrk,Kalyan",Singh,"mahesh,vrk,kalyan.singh161@gmail.com",6976040058,Coimbatore,Tamil Nadu,2025-10-19
2696,Sai,Joshi,sai.joshi2696@gmail.com,7780003103,Visakhapatnam,Andhra Pradesh,2026-05-10
1836,Ramesh,Naidu,ramesh.naidu1836@gmail.com,8504859496,Chennai,Tamil Nadu,2026-01-15
2555,Vikram,Naidu,vikram.naidu2555@gmail.com,8671712889,Mysore,Karnataka,2025-08-04
2290,Praveen,Joshi,@test,6888125624,Mangalore,###,2026-02-09
108,Suresh,Gupta,suresh.gupta108@gmail.com,7481387598,Madurai,Tamil Nadu,2025-10-25
310,"Mahesh,Vrk,Kalyan",Kumar,"mahesh,vrk,kalyan.kumar310@gmail.com",6856870883,Pune,Maharashtra,2025-07-01
3582,Harsha,Mehta,harsha.mehta3582@gmail.com,7675938323,Warangal,Telangana,2026-02-20
4961,Varun,###,user141@gmail.com,7218751141,9999,Maharashtra,2025-07-30
3508,Anil,Verma,anil.verma3508@gmail.com,8730021122,Karimnagar,Telangana,2026-06-01
2129,Vikram,Kumar,vikram.kumar2129@gmail.com,7888129889,Mumbai,Maharashtra,2025-07-05
3891,Suresh,Gupta,user3891@gmail.com,,Bangalore,Karnataka,2026-06-17
2586,Ravi,Reddy,ravi.reddy2586@gmail.com,7894242652,Nagpur,Maharashtra,2025-10-15
3594,Praveen,Sharma,praveen.sharma3594@gmail.com,9196854732,Nizamabad,Telangana,2025-10-31
83,Anil,Gupta,anil.gupta83@gmail.com,6088236661,Karimnagar,Telangana,2026-01-12
3138,Naveen,Naidu,naveen.naidu3138@gmail.com,6145342418,Coimbatore,Tamil Nadu,2026-01-26
3105,Varun,Mehta,varun.mehta3105@gmail.com,9906992183,Mumbai,Maharashtra,2025-08-19
175,Karthik,Verma,karthik.verma175@gmail.com,6759156326,Nashik,Maharashtra,2026-01-25
1971,Ravi,Verma,ravi.verma1971@gmail.com,8501204620,Guntur,Andhra Pradesh,2025-08-31
2431,Sai,Singh,sai.singh2431@gmail.com,9584969119,Hyderabad,Telangana,2026-03-05
771,Vikram,Naidu,user4013@gmail.com,8017371367,@@@@,Telangana,2025-09-09
1043,"Mahesh,Vrk,Kalyan",Kumar,"mahesh,vrk,kalyan.kumar1043@gmail.com",9076444242,Salem,Tamil Nadu,2025-08-15
1604,"Mahesh,Vrk,Kalyan",Verma,"mahesh,vrk,kalyan.verma1604@gmail.com",7794164846,Bangalore,Karnataka,2026-01-21
2844,Varun,Gupta,varun.gupta2844@gmail.com,9764132133,Pune,Maharashtra,2025-09-14
1458,Arjun,Verma,arjun.verma1458@gmail.com,9931290654,Mumbai,Maharashtra,2025-06-26
181,Ravi,Mehta,ravi.mehta181@gmail.com,7607307914,Tirupati,Andhra Pradesh,2026-03-18
2487,Manoj,Sharma,manoj.sharma2487@gmail.com,8244168504,Hyderabad,Telangana,2026-05-11
2693,Manoj,Patel,manoj.patel2693@gmail.com,8344853919,Coimbatore,Tamil Nadu,2025-11-23
2422,Varun,Sharma,varun.sharma2422@gmail.com,6003588785,Mysore,Karnataka,2026-04-02
2754,Ramesh,Rao,ramesh.rao2754@gmail.com,7615226745,Hubli,Karnataka,2026-04-16
2814,Naveen,Mehta,naveen.mehta2814@gmail.com,7640024587,Visakhapatnam,Andhra Pradesh,2026-01-16
2148,Kiran,Naidu,kiran.naidu2148@gmail.com,7453707394,Pune,Maharashtra,2025-07-25
1912,Suresh,Reddy,suresh.reddy1912@gmail.com,8073741695,Mangalore,Karnataka,2025-08-23
1073,Sai,Mehta,sai.mehta1073@gmail.com,7765416444,Mysore,Karnataka,2026-03-11
387,Ramesh,Joshi,abc@,6943730012,@@@@,Andhra Pradesh,2025-08-04
4018,Arjun,Gupta,,7062183834,Mangalore,Karnataka,2026-06-09
2106,Anil,Gupta,anil.gupta2106@gmail.com,6255763991,Bangalore,Karnataka,2025-07-28
4005,Praveen,Sharma,,7892663365,Warangal,Telangana,
3395,Karthik,Patel,karthik.patel3395@gmail.com,6423136466,Chennai,Tamil Nadu,2026-02-17
178,Ajay,Mehta,ajay.mehta178@gmail.com,6857032364,Vijayawada,Andhra Pradesh,2025-12-31
1058,Naveen,Mehta,naveen.mehta1058@gmail.com,9415097175,Madurai,Tamil Nadu,2025-10-29
374,Anil,Singh,anil.singh374@gmail.com,9898113890,Karimnagar,Telangana,2026-04-21
3720,,Sharma,user3720@gmail.com,,Mangalore,Karnataka,2025-07-08
955,Naveen,Singh,naveen.singh955@gmail.com,7816613180,Nashik,Maharashtra,2026-06-21
1343,"Mahesh,Vrk,Kalyan",Yadav,"mahesh,vrk,kalyan.yadav1343@gmail.com",7114058114,Salem,Tamil Nadu,2026-05-11
2748,Karthik,Yadav,karthik.yadav2748@gmail.com,6304756141,Karimnagar,Telangana,2025-06-27
4117,,Verma,user4117@gmail.com,6909290483,Madurai,,2025-12-29
5042,Naveen,Mehta,user4186@gmail.com,7554323475,9999,Tamil Nadu,2025-09-23
723,Arjun,Patel,arjun.patel723@gmail.com,7870311685,Mangalore,Karnataka,2025-10-22
1486,Vikram,Patel,vikram.patel1486@gmail.com,8896478311,Nagpur,Maharashtra,2025-07-28
837,Vikram,Reddy,vikram.reddy837@gmail.com,9348935849,Vijayawada,Andhra Pradesh,2026-02-18
3050,Suresh,Gupta,suresh.gupta3050@gmail.com,9857263616,Salem,Tamil Nadu,2025-09-16
529,Suresh,Rao,suresh.rao529@gmail.com,7503238013,Visakhapatnam,Andhra Pradesh,2025-12-25
901,"Mahesh,Vrk,Kalyan",Kumar,"mahesh,vrk,kalyan.kumar901@gmail.com",9818995386,Mumbai,Maharashtra,2026-02-12
2619,Harsha,Mehta,harsha.mehta2619@gmail.com,9818629876,Mangalore,Karnataka,2026-06-04
831,Anil,Naidu,anil.naidu831@gmail.com,7719284047,Tirupati,Andhra Pradesh,2025-10-02
2712,Ramesh,Joshi,ramesh.joshi2712@gmail.com,8715425881,Bangalore,Karnataka,2026-05-24
3552,Kiran,Yadav,kiran.yadav3552@gmail.com,8249933941,Mangalore,Karnataka,2026-01-29
1840,Karthik,Mehta,karthik.mehta1840@gmail.com,7838112197,Hubli,Karnataka,2025-10-26
2694,Naveen,Gupta,naveen.gupta2694@gmail.com,8238143615,Hubli,Karnataka,2025-12-05
361,Vikram,Singh,vikram.singh361@gmail.com,6710792422,Guntur,Andhra Pradesh,2026-04-25
3577,Varun,Naidu,varun.naidu3577@gmail.com,9579509927,Coimbatore,Tamil Nadu,2026-01-31
2068,Kiran,Gupta,kiran.gupta2068@gmail.com,6734300550,Bangalore,Karnataka,2025-12-11
4106,Manoj,Mehta,,6738165861,Karimnagar,Telangana,2026-01-16
2733,Suresh,Joshi,gmail.com,6802699374,Nizamabad,Telangana,2025-09-25
1282,Naveen,Singh,naveen.singh1282@gmail.com,6562539368,Hubli,Karnataka,2025-10-19
490,Vikram,Naidu,user2647@gmail.com,999,Hyderabad,Telangana,2025-12-19
1755,Ramesh,Verma,ramesh.verma1755@gmail.com,7101300613,Warangal,Telangana,2025-11-21
15,Harsha,Verma,harsha.verma15@gmail.com,6129071386,Tirupati,Andhra Pradesh,2025-07-16
498,Harsha,Rao,harsha.rao498@gmail.com,7677499902,Warangal,Telangana,2025-08-21
983,Varun,Yadav,varun.yadav983@gmail.com,9724590007,Mangalore,Karnataka,2025-07-02
3248,Naveen,Patel,naveen.patel3248@gmail.com,7566038518,Pune,Maharashtra,2025-09-01
3884,Rahul,Sharma,user3884@gmail.com,,Pune,Maharashtra,2026-03-25
2068,Kiran,Gupta,kiran.gupta2068@gmail.com,6734300550,Bangalore,Karnataka,2025-12-11
2368,Sai,Sharma,user6191@gmail.com,123,Hyderabad,Telangana,2026-03-31
2278,Ravi,Patel,ravi.patel2278@gmail.com,6392001022,Mumbai,Maharashtra,2026-04-08
1094,Ajay,Mehta,ajay.mehta1094@gmail.com,7984372533,Salem,Tamil Nadu,2025-08-09
1226,Arjun,Verma,arjun.verma1226@gmail.com,9400595260,Pune,Maharashtra,2026-03-21
2626,Karthik,Rao,karthik.rao2626@gmail.com,9159275262,Nagpur,Maharashtra,2025-09-10
4156,,Naidu,user4156@gmail.com,8654093328,Tirupati,Andhra Pradesh,2026-05-25
1515,Sai,Singh,sai.singh1515@gmail.com,8066149287,Tirupati,Andhra Pradesh,2025-06-25
ABC123,Praveen,Joshi,user8171@gmail.com,6003729874,Warangal,Telangana,2025-08-15
3773,,Rao,user3773@gmail.com,8450612835,,Telangana,2025-12-30
942,Ramesh,Joshi,ramesh.joshi942@gmail.com,8012489871,Coimbatore,Tamil Nadu,2025-12-06
29,Kiran,Singh,kiran.singh29@gmail.com,6847041133,Chennai,Tamil Nadu,2026-05-01
553,Arjun,Rao,arjun.rao553@gmail.com,6009543568,Bangalore,Karnataka,2026-02-14
3878,,Gupta,user3878@gmail.com,7610043667,,Maharashtra,2026-04-09
867,Praveen,Reddy,praveen.reddy867@gmail.com,8893154465,Pune,Maharashtra,2026-06-16
370,Ramesh,Rao,ramesh.rao370@gmail.com,7548232866,Chennai,Tamil Nadu,2025-10-22
264,Rahul,Gupta,rahul.gupta264@gmail.com,7573355942,Hubli,Karnataka,2025-12-31
1841,Praveen,Mehta,praveen.mehta1841@gmail.com,9039234160,Pune,Maharashtra,2026-01-06
1542,Rahul,Patel,rahul.patel1542@gmail.com,7208265084,Chennai,Tamil Nadu,2025-08-21
28,Manoj,Singh,manoj.singh28@gmail.com,8881635556,Vijayawada,Andhra Pradesh,2025-07-31
1432,Rahul,Reddy,rahul.reddy1432@gmail.com,9802197129,Mangalore,Karnataka,2026-04-28
378,Manoj,Yadav,manoj.yadav378@gmail.com,9774208826,Visakhapatnam,Andhra Pradesh,2025-08-27
424,Manoj,Joshi,manoj.joshi424@gmail.com,6468591236,Madurai,Tamil Nadu,2025-07-14
2435,Varun,Kumar,varun.kumar2435@gmail.com,9841471432,Bangalore,Karnataka,2026-01-10
5245,Karthik,Patel,user9267@gmail.com,9996998302,Warangal,Telangana,NOT_A_DATE
2888,Manoj,Kumar,manoj.kumar2888@gmail.com,9592307728,Chennai,Tamil Nadu,2026-04-29
3999,Ajay,Reddy,user3999@gmail.com,,Salem,,2025-07-24
3324,Ajay,Verma,ajay.verma3324@gmail.com,7932093598,Warangal,Telangana,2025-10-13
481,Kiran,Gupta,kiran.gupta481@gmail.com,8702746632,Visakhapatnam,Andhra Pradesh,2025-07-02
3167,Ramesh,Yadav,ramesh.yadav3167@gmail.com,6046962539,Chennai,Tamil Nadu,2025-06-25
3351,Ramesh,Yadav,ramesh.yadav3351@gmail.com,9910147361,Nagpur,Maharashtra,2025-11-26
3622,Sai,Sharma,sai.sharma3622@gmail.com,8539882961,Mumbai,Maharashtra,2025-08-28
1322,Harsha,Sharma,harsha.sharma1322@gmail.com,9268379465,Visakhapatnam,Andhra Pradesh,2025-07-23
2944,Sai,Joshi,sai.joshi2944@gmail.com,7179513293,Vijayawada,Andhra Pradesh,2026-01-22
2644,Ravi,Patel,ravi.patel2644@gmail.com,7815920564,Guntur,Andhra Pradesh,2026-04-25
512,Vikram,Sharma,vikram.sharma512@gmail.com,7467306987,Nizamabad,Telangana,2026-04-08
3046,Kiran,Gupta,kiran.gupta3046@gmail.com,9616947882,Chennai,Tamil Nadu,2026-01-08
2556,Harsha,Reddy,harsha.reddy2556@gmail.com,8074980094,Madurai,Tamil Nadu,2025-07-27
2641,Kiran,Singh,kiran.singh2641@gmail.com,7638718443,Nizamabad,Telangana,2026-01-16
1456,Arjun,Naidu,arjun.naidu1456@gmail.com,9244243407,Mumbai,Maharashtra,2025-08-20
505,Ajay,Patel,ajay.patel505@gmail.com,7747025057,Guntur,Andhra Pradesh,2025-08-15
376,Praveen,Mehta,user3334@gmail.com,8041529522,123CITY,Andhra Pradesh,NOT_A_DATE
42,Varun,Patel,varun.patel42@gmail.com,9763284744,Warangal,Telangana,2025-10-26
ABC123,12345,Joshi,user4149@gmail.com,9326020812,Hyderabad,Telangana,2025-09-18
407,Karthik,Reddy,karthik.reddy407@gmail.com,6728561384,Mysore,Karnataka,2026-05-08
2438,Rahul,Mehta,rahul.mehta2438@gmail.com,9346805377,Hyderabad,Telangana,2025-08-11
252,Anil,Yadav,anil.yadav252@gmail.com,9737672102,Mumbai,Maharashtra,2025-07-22
1035,Vikram,Verma,vikram.verma1035@gmail.com,7922732963,Hubli,Karnataka,2026-02-25
1993,Ravi,Joshi,ravi.joshi1993@gmail.com,7576739196,Pune,Maharashtra,2026-02-21
4178,@@@@,Verma,user5122@gmail.com,6706242221,Tirupati,UNKNOWN_STATE,2025-11-21
3950,Harsha,Kumar,user3950@gmail.com,6535459373,Nagpur,,2025-09-30
3697,Sai,Verma,user3697@gmail.com,9181665668,Guntur,Andhra Pradesh,
3983,Anil,Reddy,user3983@gmail.com,7303353829,,Tamil Nadu,2025-11-24
3021,Vikram,Gupta,vikram.gupta3021@gmail.com,8081404938,Karimnagar,Telangana,2026-01-13
3065,Varun,Mehta,varun.mehta3065@gmail.com,9436398049,Nashik,Maharashtra,2026-05-29
185,Harsha,Naidu,harsha.naidu185@gmail.com,6460929218,Nagpur,Maharashtra,2025-10-06
4961,12345,Joshi,user3588@gmail.com,7101584458,Tirupati,Andhra Pradesh,2025-12-14
190,Arjun,Kumar,arjun.kumar190@gmail.com,8712257336,Mysore,Karnataka,2026-03-02
3070,Ajay,Gupta,ajay.gupta3070@gmail.com,9476163293,Coimbatore,Tamil Nadu,2025-10-27
219,Naveen,Sharma,abc@,6518444784,Nizamabad,UNKNOWN_STATE,2025-08-27
2503,Kiran,NULL,user4254@gmail.com,9467736045,Mangalore,Karnataka,2026-04-25
641,Harsha,Mehta,harsha.mehta641@gmail.com,6083657036,Hyderabad,Telangana,2025-12-03
4883,Rahul,Yadav,user9164@gmail.com,7296734351,9999,Karnataka,2026-03-28
1190,Harsha,Singh,harsha.singh1190@gmail.com,6477415158,Salem,Tamil Nadu,2025-09-04
2588,Sai,Verma,sai.verma2588@gmail.com,6977247628,Madurai,Tamil Nadu,2025-06-26
3716,Suresh,Patel,,6452526371,Warangal,,2025-08-26
2275,Suresh,Reddy,suresh.reddy2275@gmail.com,8191833667,Hubli,Karnataka,2026-06-23
2691,Anil,Kumar,anil.kumar2691@gmail.com,7663610610,Bangalore,Karnataka,2026-06-14
ABC123,Naveen,Yadav,abc@,8957216003,Coimbatore,Tamil Nadu,2026-03-18
3447,Arjun,Patel,arjun.patel3447@gmail.com,8036709495,Guntur,Andhra Pradesh,2026-03-04
296,Ravi,Patel,ravi.patel296@gmail.com,8562772472,Nashik,Maharashtra,2025-08-24
2444,Ramesh,Gupta,ramesh.gupta2444@gmail.com,6109238014,Mumbai,Maharashtra,2026-01-15
1231,Kiran,Yadav,kiran.yadav1231@gmail.com,8771075527,Warangal,Telangana,2025-08-10
2733,Kiran,Naidu,kiran.naidu2733@gmail.com,7932810495,Coimbatore,Tamil Nadu,2026-05-03
3143,Vikram,Sharma,vikram.sharma3143@gmail.com,7137175014,Madurai,Tamil Nadu,2025-08-19
2631,Ramesh,Sharma,ramesh.sharma2631@gmail.com,8613090052,Mysore,Karnataka,2026-03-18
2337,Karthik,Naidu,karthik.naidu2337@gmail.com,6561220546,Karimnagar,Telangana,2025-12-11
961,Anil,Verma,anil.verma961@gmail.com,9564260335,Pune,Maharashtra,2026-01-25
668,Ravi,Sharma,ravi.sharma668@gmail.com,6477640327,Visakhapatnam,Andhra Pradesh,2026-06-09
2909,Varun,Rao,varun.rao2909@gmail.com,6733775600,Nagpur,Maharashtra,2026-02-20
552,Kiran,Verma,kiran.verma552@gmail.com,7863612363,Mangalore,Karnataka,2026-04-03
2118,Ravi,Sharma,ravi.sharma2118@gmail.com,9542937101,Tirupati,Andhra Pradesh,2025-09-19
1685,"Mahesh,Vrk,Kalyan",Rao,"mahesh,vrk,kalyan.rao1685@gmail.com",9657517327,Nizamabad,Telangana,2025-11-17
3548,Varun,Joshi,varun.joshi3548@gmail.com,7645942906,Coimbatore,Tamil Nadu,2026-01-09
2434,Ajay,Reddy,ajay.reddy2434@gmail.com,6651902281,Visakhapatnam,Andhra Pradesh,2026-02-13
1433,Vikram,Gupta,vikram.gupta1433@gmail.com,8383893857,Hubli,Karnataka,2025-10-28
1354,Arjun,Sharma,arjun.sharma1354@gmail.com,7359446671,Mangalore,Karnataka,2025-08-16
3536,Suresh,Patel,suresh.patel3536@gmail.com,7938964397,Nizamabad,Telangana,2025-07-11
3683,"Mahesh,Vrk,Kalyan",,,9845021176,Chennai,Tamil Nadu,2025-12-21
3002,Manoj,Sharma,manoj.sharma3002@gmail.com,8445936816,Hubli,Karnataka,2026-05-31
1269,"Mahesh,Vrk,Kalyan",Mehta,"mahesh,vrk,kalyan.mehta1269@gmail.com",9029925413,Hubli,Karnataka,2026-03-08
3066,Ajay,Reddy,ajay.reddy3066@gmail.com,8512842883,Pune,Maharashtra,2026-05-13
804,Suresh,Mehta,suresh.mehta804@gmail.com,7837278015,Nagpur,Maharashtra,2025-12-26
3396,Harsha,Rao,user2159@gmail.com,6285666612,123CITY,Telangana,2025-09-03
3166,Rahul,Mehta,rahul.mehta3166@gmail.com,9047955451,Mangalore,Karnataka,2026-01-31
3315,Anil,Sharma,anil.sharma3315@gmail.com,9370592829,Madurai,Tamil Nadu,2025-09-03
347,Arjun,Naidu,arjun.naidu347@gmail.com,7004794659,Pune,Maharashtra,2025-07-16
577,Naveen,Verma,naveen.verma577@gmail.com,9472046335,Hyderabad,Telangana,2025-08-23
1030,Ramesh,Naidu,ramesh.naidu1030@gmail.com,6712041668,Coimbatore,Tamil Nadu,2026-05-02
2115,Manoj,Naidu,manoj.naidu2115@gmail.com,9020967586,Coimbatore,Tamil Nadu,2026-06-12
1293,"Mahesh,Vrk,Kalyan",Kumar,"mahesh,vrk,kalyan.kumar1293@gmail.com",6334869584,Nashik,Maharashtra,2026-03-05
1290,"Mahesh,Vrk,Kalyan",Singh,"mahesh,vrk,kalyan.singh1290@gmail.com",6623403327,Madurai,Tamil Nadu,2025-10-17
2677,Naveen,Yadav,naveen.yadav2677@gmail.com,8975902026,Karimnagar,Telangana,2026-01-11
1617,Manoj,Joshi,manoj.joshi1617@gmail.com,9171126953,Mangalore,Karnataka,2026-05-31
2192,Varun,Singh,varun.singh2192@gmail.com,7221530505,Visakhapatnam,Andhra Pradesh,2025-11-21
3979,,Sharma,user3979@gmail.com,7295383699,Warangal,Telangana,2025-10-03
607,Sai,Gupta,sai.gupta607@gmail.com,6505837985,Mangalore,Karnataka,2025-11-07
1827,Sai,Patel,sai.patel1827@gmail.com,7616438479,Madurai,Tamil Nadu,2026-03-05
3842,Vikram,Rao,,,Nizamabad,Telangana,2025-12-19
3255,Praveen,Verma,praveen.verma3255@gmail.com,6937436677,Warangal,Telangana,2026-01-24
3688,Vikram,Joshi,user3688@gmail.com,,,Maharashtra,2025-08-29
2826,Rahul,Gupta,rahul.gupta2826@gmail.com,8357666551,Guntur,Andhra Pradesh,2025-08-07
319,Harsha,Sharma,harsha.sharma319@gmail.com,8501968782,Tirupati,Andhra Pradesh,2026-06-11
2002,Arjun,Verma,arjun.verma2002@gmail.com,8027567967,Hubli,Karnataka,2026-01-13
354,Praveen,Yadav,praveen.yadav354@gmail.com,8674502450,Bangalore,Karnataka,2026-05-09
1663,Suresh,Sharma,suresh.sharma1663@gmail.com,7566600198,Hyderabad,Telangana,2025-12-29
48,Arjun,Rao,arjun.rao48@gmail.com,8564853235,Tirupati,Andhra Pradesh,2025-07-24
2723,Karthik,Joshi,karthik.joshi2723@gmail.com,6364387142,Bangalore,Karnataka,2025-11-09
2447,Karthik,Gupta,karthik.gupta2447@gmail.com,8098341835,Karimnagar,Telangana,2026-05-13
1432,9999,Patel,user616@gmail.com,8749655488,Hyderabad,Telangana,2026-05-03
1629,Manoj,Mehta,manoj.mehta1629@gmail.com,9149537644,Nagpur,Maharashtra,2026-03-11
2470,Ravi,Singh,ravi.singh2470@gmail.com,6995050962,Nagpur,Maharashtra,2025-09-14
940,"Mahesh,Vrk,Kalyan",Reddy,"mahesh,vrk,kalyan.reddy940@gmail.com",8418329012,Hyderabad,Telangana,2025-09-29
1232,Sai,Mehta,sai.mehta1232@gmail.com,9763011972,Tirupati,Andhra Pradesh,2025-12-24
1661,Ramesh,Gupta,ramesh.gupta1661@gmail.com,9711259261,Visakhapatnam,Andhra Pradesh,2026-03-23
476,Rahul,Gupta,rahul.gupta476@gmail.com,9622842179,Nashik,Maharashtra,2026-04-11
1579,Vikram,Verma,vikram.verma1579@gmail.com,9219036103,Visakhapatnam,Andhra Pradesh,2026-03-25
2054,Ramesh,Joshi,ramesh.joshi2054@gmail.com,9133635439,Nizamabad,Telangana,2026-03-12
343,Vikram,Gupta,vikram.gupta343@gmail.com,9613528784,Bangalore,Karnataka,2025-07-15
3298,Ravi,Sharma,ravi.sharma3298@gmail.com,6556589983,Pune,Maharashtra,2025-09-05
2524,Ajay,Sharma,ajay.sharma2524@gmail.com,7118827783,Vijayawada,Andhra Pradesh,2025-08-17
3075,Sai,Mehta,sai.mehta3075@gmail.com,6230280440,Visakhapatnam,Andhra Pradesh,2026-01-26
2342,Varun,Patel,varun.patel2342@gmail.com,6391554637,Tirupati,Andhra Pradesh,2025-09-01
2071,Arjun,Verma,arjun.verma2071@gmail.com,7023713130,Nizamabad,Telangana,2026-05-31
2132,Ravi,Mehta,ravi.mehta2132@gmail.com,6733410059,Hubli,Karnataka,2026-03-21
204,Sai,Rao,sai.rao204@gmail.com,8888391809,Madurai,Tamil Nadu,2025-11-16
2684,Karthik,Sharma,karthik.sharma2684@gmail.com,9041446196,Hyderabad,Telangana,2026-02-01
410,Vikram,Kumar,vikram.kumar410@gmail.com,6863200537,Coimbatore,Tamil Nadu,2026-03-12
2276,Sai,Joshi,sai.joshi2276@gmail.com,9762349567,Visakhapatnam,Andhra Pradesh,2025-12-22
3565,Ramesh,Gupta,ramesh.gupta3565@gmail.com,7219815390,Hyderabad,Telangana,2026-04-13
1529,Harsha,Reddy,harsha.reddy1529@gmail.com,6805750124,Nashik,Maharashtra,2026-06-12
2523,Vikram,Rao,vikram.rao2523@gmail.com,8965978264,Mumbai,Maharashtra,2025-07-15
1255,Naveen,Yadav,naveen.yadav1255@gmail.com,7541765876,Coimbatore,Tamil Nadu,2025-12-04
2324,Praveen,Patel,praveen.patel2324@gmail.com,9664015094,Visakhapatnam,Andhra Pradesh,2026-01-28
3366,Ajay,Patel,ajay.patel3366@gmail.com,6609752536,Hubli,Karnataka,2025-09-05
3195,Praveen,Singh,praveen.singh3195@gmail.com,9324032836,Salem,Tamil Nadu,2025-12-02
3457,Vikram,Patel,vikram.patel3457@gmail.com,9003271209,Mangalore,Karnataka,2026-05-21
1185,Harsha,Verma,harsha.verma1185@gmail.com,8036141389,Chennai,Tamil Nadu,2025-08-20
1369,Arjun,Singh,arjun.singh1369@gmail.com,9263090782,Tirupati,Andhra Pradesh,2026-06-09
1518,Harsha,Rao,harsha.rao1518@gmail.com,9643417198,Chennai,Tamil Nadu,2025-09-17
1163,Arjun,Gupta,arjun.gupta1163@gmail.com,7342696620,Bangalore,Karnataka,2025-12-21
2925,Manoj,Mehta,manoj.mehta2925@gmail.com,7670935627,Hubli,Karnataka,2026-01-19
2264,Vikram,Joshi,vikram.joshi2264@gmail.com,9051900211,Mysore,Karnataka,2026-05-05
3916,,Reddy,user3916@gmail.com,7454593388,Guntur,,2025-08-27
984,Manoj,Naidu,manoj.naidu984@gmail.com,9254303222,Warangal,Telangana,2026-04-10
1015,Naveen,Joshi,naveen.joshi1015@gmail.com,6434684633,Pune,Maharashtra,2026-05-22
3462,Harsha,Reddy,user6678@gmail.com,6772456708,@@@@,Tamil Nadu,2025-12-04
696,"Mahesh,Vrk,Kalyan",Verma,"mahesh,vrk,kalyan.verma696@gmail.com",8697245846,Karimnagar,Telangana,2025-10-10
875,Harsha,Singh,harsha.singh875@gmail.com,7473607731,Salem,Tamil Nadu,2025-07-19
150,Suresh,Reddy,suresh.reddy150@gmail.com,9268650015,Nashik,Maharashtra,2025-08-14
5399,Praveen,Kumar,@test,8797890815,Guntur,123,2026-05-29
855,Vikram,Joshi,vikram.joshi855@gmail.com,6253908374,Salem,Tamil Nadu,2025-07-08
2657,Ravi,Kumar,ravi.kumar2657@gmail.com,8104625495,Vijayawada,Andhra Pradesh,2025-08-10
215,Harsha,Mehta,harsha.mehta215@gmail.com,6394810911,Mysore,Karnataka,2025-11-27
1009,Karthik,Rao,user3855@gmail.com,9213394958,Coimbatore,Tamil Nadu,NOT_A_DATE
1313,Naveen,Joshi,naveen.joshi1313@gmail.com,7596298727,Visakhapatnam,Andhra Pradesh,2026-02-20
507,Harsha,Mehta,harsha.mehta507@gmail.com,8058472190,Warangal,Telangana,2026-03-24
748,Karthik,Rao,karthik.rao748@gmail.com,9491699707,Madurai,Tamil Nadu,2025-07-25
440,Ravi,Yadav,ravi.yadav440@gmail.com,7456437325,Karimnagar,Telangana,2026-03-30
2509,Harsha,Reddy,harsha.reddy2509@gmail.com,8571706453,Coimbatore,Tamil Nadu,2026-06-01
1001,Harsha,Kumar,abc@,8693992710,Salem,Tamil Nadu,2026-02-25
3590,Ramesh,Gupta,ramesh.gupta3590@gmail.com,9572108615,Karimnagar,Telangana,2026-05-04
1109,Ajay,Reddy,ajay.reddy1109@gmail.com,9045260826,Mumbai,Maharashtra,2025-12-21
1823,Suresh,Naidu,suresh.naidu1823@gmail.com,6040099309,Warangal,Telangana,2025-07-27
3202,Harsha,Joshi,harsha.joshi3202@gmail.com,7627434001,Hubli,Karnataka,2026-03-07
998,Vikram,Kumar,vikram.kumar998@gmail.com,7884454300,Pune,Maharashtra,2025-10-04
2612,Ramesh,Joshi,ramesh.joshi2612@gmail.com,7235527468,Bangalore,Karnataka,2025-08-19
3083,Anil,Kumar,user6316@gmail.com,PHONE,@@@@,Maharashtra,2026-05-19
570,Anil,Mehta,anil.mehta570@gmail.com,9321604198,Coimbatore,Tamil Nadu,2026-05-28
3761,"Mahesh,Vrk,Kalyan",,user3761@gmail.com,9119599975,Mumbai,Maharashtra,2026-06-19
1126,Arjun,Reddy,arjun.reddy1126@gmail.com,9259825951,Nagpur,Maharashtra,2026-01-02
2144,Sai,Sharma,sai.sharma2144@gmail.com,6999354114,Chennai,Tamil Nadu,2025-12-01
5237,Rahul,Mehta,user5114@gmail.com,9396204978,Nagpur,Maharashtra,32-13-2025
3899,Manoj,Reddy,user3899@gmail.com,8756516986,,Tamil Nadu,2025-07-05
2290,Suresh,Mehta,suresh.mehta2290@gmail.com,8139867988,Mumbai,Maharashtra,2025-07-18
3830,Rahul,Reddy,,9822298450,Coimbatore,Tamil Nadu,2025-07-08
1835,"Mahesh,Vrk,Kalyan",Gupta,"mahesh,vrk,kalyan.gupta1835@gmail.com",6091410924,Hyderabad,Telangana,2025-11-09
2379,Suresh,Yadav,suresh.yadav2379@gmail.com,9658373492,Vijayawada,Andhra Pradesh,2025-11-20
2366,Vikram,Rao,vikram.rao2366@gmail.com,7647215007,Guntur,Andhra Pradesh,2025-12-04
841,Manoj,Yadav,manoj.yadav841@gmail.com,9535584337,Pune,Maharashtra,2025-09-24
2855,Ajay,Reddy,ajay.reddy2855@gmail.com,8615506692,Madurai,Tamil Nadu,2026-05-05
2787,Rahul,Yadav,rahul.yadav2787@gmail.com,9873610786,Nagpur,Maharashtra,2025-09-04
583,Varun,Singh,varun.singh583@gmail.com,6723496174,Hubli,Karnataka,2025-10-12
3599,Naveen,Sharma,naveen.sharma3599@gmail.com,8472809343,Coimbatore,Tamil Nadu,2026-01-04
652,Anil,Mehta,anil.mehta652@gmail.com,6666686748,Visakhapatnam,Andhra Pradesh,2026-03-02
2758,Kiran,Naidu,kiran.naidu2758@gmail.com,8087694819,Chennai,Tamil Nadu,2026-04-22
2024,Ravi,Singh,ravi.singh2024@gmail.com,9091824810,Coimbatore,Tamil Nadu,2026-05-31
2291,Manoj,Sharma,manoj.sharma2291@gmail.com,6233800573,Nashik,Maharashtra,2025-08-03
2773,@@@@,Verma,user1804@gmail.com,6144320252,123CITY,Telangana,2025-08-10
872,Karthik,Yadav,karthik.yadav872@gmail.com,6046125688,Guntur,Andhra Pradesh,2025-12-09
1475,Sai,Mehta,sai.mehta1475@gmail.com,8828817931,Nashik,Maharashtra,2025-12-13
2176,Praveen,Sharma,praveen.sharma2176@gmail.com,9558919422,Nizamabad,Telangana,2025-10-27
1923,Ravi,Patel,ravi.patel1923@gmail.com,6733083972,Nashik,Maharashtra,2026-05-31
3434,Vikram,Rao,vikram.rao3434@gmail.com,7788497811,Karimnagar,Telangana,2025-12-27
CUST###,Naveen,Yadav,user3486@gmail.com,123,Coimbatore,Tamil Nadu,2025-08-13
1435,Naveen,Kumar,naveen.kumar1435@gmail.com,9657375009,Nizamabad,Telangana,2025-07-20
2184,Harsha,Patel,harsha.patel2184@gmail.com,8121130498,Visakhapatnam,Andhra Pradesh,2026-02-19
4051,Ramesh,Singh,user6984@gmail.com,999,Mangalore,Karnataka,2099-99-99
3981,Anil,Mehta,user3981@gmail.com,,Chennai,,2026-04-11
1972,Sai,Kumar,sai.kumar1972@gmail.com,8287736358,Tirupati,Andhra Pradesh,2025-12-29
2159,Vikram,Naidu,vikram.naidu2159@gmail.com,6844088402,Mumbai,Maharashtra,2026-02-11
1009,Manoj,Joshi,manoj.joshi1009@gmail.com,8204193006,Nizamabad,Telangana,2025-11-03
272,Naveen,Rao,naveen.rao272@gmail.com,9399077449,Mangalore,Karnataka,2025-12-21
613,Arjun,Yadav,arjun.yadav613@gmail.com,6395383053,Bangalore,Karnataka,2026-04-09
1408,Sai,Joshi,sai.joshi1408@gmail.com,6434272824,Mumbai,Maharashtra,2025-12-30
1103,Manoj,Kumar,manoj.kumar1103@gmail.com,9169018121,Pune,Maharashtra,2025-09-18
3573,Naveen,Singh,naveen.singh3573@gmail.com,8733864843,Mumbai,Maharashtra,2025-11-03
2699,Rahul,Mehta,rahul.mehta2699@gmail.com,6865740262,Mangalore,Karnataka,2026-05-11
1523,Praveen,Rao,praveen.rao1523@gmail.com,6899432167,Tirupati,Andhra Pradesh,2025-10-04
1462,Manoj,Kumar,manoj.kumar1462@gmail.com,8569036525,Nashik,Maharashtra,2025-06-27
356,Praveen,Sharma,praveen.sharma356@gmail.com,9129346994,Nagpur,Maharashtra,2025-11-20
2602,Harsha,Kumar,harsha.kumar2602@gmail.com,9125096336,Salem,Tamil Nadu,2025-10-19
980,Suresh,Naidu,suresh.naidu980@gmail.com,8320518040,Madurai,Tamil Nadu,2025-08-19
2265,Sai,Kumar,sai.kumar2265@gmail.com,6053505260,Hyderabad,Telangana,2025-07-20
4105,Arjun,Singh,user2566@gmail.com,6833733417,9999,Tamil Nadu,2025-07-01
539,Karthik,Patel,karthik.patel539@gmail.com,6207276176,Warangal,Telangana,2026-04-24
3967,Harsha,,user3967@gmail.com,6814888573,Chennai,Tamil Nadu,2026-06-16
179,Kiran,Joshi,kiran.joshi179@gmail.com,6138303660,Bangalore,Karnataka,2026-03-23
2709,Ramesh,Yadav,ramesh.yadav2709@gmail.com,6533322442,Hubli,Karnataka,2026-06-17
657,Sai,Sharma,sai.sharma657@gmail.com,7018918394,Mangalore,Karnataka,2025-09-09
1193,Harsha,Joshi,harsha.joshi1193@gmail.com,9454378248,Coimbatore,Tamil Nadu,2025-06-26
1431,Varun,Sharma,varun.sharma1431@gmail.com,6891462474,Hubli,Karnataka,2026-03-22
2000,Manoj,Joshi,manoj.joshi2000@gmail.com,9931762529,Tirupati,Andhra Pradesh,2026-05-22
2457,Praveen,Gupta,praveen.gupta2457@gmail.com,6523899783,Nagpur,Maharashtra,2025-12-19
1831,Ramesh,NULL,user5559@gmail.com,8998104365,Karimnagar,Telangana,2026-03-18
1096,Anil,Kumar,anil.kumar1096@gmail.com,8578013815,Chennai,Tamil Nadu,2026-05-26
3953,"Mahesh,Vrk,Kalyan",,user3953@gmail.com,9795511405,Chennai,,2026-05-03
4058,Ravi,Mehta,user4058@gmail.com,6263352000,Chennai,,
3701,Kiran,Gupta,user3701@gmail.com,7632294833,Tirupati,,2025-06-30
544,Ramesh,Gupta,ramesh.gupta544@gmail.com,9316208727,Warangal,Telangana,2025-12-27
3417,Naveen,Rao,naveen.rao3417@gmail.com,6817914636,Mysore,Karnataka,2026-01-27
448,Ravi,Rao,ravi.rao448@gmail.com,8179830897,Visakhapatnam,Andhra Pradesh,2025-06-27
290,Kiran,Verma,kiran.verma290@gmail.com,6706462474,Nizamabad,Telangana,2026-01-01
1195,Ajay,Reddy,ajay.reddy1195@gmail.com,8953158413,Madurai,Tamil Nadu,2025-09-25
306,Rahul,Naidu,rahul.naidu306@gmail.com,8403364221,Warangal,Telangana,2026-01-21
3121,Harsha,Patel,harsha.patel3121@gmail.com,7110316777,Nagpur,Maharashtra,2026-04-03
1186,Anil,Yadav,anil.yadav1186@gmail.com,8375513664,Madurai,Tamil Nadu,2026-02-18
2806,Vikram,Sharma,vikram.sharma2806@gmail.com,8258043864,Guntur,Andhra Pradesh,2026-05-14
2056,Arjun,123,user1444@gmail.com,9557077779,Nashik,Maharashtra,2025-10-28
2680,Arjun,Rao,arjun.rao2680@gmail.com,8945246469,Warangal,Telangana,2026-04-09
1020,Vikram,Mehta,vikram.mehta1020@gmail.com,9461134537,Pune,Maharashtra,2026-05-12
4514,"Mahesh,Vrk,Kalyan",Gupta,user4996@gmail.com,PHONE,Hubli,Karnataka,2026-02-22
349,"Mahesh,Vrk,Kalyan",Patel,"mahesh,vrk,kalyan.patel349@gmail.com",7052297605,Mumbai,Maharashtra,2026-01-02
3144,Varun,Rao,varun.rao3144@gmail.com,6185326845,Madurai,Tamil Nadu,2025-11-28
1421,Karthik,Mehta,karthik.mehta1421@gmail.com,6957170527,Vijayawada,Andhra Pradesh,2025-10-16
2923,Vikram,Singh,vikram.singh2923@gmail.com,9908439049,Mysore,Karnataka,2025-06-29
3866,Vikram,,user3866@gmail.com,,Mangalore,Karnataka,2026-03-27
3079,Rahul,Verma,rahul.verma3079@gmail.com,7224218454,Chennai,Tamil Nadu,2026-03-22
2187,"Mahesh,Vrk,Kalyan",Gupta,"mahesh,vrk,kalyan.gupta2187@gmail.com",9063853772,Guntur,Andhra Pradesh,2026-03-04
3788,Ajay,Naidu,user3788@gmail.com,7798016597,Mangalore,,2026-02-10
585,Ravi,Sharma,ravi.sharma585@gmail.com,7254097797,Pune,Maharashtra,2025-07-18
243,Kiran,Reddy,kiran.reddy243@gmail.com,8641443296,Nashik,Maharashtra,2026-03-06
2135,Ramesh,Patel,ramesh.patel2135@gmail.com,8594433842,Mangalore,Karnataka,2025-08-10
718,Harsha,Naidu,harsha.naidu718@gmail.com,9974460156,Hubli,Karnataka,2026-01-06
763,Anil,123,user150@gmail.com,6819305343,Chennai,Tamil Nadu,NOT_A_DATE
2768,Anil,Reddy,anil.reddy2768@gmail.com,7778901585,Warangal,Telangana,2026-01-28
2509,Ravi,Naidu,user312@gmail.com,PHONE,Mysore,Karnataka,2026-02-23
1095,Manoj,Rao,manoj.rao1095@gmail.com,8525685911,Nagpur,Maharashtra,2025-09-17
1723,Manoj,Naidu,manoj.naidu1723@gmail.com,6451933099,Tirupati,Andhra Pradesh,2026-06-06
3299,Suresh,Kumar,suresh.kumar3299@gmail.com,7159483185,Bangalore,Karnataka,2025-07-11
1207,Sai,Joshi,sai.joshi1207@gmail.com,7112053293,Hubli,Karnataka,2025-07-21
3812,"Mahesh,Vrk,Kalyan",Reddy,,,Pune,Maharashtra,2026-06-02
2952,Ravi,Joshi,ravi.joshi2952@gmail.com,9251547110,Guntur,Andhra Pradesh,2026-01-14
704,Naveen,Sharma,naveen.sharma704@gmail.com,6583548040,Mysore,Karnataka,2026-01-17
2135,Ramesh,Patel,ramesh.patel2135@gmail.com,8594433842,Mangalore,Karnataka,2025-08-10
2906,Vikram,Singh,vikram.singh2906@gmail.com,6403410594,Visakhapatnam,Andhra Pradesh,2026-06-14
2496,Kiran,Patel,kiran.patel2496@gmail.com,9318731864,Hyderabad,Telangana,2026-02-04
785,Harsha,Yadav,harsha.yadav785@gmail.com,6876170323,Karimnagar,Telangana,2025-08-31
1011,Rahul,Naidu,rahul.naidu1011@gmail.com,9991409382,Warangal,Telangana,2026-05-13
2113,Harsha,Gupta,harsha.gupta2113@gmail.com,8222161470,Karimnagar,Telangana,2025-10-15
899,Anil,Naidu,anil.naidu899@gmail.com,8160620514,Nashik,Maharashtra,2025-10-09
3933,Manoj,Rao,,7601766428,Coimbatore,,2025-12-23
1957,9999,Reddy,user5750@gmail.com,123,Pune,Maharashtra,2025-09-24
130,Ramesh,Mehta,ramesh.mehta130@gmail.com,9740217888,Hubli,Karnataka,2026-01-18
39,Anil,Mehta,anil.mehta39@gmail.com,8935103952,Mysore,Karnataka,2026-05-15
914,Ajay,Patel,ajay.patel914@gmail.com,8891454948,Chennai,Tamil Nadu,2026-01-22
102,Manoj,Reddy,manoj.reddy102@gmail.com,7348346772,Chennai,Tamil Nadu,2025-10-21
781,Ravi,Gupta,ravi.gupta781@gmail.com,7645295619,Chennai,Tamil Nadu,2025-06-28
3611,Sai,Naidu,sai.naidu3611@gmail.com,9035159597,Bangalore,Karnataka,2026-03-11
1616,Karthik,Reddy,karthik.reddy1616@gmail.com,7431724351,Pune,Maharashtra,2025-08-01
3308,Anil,Singh,anil.singh3308@gmail.com,6495706994,Hyderabad,Telangana,2025-09-01
1748,Ajay,Mehta,ajay.mehta1748@gmail.com,6031525149,Madurai,Tamil Nadu,2026-04-20
1437,Ajay,Mehta,ajay.mehta1437@gmail.com,6613346352,Madurai,Tamil Nadu,2025-09-23
3007,Karthik,Yadav,karthik.yadav3007@gmail.com,6252657567,Salem,Tamil Nadu,2026-05-13
561,Rahul,Sharma,rahul.sharma561@gmail.com,9387844086,Mangalore,Karnataka,2026-02-27
766,Kiran,Gupta,kiran.gupta766@gmail.com,8610283267,Vijayawada,Andhra Pradesh,2025-07-18
169,Sai,Verma,sai.verma169@gmail.com,7143675181,Hubli,Karnataka,2025-07-04
1706,Manoj,Sharma,manoj.sharma1706@gmail.com,7316880522,Karimnagar,Telangana,2026-06-12
5913,Ajay,NULL,user3273@gmail.com,6203702946,Visakhapatnam,Andhra Pradesh,2026-05-14
1280,Rahul,Patel,rahul.patel1280@gmail.com,9232977258,Guntur,Andhra Pradesh,2026-02-13
365,Vikram,Rao,vikram.rao365@gmail.com,8025477063,Nagpur,Maharashtra,2025-07-08
844,Harsha,Gupta,harsha.gupta844@gmail.com,7802212077,Mangalore,Karnataka,2025-10-31
2041,Manoj,Yadav,manoj.yadav2041@gmail.com,7989356710,Hubli,Karnataka,2025-08-15
3099,"Mahesh,Vrk,Kalyan",Sharma,"mahesh,vrk,kalyan.sharma3099@gmail.com",8916255545,Hubli,Karnataka,2026-03-20
394,Varun,Yadav,varun.yadav394@gmail.com,7160502520,Karimnagar,Telangana,2025-09-05
1244,Karthik,Yadav,karthik.yadav1244@gmail.com,8858490111,Warangal,Telangana,2025-10-04
1400,Karthik,Joshi,karthik.joshi1400@gmail.com,6375750499,Chennai,Tamil Nadu,2026-03-24
2770,Suresh,Yadav,suresh.yadav2770@gmail.com,9020698896,Madurai,Tamil Nadu,2026-04-06
2310,Praveen,Yadav,praveen.yadav2310@gmail.com,9783246288,Nizamabad,Telangana,2026-03-08
4102,Kiran,Sharma,user4102@gmail.com,,Coimbatore,Tamil Nadu,2026-03-10
105,Ramesh,Reddy,ramesh.reddy105@gmail.com,9012518824,Pune,Maharashtra,2025-11-06
216,Vikram,Sharma,vikram.sharma216@gmail.com,8707127744,Nagpur,Maharashtra,2026-05-27
2865,Rahul,Yadav,rahul.yadav2865@gmail.com,6130680957,Nashik,Maharashtra,2026-04-13
1052,Ajay,Mehta,ajay.mehta1052@gmail.com,8730897387,Karimnagar,Telangana,2025-10-09
1355,Praveen,Yadav,praveen.yadav1355@gmail.com,8387162492,Vijayawada,Andhra Pradesh,2026-05-19
1198,Ravi,Gupta,ravi.gupta1198@gmail.com,7641513290,Tirupati,Andhra Pradesh,2025-10-06
420,Naveen,Mehta,naveen.mehta420@gmail.com,6218342609,Guntur,Andhra Pradesh,2025-08-16
2045,Rahul,Patel,rahul.patel2045@gmail.com,6755244978,Madurai,Tamil Nadu,2025-10-09
526,Manoj,Naidu,manoj.naidu526@gmail.com,7870756261,Salem,Tamil Nadu,2026-01-13
2872,Ajay,Joshi,ajay.joshi2872@gmail.com,8151968490,Warangal,Telangana,2026-06-23
393,9999,Mehta,@test,9744742689,Vijayawada,Andhra Pradesh,2026-06-02
2110,Varun,Joshi,varun.joshi2110@gmail.com,6188722321,Hubli,Karnataka,2026-04-06
2887,Sai,Rao,sai.rao2887@gmail.com,6519735052,Warangal,Telangana,2025-10-22
197,Sai,Reddy,sai.reddy197@gmail.com,7161374554,Madurai,Tamil Nadu,2025-09-30
2015,Ravi,Joshi,ravi.joshi2015@gmail.com,7309452683,Hyderabad,Telangana,2025-12-14
677,Vikram,Verma,user3146@gmail.com,6639243624,Hubli,Karnataka,2099-99-99
2082,Harsha,Verma,harsha.verma2082@gmail.com,7187702899,Hubli,Karnataka,2026-04-19
986,Sai,Patel,sai.patel986@gmail.com,9083481816,Mysore,Karnataka,2026-06-16
496,Rahul,Joshi,rahul.joshi496@gmail.com,8185698512,Guntur,Andhra Pradesh,2025-08-29
2420,Kiran,Kumar,kiran.kumar2420@gmail.com,7925556684,Nizamabad,Telangana,2026-01-18
2743,Ramesh,Rao,ramesh.rao2743@gmail.com,6768805383,Mysore,Karnataka,2025-09-15
3844,Arjun,,user3844@gmail.com,8676993963,Vijayawada,Andhra Pradesh,2025-12-19
1648,@@@@,123,user5140@gmail.com,9114316890,Salem,Tamil Nadu,2026-05-31
4053,Kiran,Yadav,user4053@gmail.com,,Mangalore,Karnataka,
3187,Naveen,Patel,naveen.patel3187@gmail.com,6287575320,Mysore,Karnataka,2025-10-06
1875,Suresh,Naidu,suresh.naidu1875@gmail.com,8349693078,Mangalore,Karnataka,2025-07-20
3455,Praveen,Naidu,praveen.naidu3455@gmail.com,6789258077,Hyderabad,Telangana,2026-02-15
2430,Praveen,Reddy,praveen.reddy2430@gmail.com,6390740423,Nizamabad,Telangana,2026-03-27
1048,Sai,Rao,sai.rao1048@gmail.com,9904059178,Nashik,Maharashtra,2026-05-10
1464,Rahul,Patel,rahul.patel1464@gmail.com,7771750258,Mysore,Karnataka,2025-07-20
5215,@@@@,Patel,user8242@gmail.com,6539884505,Karimnagar,Telangana,2026-03-17
970,Arjun,Mehta,arjun.mehta970@gmail.com,7943953999,Warangal,Telangana,2025-07-07
1683,Harsha,Mehta,harsha.mehta1683@gmail.com,8413758604,Tirupati,Andhra Pradesh,2026-03-27
3567,Vikram,Gupta,vikram.gupta3567@gmail.com,9522687442,Madurai,Tamil Nadu,2025-06-26
2660,Harsha,Patel,harsha.patel2660@gmail.com,9017744714,Mysore,Karnataka,2025-11-30
2179,Suresh,Singh,suresh.singh2179@gmail.com,6274611629,Madurai,Tamil Nadu,2026-03-04
3858,Praveen,Sharma,user3858@gmail.com,,Warangal,Telangana,2025-12-21
1074,Manoj,Verma,manoj.verma1074@gmail.com,8629293542,Guntur,Andhra Pradesh,2026-06-23
2067,Ajay,Reddy,ajay.reddy2067@gmail.com,7466814240,Visakhapatnam,Andhra Pradesh,2026-03-10
953,Karthik,Singh,karthik.singh953@gmail.com,9193177965,Visakhapatnam,Andhra Pradesh,2025-10-22
2708,Naveen,Yadav,naveen.yadav2708@gmail.com,7407690684,Karimnagar,Telangana,2025-09-08
2004,Naveen,Verma,naveen.verma2004@gmail.com,7198795534,Visakhapatnam,Andhra Pradesh,2026-03-25
606,Karthik,Singh,karthik.singh606@gmail.com,6103659676,Warangal,Telangana,2025-10-09
2759,Vikram,Rao,vikram.rao2759@gmail.com,7224749600,Karimnagar,Telangana,2026-02-14
3340,Praveen,Rao,praveen.rao3340@gmail.com,8781410895,Nashik,Maharashtra,2026-02-11
2681,Kiran,Naidu,kiran.naidu2681@gmail.com,8098972352,Nashik,Maharashtra,2026-04-06
2704,Manoj,Naidu,manoj.naidu2704@gmail.com,7196039869,Guntur,Andhra Pradesh,2025-07-29
1010,Rahul,Yadav,rahul.yadav1010@gmail.com,7914269776,Hubli,Karnataka,2025-08-08
763,Ramesh,Kumar,ramesh.kumar763@gmail.com,7317672656,Nashik,Maharashtra,2025-10-02
1397,Arjun,Singh,arjun.singh1397@gmail.com,8722372207,Nashik,Maharashtra,2025-07-28
679,Ajay,Yadav,ajay.yadav679@gmail.com,6754805329,Nizamabad,Telangana,2025-08-03
3438,Praveen,Singh,praveen.singh3438@gmail.com,9984670672,Hubli,Karnataka,2026-01-28
1610,Manoj,Gupta,manoj.gupta1610@gmail.com,7904999293,Salem,Tamil Nadu,2026-05-04
772,Rahul,Verma,rahul.verma772@gmail.com,6776603121,Mysore,Karnataka,2026-05-25
2325,Arjun,Kumar,arjun.kumar2325@gmail.com,7279865473,Vijayawada,Andhra Pradesh,2026-04-11
23,Anil,Yadav,anil.yadav23@gmail.com,8642327589,Vijayawada,Andhra Pradesh,2025-11-18
254,Harsha,Reddy,harsha.reddy254@gmail.com,7422669418,Hubli,Karnataka,2026-04-02
3680,"Mahesh,Vrk,Kalyan",Kumar,user3680@gmail.com,,,Tamil Nadu,2026-04-30
280,Ramesh,Patel,ramesh.patel280@gmail.com,9771925282,Mysore,Karnataka,2026-02-12
3408,Naveen,Sharma,naveen.sharma3408@gmail.com,7681622756,Mumbai,Maharashtra,2025-10-13
1300,Harsha,Gupta,harsha.gupta1300@gmail.com,9365385506,Nizamabad,Telangana,2025-12-24
2331,Anil,Reddy,anil.reddy2331@gmail.com,6793272011,Warangal,Telangana,2025-11-20
1294,"Mahesh,Vrk,Kalyan",Rao,"mahesh,vrk,kalyan.rao1294@gmail.com",9609553435,Vijayawada,Andhra Pradesh,2026-02-01
1324,Ravi,Singh,ravi.singh1324@gmail.com,8154202387,Madurai,Tamil Nadu,2026-05-06
667,Naveen,Reddy,naveen.reddy667@gmail.com,7090986189,Vijayawada,Andhra Pradesh,2025-07-14
3876,Naveen,Patel,user3876@gmail.com,,Warangal,Telangana,2025-12-25
818,Sai,Verma,sai.verma818@gmail.com,7178727351,Karimnagar,Telangana,2026-04-20
554,Karthik,Sharma,karthik.sharma554@gmail.com,9813480039,Hubli,Karnataka,2026-01-04
2410,Manoj,Mehta,manoj.mehta2410@gmail.com,9749600731,Madurai,Tamil Nadu,2026-06-06
1955,Rahul,Yadav,rahul.yadav1955@gmail.com,7898478611,Vijayawada,Andhra Pradesh,2026-05-13
2980,Rahul,Kumar,rahul.kumar2980@gmail.com,6939777010,Salem,Tamil Nadu,2026-01-27
1822,Karthik,Gupta,karthik.gupta1822@gmail.com,9346199227,Chennai,Tamil Nadu,2026-01-02
2200,Kiran,Gupta,kiran.gupta2200@gmail.com,9355901944,Karimnagar,Telangana,2026-03-04
2978,Rahul,Yadav,user6508@gmail.com,7755249095,9999,Tamil Nadu,2025-10-25
3854,Rahul,Joshi,,7925148634,Mysore,Karnataka,
2423,"Mahesh,Vrk,Kalyan",Mehta,"mahesh,vrk,kalyan.mehta2423@gmail.com",6936131609,Guntur,Andhra Pradesh,2025-09-17
52,Sai,Reddy,sai.reddy52@gmail.com,6744083758,Bangalore,Karnataka,2025-12-29
1651,Harsha,Reddy,harsha.reddy1651@gmail.com,8739018866,Guntur,Andhra Pradesh,2025-12-07
2299,Karthik,Reddy,karthik.reddy2299@gmail.com,6308922139,Nizamabad,Telangana,2026-04-29
1632,Ramesh,Joshi,ramesh.joshi1632@gmail.com,6354498593,Coimbatore,Tamil Nadu,2026-06-03
413,Varun,Verma,varun.verma413@gmail.com,8840721335,Guntur,Andhra Pradesh,2026-06-20
1813,Karthik,Verma,karthik.verma1813@gmail.com,6136227504,Mangalore,Karnataka,2025-09-11
810,Karthik,Reddy,karthik.reddy810@gmail.com,7672375083,Madurai,Tamil Nadu,2026-03-11
4099,Harsha,Mehta,user4099@gmail.com,,Karimnagar,Telangana,2025-11-19
1308,Anil,Rao,anil.rao1308@gmail.com,9516582177,Bangalore,Karnataka,2026-01-15
1309,Vikram,Singh,vikram.singh1309@gmail.com,8652821970,Chennai,Tamil Nadu,2026-04-19
479,Praveen,Singh,praveen.singh479@gmail.com,6224707869,Bangalore,Karnataka,2025-07-24
692,Ramesh,Joshi,user8527@gmail.com,999,Madurai,Tamil Nadu,2099-99-99
328,Harsha,Gupta,harsha.gupta328@gmail.com,6107625960,Karimnagar,Telangana,2026-01-21
2223,Naveen,Sharma,naveen.sharma2223@gmail.com,9631722232,Chennai,Tamil Nadu,2025-09-02
2463,Karthik,Kumar,karthik.kumar2463@gmail.com,8786025571,Nizamabad,Telangana,2026-04-19
3138,Naveen,Naidu,naveen.naidu3138@gmail.com,6145342418,Coimbatore,Tamil Nadu,2026-01-26
2916,Rahul,Sharma,rahul.sharma2916@gmail.com,8801536551,Visakhapatnam,Andhra Pradesh,2026-04-05
617,Rahul,Verma,rahul.verma617@gmail.com,7821605575,Tirupati,Andhra Pradesh,2025-09-25
1635,Vikram,Singh,vikram.singh1635@gmail.com,6171906006,Visakhapatnam,Andhra Pradesh,2025-12-29
3588,Rahul,Verma,rahul.verma3588@gmail.com,6678826133,Tirupati,Andhra Pradesh,2025-11-05
2304,Arjun,Sharma,arjun.sharma2304@gmail.com,6181070806,Mysore,Karnataka,2026-04-25
4706,Varun,Rao,user1261@gmail.com,6313886404,Guntur,Andhra Pradesh,NOT_A_DATE
2661,Naveen,Naidu,naveen.naidu2661@gmail.com,6775388272,Hyderabad,Telangana,2026-04-02
2928,"Mahesh,Vrk,Kalyan",Verma,"mahesh,vrk,kalyan.verma2928@gmail.com",6774672632,Nizamabad,Telangana,2025-07-28
949,Anil,Patel,anil.patel949@gmail.com,8583558829,Bangalore,Karnataka,2026-05-20
2296,Ramesh,Naidu,ramesh.naidu2296@gmail.com,6862340993,Guntur,Andhra Pradesh,2025-10-04
1141,Praveen,Patel,praveen.patel1141@gmail.com,8087809560,Warangal,Telangana,2026-05-14
3782,"Mahesh,Vrk,Kalyan",,user3782@gmail.com,,Pune,Maharashtra,2025-09-02
318,Ravi,Naidu,ravi.naidu318@gmail.com,9118459965,Pune,Maharashtra,2025-11-12
1191,Varun,Verma,varun.verma1191@gmail.com,6333335768,Mumbai,Maharashtra,2025-11-23
3554,Rahul,Rao,rahul.rao3554@gmail.com,7019022577,Bangalore,Karnataka,2025-07-05
3349,Naveen,Yadav,naveen.yadav3349@gmail.com,7279006889,Bangalore,Karnataka,2026-03-23
3306,Anil,Naidu,anil.naidu3306@gmail.com,9478692912,Coimbatore,Tamil Nadu,2025-10-12
3253,Anil,Sharma,anil.sharma3253@gmail.com,7635954912,Guntur,Andhra Pradesh,2025-12-25
3808,,Naidu,user3808@gmail.com,7986181016,Bangalore,Karnataka,2026-05-05
3129,Rahul,Singh,rahul.singh3129@gmail.com,8027742020,Nashik,Maharashtra,2025-12-05
1133,Rahul,Mehta,rahul.mehta1133@gmail.com,8619625215,Warangal,Telangana,2025-10-02
2058,Harsha,Verma,harsha.verma2058@gmail.com,9438663515,Mangalore,Karnataka,2025-09-18
3940,Ramesh,Verma,user3940@gmail.com,,Bangalore,,2025-06-27
2028,Anil,Rao,anil.rao2028@gmail.com,6024576704,Tirupati,Andhra Pradesh,2026-02-16
334,Manoj,Joshi,manoj.joshi334@gmail.com,6806147166,Nizamabad,Telangana,2025-12-24
2503,Harsha,Kumar,harsha.kumar2503@gmail.com,6522837400,Hubli,Karnataka,2025-07-20
3719,Sai,Patel,,7252475374,Pune,Maharashtra,2026-03-21
902,Ravi,Yadav,ravi.yadav902@gmail.com,7849544117,Karimnagar,Telangana,2026-03-22
3996,Sai,Gupta,user3996@gmail.com,,Mangalore,Karnataka,2025-10-24
859,Kiran,Singh,kiran.singh859@gmail.com,7511852350,Visakhapatnam,Andhra Pradesh,2025-07-21
1963,Suresh,Kumar,suresh.kumar1963@gmail.com,7066707116,Karimnagar,Telangana,2026-02-11
4012,Harsha,Gupta,user4012@gmail.com,,Nagpur,,2025-09-18
1182,Anil,Yadav,anil.yadav1182@gmail.com,8790906087,Chennai,Tamil Nadu,2026-01-29
3085,Naveen,Gupta,naveen.gupta3085@gmail.com,9719807073,Madurai,Tamil Nadu,2026-04-05
1139,Naveen,Kumar,naveen.kumar1139@gmail.com,9328851389,Tirupati,Andhra Pradesh,2025-11-04
1677,Kiran,Naidu,kiran.naidu1677@gmail.com,9656302719,Madurai,Tamil Nadu,2026-03-21
1890,"Mahesh,Vrk,Kalyan",Sharma,"mahesh,vrk,kalyan.sharma1890@gmail.com",7672942183,Chennai,Tamil Nadu,2026-01-16
1050,Karthik,Patel,karthik.patel1050@gmail.com,6978119897,Guntur,Andhra Pradesh,2026-05-27
2448,Vikram,Naidu,vikram.naidu2448@gmail.com,8631822711,Hubli,Karnataka,2026-03-18
4105,Anil,,user4105@gmail.com,7365400834,Nagpur,Maharashtra,2025-09-01
3545,Praveen,Sharma,praveen.sharma3545@gmail.com,8383242474,Nashik,Maharashtra,2025-10-04
3005,Praveen,Yadav,praveen.yadav3005@gmail.com,8327986197,Pune,Maharashtra,2026-03-07
812,Sai,Joshi,sai.joshi812@gmail.com,9675717716,Visakhapatnam,Andhra Pradesh,2025-12-25
269,Harsha,Mehta,harsha.mehta269@gmail.com,9165576438,Mumbai,Maharashtra,2025-10-20
CUST###,"Mahesh,Vrk,Kalyan",Rao,user4760@gmail.com,9931330269,Mangalore,###,2026-03-26
3406,Kiran,Sharma,kiran.sharma3406@gmail.com,7653135497,Chennai,Tamil Nadu,2025-12-31
2687,Manoj,Joshi,manoj.joshi2687@gmail.com,8616964296,Warangal,Telangana,2025-08-14
1717,Kiran,Rao,kiran.rao1717@gmail.com,9519641033,Nizamabad,Telangana,2026-01-16
1208,"Mahesh,Vrk,Kalyan",Reddy,user6833@gmail.com,123,Mumbai,Maharashtra,2026-06-16
58,Suresh,Sharma,suresh.sharma58@gmail.com,9040315584,Pune,Maharashtra,2025-11-21
248,Arjun,Yadav,arjun.yadav248@gmail.com,7206336872,Salem,Tamil Nadu,2025-10-10
91,Naveen,Rao,naveen.rao91@gmail.com,6552315482,Tirupati,Andhra Pradesh,2026-06-09
1515,Sai,Singh,sai.singh1515@gmail.com,8066149287,Tirupati,Andhra Pradesh,2025-06-25
866,Harsha,Rao,harsha.rao866@gmail.com,7339948607,Hubli,Karnataka,2026-04-27
623,Ajay,Naidu,ajay.naidu623@gmail.com,7566521347,Madurai,Tamil Nadu,2026-05-07
309,Naveen,Singh,naveen.singh309@gmail.com,9371989252,Guntur,Andhra Pradesh,2025-06-24
945,Ramesh,Kumar,ramesh.kumar945@gmail.com,6505002945,Nashik,Maharashtra,2026-01-03
4143,Kiran,,user4143@gmail.com,7722429331,Karimnagar,Telangana,2026-04-23
3576,Ramesh,Reddy,ramesh.reddy3576@gmail.com,8312991742,Hubli,Karnataka,2026-04-29
2167,Arjun,Sharma,arjun.sharma2167@gmail.com,6018928188,Visakhapatnam,Andhra Pradesh,2026-05-23
4035,Kiran,Gupta,user4035@gmail.com,9977206742,,,2025-08-16
2971,Rahul,Rao,rahul.rao2971@gmail.com,7390721187,Salem,Tamil Nadu,2025-09-09
1476,Harsha,Reddy,harsha.reddy1476@gmail.com,7505129240,Pune,Maharashtra,2026-01-26
1777,Anil,Kumar,anil.kumar1777@gmail.com,9924325327,Coimbatore,Tamil Nadu,2025-12-21
316,Ravi,Kumar,ravi.kumar316@gmail.com,7533073444,Hubli,Karnataka,2026-01-07
3666,"Mahesh,Vrk,Kalyan",,user3666@gmail.com,7395028373,Mumbai,Maharashtra,2025-08-05
2285,Vikram,Mehta,vikram.mehta2285@gmail.com,7932835029,Karimnagar,Telangana,2025-09-23
2445,Sai,Singh,sai.singh2445@gmail.com,6290089210,Salem,Tamil Nadu,2026-03-18
641,Harsha,Mehta,harsha.mehta641@gmail.com,6083657036,Hyderabad,Telangana,2025-12-03
3941,Praveen,,,7187445092,Mangalore,Karnataka,2025-12-27
5398,@@@@,###,user1976@gmail.com,8295788412,Bangalore,Karnataka,2026-04-26
173,Naveen,Sharma,naveen.sharma173@gmail.com,9018689593,Mumbai,Maharashtra,2026-02-10
3367,Manoj,Sharma,abc@,9359867455,@@@@,Tamil Nadu,2026-03-03
5221,Arjun,Joshi,@test,9268399646,Nizamabad,###,2025-07-29
829,Vikram,Kumar,vikram.kumar829@gmail.com,9372442366,Mumbai,Maharashtra,2026-03-26
1927,Ajay,Kumar,ajay.kumar1927@gmail.com,9209991188,Salem,Tamil Nadu,2025-12-14
777,Ajay,Joshi,ajay.joshi777@gmail.com,8443573607,Mangalore,Karnataka,2025-10-11
3859,,Joshi,user3859@gmail.com,7248883699,Mumbai,,2025-08-26
3895,Vikram,Mehta,,9111663434,Tirupati,Andhra Pradesh,2026-06-12
3376,Harsha,Mehta,harsha.mehta3376@gmail.com,9726418742,Salem,Tamil Nadu,2026-02-14
971,Manoj,Patel,manoj.patel971@gmail.com,9136479381,Coimbatore,Tamil Nadu,2025-12-31
3033,Karthik,Joshi,karthik.joshi3033@gmail.com,9442725124,Coimbatore,Tamil Nadu,2025-09-30
4004,,Mehta,user4004@gmail.com,6513897003,,Karnataka,2025-08-02
65,Naveen,Mehta,naveen.mehta65@gmail.com,9511326601,Hyderabad,Telangana,2025-10-04
1563,Naveen,Rao,naveen.rao1563@gmail.com,8757802394,Mangalore,Karnataka,2025-09-18
2983,Manoj,Reddy,manoj.reddy2983@gmail.com,6065255700,Nashik,Maharashtra,2025-12-17
1837,Ajay,Naidu,ajay.naidu1837@gmail.com,8846668305,Salem,Tamil Nadu,2025-08-30
3771,Naveen,,user3771@gmail.com,8321828512,,Telangana,2026-01-20
1557,Rahul,Yadav,rahul.yadav1557@gmail.com,9483617316,Mangalore,Karnataka,2026-01-29
3380,Vikram,Rao,vikram.rao3380@gmail.com,9359608080,Mysore,Karnataka,2026-05-27
2185,Kiran,Yadav,kiran.yadav2185@gmail.com,7831136067,Nizamabad,Telangana,2025-10-06
1235,Sai,Patel,sai.patel1235@gmail.com,6305955339,Chennai,Tamil Nadu,2026-02-20
1985,Kiran,Naidu,kiran.naidu1985@gmail.com,6445035588,Madurai,Tamil Nadu,2026-02-14
4904,Naveen,Verma,user7792@gmail.com,8833550035,9999,Maharashtra,2026-03-08
3559,Vikram,Patel,vikram.patel3559@gmail.com,6057631438,Visakhapatnam,Andhra Pradesh,2026-06-10
1674,Rahul,Reddy,rahul.reddy1674@gmail.com,6698447316,Bangalore,Karnataka,2025-11-27
2773,"Mahesh,Vrk,Kalyan",Joshi,"mahesh,vrk,kalyan.joshi2773@gmail.com",8777820439,Visakhapatnam,Andhra Pradesh,2025-09-02
2478,Harsha,Gupta,harsha.gupta2478@gmail.com,8127926735,Vijayawada,Andhra Pradesh,2025-08-01
4118,"Mahesh,Vrk,Kalyan",,,6477188643,Mysore,Karnataka,2025-08-10
2563,Praveen,Patel,praveen.patel2563@gmail.com,8128640398,Karimnagar,Telangana,2025-08-16
CUST###,12345,Reddy,user5369@gmail.com,6993562220,Madurai,Tamil Nadu,2026-06-07
592,Anil,Reddy,anil.reddy592@gmail.com,8209554182,Nizamabad,Telangana,2026-06-19
3739,Arjun,Sharma,,9850588513,Bangalore,Karnataka,2026-04-28
438,Kiran,Mehta,kiran.mehta438@gmail.com,8216606667,Mysore,Karnataka,2025-07-04
352,Sai,Gupta,user2173@gmail.com,123,Madurai,Tamil Nadu,2025-10-13
727,Ravi,Singh,ravi.singh727@gmail.com,6561926456,Hyderabad,Telangana,2025-09-23
2218,Naveen,Patel,naveen.patel2218@gmail.com,7988203772,Vijayawada,Andhra Pradesh,2025-12-17
897,Manoj,Reddy,manoj.reddy897@gmail.com,7618837014,Pune,Maharashtra,2026-05-24
9,Anil,Verma,anil.verma9@gmail.com,8063223501,Tirupati,Andhra Pradesh,2026-05-04
2436,Sai,Sharma,sai.sharma2436@gmail.com,6606127592,Nizamabad,Telangana,2025-10-09
2387,"Mahesh,Vrk,Kalyan",Patel,"mahesh,vrk,kalyan.patel2387@gmail.com",9881245095,Warangal,Telangana,2025-07-09
2087,Suresh,Singh,suresh.singh2087@gmail.com,7956680601,Hubli,Karnataka,2026-01-18
2237,Manoj,Joshi,manoj.joshi2237@gmail.com,7099168162,Mumbai,Maharashtra,2025-08-01
ABC123,Rahul,Reddy,user1334@gmail.com,123,Mangalore,Karnataka,2025-12-07
1019,Vikram,Patel,vikram.patel1019@gmail.com,9774940876,Mysore,Karnataka,2025-07-10
1292,Harsha,Yadav,harsha.yadav1292@gmail.com,9883230704,Madurai,Tamil Nadu,2025-08-17
308,Sai,Rao,sai.rao308@gmail.com,7768028752,Salem,Tamil Nadu,2026-01-02
1092,Vikram,Sharma,vikram.sharma1092@gmail.com,7812610390,Warangal,Telangana,2025-11-13
1466,Praveen,Patel,praveen.patel1466@gmail.com,9868246844,Hyderabad,Telangana,2026-03-09
3281,Karthik,Patel,karthik.patel3281@gmail.com,8010441962,Chennai,Tamil Nadu,2026-04-25
3598,Harsha,Rao,harsha.rao3598@gmail.com,9411153809,Mysore,Karnataka,2026-02-04
702,Naveen,Kumar,naveen.kumar702@gmail.com,8414680592,Chennai,Tamil Nadu,2026-05-10
673,Varun,Gupta,varun.gupta673@gmail.com,9462233475,Nizamabad,Telangana,2025-11-01
3562,Praveen,Mehta,praveen.mehta3562@gmail.com,9738995202,Visakhapatnam,Andhra Pradesh,2025-10-23
3805,Varun,,user3805@gmail.com,7432747872,Nashik,Maharashtra,2026-01-16
2970,Kiran,Yadav,kiran.yadav2970@gmail.com,9703105144,Bangalore,Karnataka,2025-10-12
2819,Vikram,Patel,vikram.patel2819@gmail.com,7181809679,Nizamabad,Telangana,2026-05-29
3789,Arjun,,user3789@gmail.com,6588921712,Coimbatore,Tamil Nadu,
1351,"Mahesh,Vrk,Kalyan",Kumar,"mahesh,vrk,kalyan.kumar1351@gmail.com",7616392648,Chennai,Tamil Nadu,2026-03-18
3257,Naveen,Gupta,naveen.gupta3257@gmail.com,8718417336,Mumbai,Maharashtra,2025-07-25
97,Karthik,Rao,karthik.rao97@gmail.com,7844915378,Tirupati,Andhra Pradesh,2026-06-01
1930,Manoj,Mehta,manoj.mehta1930@gmail.com,7933334104,Mangalore,Karnataka,2026-02-23
3908,Sai,Verma,,7339615053,Karimnagar,Telangana,2025-12-12
1485,Varun,Mehta,varun.mehta1485@gmail.com,7949862896,Nizamabad,Telangana,2025-08-26
514,Praveen,Rao,praveen.rao514@gmail.com,6813610808,Nashik,Maharashtra,2026-02-13
1470,Harsha,Joshi,harsha.joshi1470@gmail.com,9980609878,Mumbai,Maharashtra,2025-11-19
2271,Kiran,Naidu,kiran.naidu2271@gmail.com,9059610391,Karimnagar,Telangana,2026-01-30
3201,Harsha,Kumar,harsha.kumar3201@gmail.com,7496790894,Warangal,Telangana,2026-01-25
3925,,Mehta,user3925@gmail.com,,Nizamabad,Telangana,2025-09-04
2839,Arjun,Sharma,arjun.sharma2839@gmail.com,6482026891,Tirupati,Andhra Pradesh,2025-08-25
4037,Vikram,Singh,,,Vijayawada,Andhra Pradesh,2025-09-20
1903,9999,Yadav,user6163@gmail.com,6938506434,Karimnagar,###,2025-10-08
472,Manoj,Patel,manoj.patel472@gmail.com,8659780294,Coimbatore,Tamil Nadu,2025-10-23
357,Rahul,Patel,rahul.patel357@gmail.com,6693077648,Visakhapatnam,Andhra Pradesh,2025-12-23
2066,Sai,Joshi,sai.joshi2066@gmail.com,6284158898,Hyderabad,Telangana,2026-04-30
1922,Arjun,Patel,arjun.patel1922@gmail.com,8801742826,Vijayawada,Andhra Pradesh,2026-05-04
713,Ramesh,Gupta,ramesh.gupta713@gmail.com,6584082785,Hyderabad,Telangana,2025-12-19
3020,Ramesh,Joshi,ramesh.joshi3020@gmail.com,9645327412,Warangal,Telangana,2026-06-09
3439,Ramesh,Patel,ramesh.patel3439@gmail.com,7786174002,Bangalore,Karnataka,2025-08-28
283,Naveen,Mehta,naveen.mehta283@gmail.com,9847436521,Karimnagar,Telangana,2026-05-29
18,Arjun,Reddy,arjun.reddy18@gmail.com,8575951992,Hubli,Karnataka,2025-08-13
1769,Praveen,Kumar,praveen.kumar1769@gmail.com,9024105473,Hyderabad,Telangana,2025-08-16
3432,Anil,Sharma,anil.sharma3432@gmail.com,9849778393,Pune,Maharashtra,2025-08-29
3345,Karthik,Mehta,karthik.mehta3345@gmail.com,6515666371,Chennai,Tamil Nadu,2026-03-18
1725,Karthik,Mehta,karthik.mehta1725@gmail.com,9338193231,Chennai,Tamil Nadu,2025-10-08
3034,Naveen,Reddy,naveen.reddy3034@gmail.com,9552216691,Vijayawada,Andhra Pradesh,2026-05-10
1425,Praveen,Naidu,praveen.naidu1425@gmail.com,7544678246,Mumbai,Maharashtra,2026-04-22
2816,Suresh,Verma,suresh.verma2816@gmail.com,6418784056,Karimnagar,Telangana,2025-07-29
3672,"Mahesh,Vrk,Kalyan",Reddy,,9366006911,Vijayawada,Andhra Pradesh,2025-10-29
3330,Harsha,Gupta,harsha.gupta3330@gmail.com,9932160880,Visakhapatnam,Andhra Pradesh,2025-10-23
3811,Varun,###,user8917@gmail.com,9500796142,Mysore,Karnataka,2025-09-06
1132,"Mahesh,Vrk,Kalyan",Kumar,"mahesh,vrk,kalyan.kumar1132@gmail.com",6534751956,Guntur,Andhra Pradesh,2025-10-12
1808,Arjun,Kumar,arjun.kumar1808@gmail.com,6352331392,Karimnagar,Telangana,2025-10-11
3801,Suresh,,user3801@gmail.com,9436165852,,Maharashtra,2026-05-25
1540,Sai,Mehta,sai.mehta1540@gmail.com,7745868846,Madurai,Tamil Nadu,2026-03-31
3012,Ravi,Rao,ravi.rao3012@gmail.com,9219630356,Salem,Tamil Nadu,2026-01-20
3898,,Kumar,user3898@gmail.com,9397529456,Madurai,Tamil Nadu,
3604,Varun,Yadav,varun.yadav3604@gmail.com,9472197517,Warangal,Telangana,2025-07-17
3468,Rahul,Yadav,rahul.yadav3468@gmail.com,9588955580,Nizamabad,Telangana,2026-04-28
3862,,Singh,user3862@gmail.com,,Bangalore,Karnataka,2025-12-10
2252,"Mahesh,Vrk,Kalyan",Kumar,"mahesh,vrk,kalyan.kumar2252@gmail.com",9092415835,Guntur,Andhra Pradesh,2025-08-06
1498,Suresh,Verma,suresh.verma1498@gmail.com,6482889324,Coimbatore,Tamil Nadu,2025-11-18
115,12345,Kumar,user3086@gmail.com,9469939813,123CITY,Andhra Pradesh,2025-09-11
2594,Suresh,Verma,suresh.verma2594@gmail.com,9121713219,Pune,Maharashtra,2025-09-01
1404,Manoj,Gupta,manoj.gupta1404@gmail.com,7854143607,Nizamabad,Telangana,2026-03-31
759,Harsha,Mehta,harsha.mehta759@gmail.com,7917392385,Chennai,Tamil Nadu,2026-05-30
451,Ramesh,Reddy,ramesh.reddy451@gmail.com,8824052197,Tirupati,Andhra Pradesh,2025-08-22
1386,Vikram,Patel,vikram.patel1386@gmail.com,9100023595,Mysore,Karnataka,2025-07-31
3684,Ravi,,user3684@gmail.com,9945444811,,Andhra Pradesh,2026-04-20
816,Suresh,Reddy,suresh.reddy816@gmail.com,6185774866,Tirupati,Andhra Pradesh,2025-08-05
1239,"Mahesh,Vrk,Kalyan",Sharma,"mahesh,vrk,kalyan.sharma1239@gmail.com",6690942167,Guntur,Andhra Pradesh,2026-03-03
1568,Rahul,Singh,rahul.singh1568@gmail.com,6826128865,Chennai,Tamil Nadu,2025-10-16
3348,Praveen,Reddy,praveen.reddy3348@gmail.com,7671692797,Tirupati,Andhra Pradesh,2026-03-28
2030,Suresh,Gupta,user9519@gmail.com,8224071877,123CITY,Maharashtra,2026-04-05
967,"Mahesh,Vrk,Kalyan",Singh,"mahesh,vrk,kalyan.singh967@gmail.com",8860632790,Madurai,Tamil Nadu,2026-05-29
CUST###,Ramesh,Sharma,user7510@gmail.com,7452574326,Visakhapatnam,Andhra Pradesh,32-13-2025
1640,"Mahesh,Vrk,Kalyan",Naidu,"mahesh,vrk,kalyan.naidu1640@gmail.com",7990552868,Salem,Tamil Nadu,2026-01-04
1471,Kiran,Sharma,kiran.sharma1471@gmail.com,6964993038,Mumbai,Maharashtra,2025-09-01
714,Arjun,Patel,arjun.patel714@gmail.com,7976210050,Nashik,Maharashtra,2026-01-15
3236,Anil,Reddy,anil.reddy3236@gmail.com,6384352114,Warangal,Telangana,2026-06-23
5147,@@@@,Patel,user223@gmail.com,123,Bangalore,Karnataka,2025-09-13
3125,Suresh,Gupta,suresh.gupta3125@gmail.com,8940660629,Warangal,Telangana,2026-03-15
2233,Kiran,Sharma,kiran.sharma2233@gmail.com,6561571804,Chennai,Tamil Nadu,2025-09-23
3156,Ravi,Yadav,ravi.yadav3156@gmail.com,7978184183,Chennai,Tamil Nadu,2025-09-21
3259,Naveen,Verma,naveen.verma3259@gmail.com,7888128467,Nagpur,Maharashtra,2026-05-14
1451,Varun,Rao,varun.rao1451@gmail.com,6395549784,Chennai,Tamil Nadu,2025-12-05
4097,Ajay,Reddy,,7561472945,Salem,Tamil Nadu,
2753,Ramesh,Sharma,ramesh.sharma2753@gmail.com,7162056046,Coimbatore,Tamil Nadu,2026-05-13
871,Manoj,Reddy,manoj.reddy871@gmail.com,6163920973,Salem,Tamil Nadu,2026-05-26
1586,Varun,Kumar,varun.kumar1586@gmail.com,7925073851,Vijayawada,Andhra Pradesh,2025-07-09
1203,Suresh,Verma,suresh.verma1203@gmail.com,7413483993,Bangalore,Karnataka,2026-04-06
932,Anil,Patel,anil.patel932@gmail.com,6239091990,Karimnagar,Telangana,2026-01-02
845,Karthik,Rao,karthik.rao845@gmail.com,7092969926,Pune,Maharashtra,2025-09-25
2508,Kiran,Singh,kiran.singh2508@gmail.com,8128361817,Visakhapatnam,Andhra Pradesh,2025-10-18
2122,Karthik,Verma,karthik.verma2122@gmail.com,7373725297,Nashik,Maharashtra,2026-06-23
1270,Praveen,Reddy,praveen.reddy1270@gmail.com,7574750842,Bangalore,Karnataka,2026-02-22
3934,"Mahesh,Vrk,Kalyan",Patel,user3934@gmail.com,,Bangalore,Karnataka,2026-03-17
3152,Kiran,Joshi,kiran.joshi3152@gmail.com,9407915307,Vijayawada,Andhra Pradesh,2026-05-22
3535,Karthik,Verma,karthik.verma3535@gmail.com,8576139441,Vijayawada,Andhra Pradesh,2026-03-07
61,Sai,Yadav,sai.yadav61@gmail.com,7755288143,Karimnagar,Telangana,2025-10-17
2802,Ramesh,Gupta,ramesh.gupta2802@gmail.com,8754411842,Salem,Tamil Nadu,2026-04-28
1176,Harsha,Yadav,harsha.yadav1176@gmail.com,7886375913,Vijayawada,Andhra Pradesh,2025-08-18
4262,Suresh,Kumar,user1668@gmail.com,123,Nizamabad,Telangana,2026-04-28
4051,Praveen,Sharma,user4051@gmail.com,6496543099,Visakhapatnam,Andhra Pradesh,
1230,Rahul,Sharma,rahul.sharma1230@gmail.com,8116184981,Coimbatore,Tamil Nadu,2026-01-13
1065,Karthik,Patel,karthik.patel1065@gmail.com,8637949188,Madurai,Tamil Nadu,2026-02-08
2675,Varun,Mehta,varun.mehta2675@gmail.com,6445516700,Nagpur,Maharashtra,2025-10-25
1490,Kiran,Naidu,kiran.naidu1490@gmail.com,8540457552,Salem,Tamil Nadu,2026-05-10
904,Sai,Gupta,sai.gupta904@gmail.com,6617652040,Bangalore,Karnataka,2025-12-31
2411,Naveen,Sharma,naveen.sharma2411@gmail.com,6007151142,Guntur,Andhra Pradesh,2026-02-23
531,Rahul,Joshi,gmail.com,PHONE,Chennai,Tamil Nadu,2026-02-26
2476,"Mahesh,Vrk,Kalyan",Naidu,"mahesh,vrk,kalyan.naidu2476@gmail.com",6135809292,Karimnagar,Telangana,2026-01-18
2090,Rahul,Naidu,rahul.naidu2090@gmail.com,7401772564,Mangalore,Karnataka,2025-07-30
1795,Karthik,Kumar,karthik.kumar1795@gmail.com,8479960303,Hubli,Karnataka,2025-10-28
3291,Manoj,Patel,manoj.patel3291@gmail.com,9833698502,Visakhapatnam,Andhra Pradesh,2026-02-06
884,Harsha,Kumar,harsha.kumar884@gmail.com,8613934672,Mysore,Karnataka,2025-11-23
2638,Ramesh,Mehta,ramesh.mehta2638@gmail.com,7253903052,Visakhapatnam,Andhra Pradesh,2025-07-16
4129,,Yadav,user4129@gmail.com,,Mangalore,Karnataka,2025-11-06
3205,Sai,Reddy,sai.reddy3205@gmail.com,7683858091,Nizamabad,Telangana,2026-01-14
1551,Harsha,Gupta,harsha.gupta1551@gmail.com,6024303261,Mangalore,Karnataka,2025-09-27
1281,Ajay,Reddy,gmail.com,9591872551,Hubli,Karnataka,2025-11-10
1423,Kiran,Mehta,kiran.mehta1423@gmail.com,6894986437,Nagpur,Maharashtra,2025-09-21
516,Varun,Gupta,varun.gupta516@gmail.com,7162397700,Hubli,Karnataka,2025-08-08
733,Anil,Mehta,anil.mehta733@gmail.com,6809673983,Nagpur,Maharashtra,2026-03-17
3754,,Rao,user3754@gmail.com,6008866040,,Karnataka,2025-07-23
322,Ramesh,Mehta,ramesh.mehta322@gmail.com,9370600848,Salem,Tamil Nadu,2026-05-23
2779,Kiran,Patel,kiran.patel2779@gmail.com,7873157770,Nagpur,Maharashtra,2026-03-14
3673,Sai,,user3673@gmail.com,7077328655,Warangal,Telangana,2026-06-17
892,Kiran,Verma,kiran.verma892@gmail.com,8717891281,Pune,Maharashtra,2026-04-26
4048,Karthik,Naidu,user4048@gmail.com,,Mysore,Karnataka,2026-01-14
4155,Ravi,Joshi,user4155@gmail.com,,Karimnagar,,2025-07-08
2992,Varun,Kumar,varun.kumar2992@gmail.com,7672348835,Madurai,Tamil Nadu,2025-08-02
1251,Praveen,Kumar,praveen.kumar1251@gmail.com,6305949358,Karimnagar,Telangana,2025-09-13
2674,Rahul,Reddy,rahul.reddy2674@gmail.com,8573121985,Salem,Tamil Nadu,2026-05-19
2801,Ramesh,Patel,ramesh.patel2801@gmail.com,9512900240,Nashik,Maharashtra,2025-07-05
3313,Rahul,Naidu,rahul.naidu3313@gmail.com,6899373612,Vijayawada,Andhra Pradesh,2026-01-21
1168,Naveen,Kumar,naveen.kumar1168@gmail.com,9212377066,Bangalore,Karnataka,2025-11-24
3703,Praveen,Gupta,,9827562374,Coimbatore,Tamil Nadu,2025-09-29
104,Manoj,Rao,manoj.rao104@gmail.com,6996551662,Coimbatore,Tamil Nadu,2025-09-25
1944,"Mahesh,Vrk,Kalyan",Reddy,"mahesh,vrk,kalyan.reddy1944@gmail.com",8185400137,Mangalore,Karnataka,2025-09-25
2931,Vikram,Singh,vikram.singh2931@gmail.com,6488631823,Tirupati,Andhra Pradesh,2025-11-11
422,Ravi,Verma,ravi.verma422@gmail.com,6099025658,Salem,Tamil Nadu,2025-11-21
2799,Anil,Mehta,anil.mehta2799@gmail.com,8082919443,Warangal,Telangana,2025-07-05
2847,Rahul,Reddy,rahul.reddy2847@gmail.com,6590837441,Mysore,Karnataka,2025-10-31
2391,Praveen,Reddy,praveen.reddy2391@gmail.com,6761315749,Nagpur,Maharashtra,2026-04-10
2643,Anil,Sharma,anil.sharma2643@gmail.com,9548440174,Pune,Maharashtra,2026-05-23
2917,Rahul,Patel,rahul.patel2917@gmail.com,6293748411,Mumbai,Maharashtra,2025-09-27
2530,Manoj,Gupta,manoj.gupta2530@gmail.com,8008018665,Visakhapatnam,Andhra Pradesh,2026-01-02
636,Karthik,NULL,user8162@gmail.com,999,Mumbai,Maharashtra,2025-10-18
2016,Kiran,Sharma,kiran.sharma2016@gmail.com,8599076689,Chennai,Tamil Nadu,2026-03-16
402,"Mahesh,Vrk,Kalyan",Kumar,"mahesh,vrk,kalyan.kumar402@gmail.com",7995373642,Nagpur,Maharashtra,2025-07-14
982,Praveen,Joshi,praveen.joshi982@gmail.com,7102683823,Salem,Tamil Nadu,2025-12-18
647,Ramesh,Verma,ramesh.verma647@gmail.com,6898969499,Hubli,Karnataka,2026-02-17
3485,Ramesh,Yadav,ramesh.yadav3485@gmail.com,9413534006,Bangalore,Karnataka,2025-12-14
4779,Ajay,Naidu,user7482@gmail.com,PHONE,Karimnagar,Telangana,32-13-2025
2727,Praveen,Kumar,praveen.kumar2727@gmail.com,9890836727,Nashik,Maharashtra,2025-12-14
2292,Harsha,Rao,harsha.rao2292@gmail.com,8736411831,Pune,Maharashtra,2026-06-15
2459,Karthik,Joshi,karthik.joshi2459@gmail.com,9329366477,Nagpur,Maharashtra,2025-12-25
3373,Suresh,Naidu,suresh.naidu3373@gmail.com,9638079951,Pune,Maharashtra,2026-04-05
3234,Manoj,Mehta,manoj.mehta3234@gmail.com,9957019966,Salem,Tamil Nadu,2025-08-03
1536,Suresh,Naidu,suresh.naidu1536@gmail.com,6543144320,Mangalore,Karnataka,2025-08-19
2370,Karthik,Kumar,karthik.kumar2370@gmail.com,6246201466,Bangalore,Karnataka,2026-04-21
1830,"Mahesh,Vrk,Kalyan",Joshi,"mahesh,vrk,kalyan.joshi1830@gmail.com",8684956274,Guntur,Andhra Pradesh,2026-04-05
2507,Karthik,Rao,karthik.rao2507@gmail.com,8292166345,Bangalore,Karnataka,2026-05-13
1241,Naveen,Rao,naveen.rao1241@gmail.com,7542185727,Bangalore,Karnataka,2025-10-05
492,Praveen,Verma,praveen.verma492@gmail.com,7534817165,Salem,Tamil Nadu,2026-01-16
5752,Suresh,Yadav,user8137@gmail.com,7664413084,Chennai,Tamil Nadu,2099-99-99
2767,Harsha,Reddy,harsha.reddy2767@gmail.com,9402715615,Pune,Maharashtra,2025-06-24
3711,@@@@,Reddy,abc@,9828274779,Karimnagar,Telangana,2026-06-15
639,Ramesh,Reddy,ramesh.reddy639@gmail.com,7043290388,Hubli,Karnataka,2025-12-29
2277,Ramesh,Rao,ramesh.rao2277@gmail.com,6358162103,Salem,Tamil Nadu,2025-06-25
1119,Harsha,Rao,harsha.rao1119@gmail.com,8429428632,Nizamabad,Telangana,2026-06-13
864,"Mahesh,Vrk,Kalyan",Singh,"mahesh,vrk,kalyan.singh864@gmail.com",9947585530,Visakhapatnam,Andhra Pradesh,2026-01-17
3004,Ramesh,Yadav,ramesh.yadav3004@gmail.com,9905833494,Hyderabad,Telangana,2026-04-04
20,Karthik,Verma,karthik.verma20@gmail.com,9347613056,Nizamabad,Telangana,2025-07-24
1502,"Mahesh,Vrk,Kalyan",Rao,"mahesh,vrk,kalyan.rao1502@gmail.com",8185945256,Hyderabad,Telangana,2025-12-03
4032,,,user4032@gmail.com,7309536345,Bangalore,Karnataka,2026-06-04
3907,Harsha,Joshi,user3907@gmail.com,,Hyderabad,,2026-03-07
1576,Rahul,Gupta,rahul.gupta1576@gmail.com,7247979434,Vijayawada,Andhra Pradesh,2026-01-29
2261,Rahul,Naidu,rahul.naidu2261@gmail.com,8838698461,Warangal,Telangana,2025-08-20
3106,Harsha,Rao,harsha.rao3106@gmail.com,9509988812,Salem,Tamil Nadu,2026-05-04
477,Manoj,Singh,manoj.singh477@gmail.com,6533222041,Nizamabad,Telangana,2025-08-09
928,Karthik,Joshi,karthik.joshi928@gmail.com,9759286116,Hyderabad,Telangana,2026-06-15
2976,Manoj,Gupta,manoj.gupta2976@gmail.com,6971116902,Karimnagar,Telangana,2026-02-10
5242,12345,Joshi,gmail.com,8084556594,Nizamabad,Telangana,2025-08-05
1439,Manoj,Kumar,manoj.kumar1439@gmail.com,8576848715,Pune,Maharashtra,2025-10-26
3251,Sai,Joshi,sai.joshi3251@gmail.com,9093527468,Warangal,Telangana,2026-04-30
3044,Suresh,Yadav,suresh.yadav3044@gmail.com,7790623621,Karimnagar,Telangana,2025-12-25
3016,Rahul,Patel,rahul.patel3016@gmail.com,7049348868,Warangal,Telangana,2025-09-16
2103,Harsha,Verma,harsha.verma2103@gmail.com,7142460354,Nagpur,Maharashtra,2026-04-25
3994,Varun,Mehta,user3994@gmail.com,7016075295,Nagpur,Maharashtra,
3274,Vikram,Singh,vikram.singh3274@gmail.com,8932447568,Mangalore,Karnataka,2025-07-14
3214,Naveen,Patel,naveen.patel3214@gmail.com,7330061486,Salem,Tamil Nadu,2026-04-24
4160,Kiran,Mehta,user4160@gmail.com,9469198697,Madurai,,2026-05-15
2898,Harsha,Patel,harsha.patel2898@gmail.com,6309527761,Hubli,Karnataka,2025-12-04
1277,Ravi,Joshi,ravi.joshi1277@gmail.com,7183862475,Hyderabad,Telangana,2025-10-12
3170,Ramesh,Rao,ramesh.rao3170@gmail.com,8741120849,Mysore,Karnataka,2025-07-08
2811,Harsha,Joshi,harsha.joshi2811@gmail.com,9282526099,Pune,Maharashtra,2025-07-28
1847,Ajay,Gupta,ajay.gupta1847@gmail.com,7392832622,Salem,Tamil Nadu,2026-04-30
2130,Ravi,Singh,ravi.singh2130@gmail.com,7434423703,Karimnagar,Telangana,2025-10-29
1121,Anil,Gupta,anil.gupta1121@gmail.com,9448859776,Mysore,Karnataka,2026-02-02
2023,Karthik,Rao,karthik.rao2023@gmail.com,9181676271,Chennai,Tamil Nadu,2025-09-19
5647,Naveen,123,user1953@gmail.com,7700784490,Salem,###,2025-12-15
123,Sai,Singh,sai.singh123@gmail.com,8409978393,Vijayawada,Andhra Pradesh,2026-01-01
1947,Vikram,Patel,vikram.patel1947@gmail.com,6578873282,Warangal,Telangana,2025-11-02
3758,Anil,Mehta,user3758@gmail.com,,Tirupati,Andhra Pradesh,
2884,Anil,Gupta,anil.gupta2884@gmail.com,9020056517,Guntur,Andhra Pradesh,2025-12-27
3378,Karthik,Patel,karthik.patel3378@gmail.com,8649113224,Nagpur,Maharashtra,2025-10-11
200,Manoj,Gupta,manoj.gupta200@gmail.com,7182122875,Hubli,Karnataka,2026-04-08
2341,Manoj,Rao,manoj.rao2341@gmail.com,7654021461,Nagpur,Maharashtra,2026-04-04
3670,Varun,Joshi,user3670@gmail.com,,,Telangana,2025-08-25
917,Kiran,Yadav,kiran.yadav917@gmail.com,6737376822,Hyderabad,Telangana,2026-03-13
1644,Sai,Singh,sai.singh1644@gmail.com,9275164260,Hubli,Karnataka,2025-07-19
1053,Harsha,Verma,harsha.verma1053@gmail.com,9340265982,Pune,Maharashtra,2025-09-06
377,Sai,Rao,sai.rao377@gmail.com,7680472918,Mumbai,Maharashtra,2025-11-25
2469,"Mahesh,Vrk,Kalyan",Joshi,"mahesh,vrk,kalyan.joshi2469@gmail.com",6405802796,Tirupati,Andhra Pradesh,2025-07-03
2490,Suresh,Verma,suresh.verma2490@gmail.com,8409538748,Salem,Tamil Nadu,2026-01-19
3574,Karthik,Joshi,karthik.joshi3574@gmail.com,9902159825,Guntur,Andhra Pradesh,2026-01-20
2940,Naveen,Mehta,naveen.mehta2940@gmail.com,9619114777,Nagpur,Maharashtra,2026-01-24
74,Harsha,Sharma,harsha.sharma74@gmail.com,7691134524,Mumbai,Maharashtra,2026-04-19
3827,Manoj,123,user4719@gmail.com,8289870257,Mysore,Karnataka,2025-11-18
1479,Vikram,Singh,user3508@gmail.com,6174441955,Visakhapatnam,Andhra Pradesh,2099-99-99
4159,Naveen,Rao,,,Visakhapatnam,Andhra Pradesh,2026-03-07
1416,Rahul,Patel,rahul.patel1416@gmail.com,6325938462,Vijayawada,Andhra Pradesh,2026-01-15
2216,Sai,Yadav,sai.yadav2216@gmail.com,6254262682,Bangalore,Karnataka,2026-04-07
3523,Sai,Rao,sai.rao3523@gmail.com,6942212398,Hyderabad,Telangana,2026-01-24
743,Ravi,Reddy,ravi.reddy743@gmail.com,9088665965,Hyderabad,Telangana,2025-10-10
427,Praveen,Verma,praveen.verma427@gmail.com,9348525888,Visakhapatnam,Andhra Pradesh,2025-12-13
5645,Kiran,Gupta,user8668@gmail.com,8390535349,Hubli,Karnataka,NOT_A_DATE
3471,Arjun,Joshi,arjun.joshi3471@gmail.com,6925446957,Salem,Tamil Nadu,2025-07-04
1009,Manoj,Joshi,manoj.joshi1009@gmail.com,8204193006,Nizamabad,Telangana,2025-11-03
CUST###,Vikram,Naidu,user5177@gmail.com,999,Tirupati,Andhra Pradesh,2025-10-12
1912,Suresh,Reddy,suresh.reddy1912@gmail.com,8073741695,Mangalore,Karnataka,2025-08-23
3525,Ravi,Joshi,ravi.joshi3525@gmail.com,9863051229,Bangalore,Karnataka,2025-11-19
2480,Vikram,Naidu,vikram.naidu2480@gmail.com,7112068660,Hyderabad,Telangana,2025-10-17
1700,Naveen,Reddy,naveen.reddy1700@gmail.com,7633714727,Visakhapatnam,Andhra Pradesh,2025-09-03
853,Ajay,Joshi,ajay.joshi853@gmail.com,8521712286,Nashik,Maharashtra,2026-04-08
1580,Harsha,Joshi,harsha.joshi1580@gmail.com,9586222468,Chennai,Tamil Nadu,2026-04-09
2155,Ajay,Rao,ajay.rao2155@gmail.com,6255376930,Mysore,Karnataka,2026-06-16
1552,Ajay,Verma,ajay.verma1552@gmail.com,7602855565,Visakhapatnam,Andhra Pradesh,2026-04-19
2211,Manoj,Patel,manoj.patel2211@gmail.com,6107683563,Salem,Tamil Nadu,2025-11-04
272,Naveen,Rao,naveen.rao272@gmail.com,9399077449,Mangalore,Karnataka,2025-12-21
1593,"Mahesh,Vrk,Kalyan",Joshi,"mahesh,vrk,kalyan.joshi1593@gmail.com",8476426451,Madurai,Tamil Nadu,2026-04-18
1544,Ramesh,Kumar,ramesh.kumar1544@gmail.com,8015629772,Chennai,Tamil Nadu,2026-05-09
1937,Manoj,Joshi,manoj.joshi1937@gmail.com,7626906039,Vijayawada,Andhra Pradesh,2026-06-17
3920,Suresh,Sharma,user3920@gmail.com,6960023971,Mangalore,Karnataka,
3148,Kiran,Rao,@test,9226038015,Guntur,Andhra Pradesh,2025-09-21
2435,Varun,Kumar,varun.kumar2435@gmail.com,9841471432,Bangalore,Karnataka,2026-01-10
1382,Rahul,Kumar,rahul.kumar1382@gmail.com,7590764506,Salem,Tamil Nadu,2025-08-06
671,Ravi,Singh,ravi.singh671@gmail.com,9679721833,Mysore,Karnataka,2025-07-24
1823,Suresh,Naidu,suresh.naidu1823@gmail.com,6040099309,Warangal,Telangana,2025-07-27
2212,Kiran,Joshi,kiran.joshi2212@gmail.com,6012599633,Visakhapatnam,Andhra Pradesh,2026-01-18
1179,Ravi,Yadav,ravi.yadav1179@gmail.com,9657302287,Pune,Maharashtra,2025-11-26
3047,Rahul,Patel,rahul.patel3047@gmail.com,9024450168,Karimnagar,Telangana,2025-11-04
1233,Ajay,Naidu,ajay.naidu1233@gmail.com,7852370366,Nashik,Maharashtra,2025-09-30
691,Naveen,Mehta,naveen.mehta691@gmail.com,8594342884,Chennai,Tamil Nadu,2026-04-25
1101,Ramesh,Verma,ramesh.verma1101@gmail.com,7623006093,Warangal,Telangana,2026-04-23
284,Vikram,Singh,vikram.singh284@gmail.com,7021973508,Karimnagar,Telangana,2026-01-15
1157,Karthik,Yadav,karthik.yadav1157@gmail.com,9789714603,Visakhapatnam,Andhra Pradesh,2026-05-10
3312,Anil,Kumar,anil.kumar3312@gmail.com,6448614982,Nagpur,Maharashtra,2025-10-27
1620,"Mahesh,Vrk,Kalyan",Rao,"mahesh,vrk,kalyan.rao1620@gmail.com",7585071620,Salem,Tamil Nadu,2025-10-13
595,Suresh,Singh,suresh.singh595@gmail.com,9558312772,Nashik,Maharashtra,2026-02-08
3031,Naveen,Patel,naveen.patel3031@gmail.com,7142897913,Visakhapatnam,Andhra Pradesh,2025-07-13
2104,Suresh,Singh,suresh.singh2104@gmail.com,9717892758,Mangalore,Karnataka,2026-05-25
2055,Karthik,Reddy,karthik.reddy2055@gmail.com,6979750462,Hyderabad,Telangana,2025-11-07
3993,Praveen,Singh,user3993@gmail.com,,Nagpur,Maharashtra,2026-04-12
1107,Harsha,Yadav,harsha.yadav1107@gmail.com,9823645186,Nizamabad,Telangana,2025-07-10
4003,Kiran,Yadav,,7642414926,Nashik,,2025-10-22
2412,Varun,Patel,varun.patel2412@gmail.com,8779066074,Chennai,Tamil Nadu,2025-12-17
3811,Ajay,Singh,user3811@gmail.com,,,Maharashtra,2025-09-19
559,Suresh,Joshi,suresh.joshi559@gmail.com,6025799796,Nagpur,Maharashtra,2026-03-06
1715,Karthik,Naidu,karthik.naidu1715@gmail.com,9595931922,Vijayawada,Andhra Pradesh,2026-04-27
960,Ravi,Joshi,ravi.joshi960@gmail.com,6500971720,Mangalore,Karnataka,2025-08-17
3002,Manoj,Sharma,manoj.sharma3002@gmail.com,8445936816,Hubli,Karnataka,2026-05-31
1669,Suresh,Verma,suresh.verma1669@gmail.com,8659025911,Madurai,Tamil Nadu,2026-01-18
3737,Ramesh,Naidu,user3737@gmail.com,,Tirupati,Andhra Pradesh,
3078,"Mahesh,Vrk,Kalyan",Verma,"mahesh,vrk,kalyan.verma3078@gmail.com",9158868869,Warangal,Telangana,2025-07-30
157,Arjun,Yadav,arjun.yadav157@gmail.com,8999541036,Hyderabad,Telangana,2026-01-12
367,"Mahesh,Vrk,Kalyan",Sharma,"mahesh,vrk,kalyan.sharma367@gmail.com",9981027004,Karimnagar,Telangana,2025-12-25
1614,Varun,Mehta,varun.mehta1614@gmail.com,8304107688,Hubli,Karnataka,2026-05-05
3225,Sai,Kumar,sai.kumar3225@gmail.com,6809245020,Madurai,Tamil Nadu,2025-08-23
2201,Sai,Joshi,sai.joshi2201@gmail.com,7464493872,Madurai,Tamil Nadu,2026-03-24
3654,,,user3654@gmail.com,8459725287,Karimnagar,Telangana,2026-03-24
802,Manoj,Joshi,manoj.joshi802@gmail.com,7006765750,Madurai,Tamil Nadu,2026-05-26
3679,Harsha,Gupta,,6313230688,Mysore,Karnataka,2025-08-23
1867,"Mahesh,Vrk,Kalyan",Kumar,"mahesh,vrk,kalyan.kumar1867@gmail.com",8666206089,Salem,Tamil Nadu,2025-12-25
3039,Ravi,Gupta,ravi.gupta3039@gmail.com,8848523111,Mangalore,Karnataka,2025-09-10
2762,Harsha,Patel,harsha.patel2762@gmail.com,9894279863,Nashik,Maharashtra,2025-11-16
712,Sai,Patel,sai.patel712@gmail.com,8626230506,Salem,Tamil Nadu,2025-07-31
442,Rahul,Gupta,rahul.gupta442@gmail.com,8718968588,Hubli,Karnataka,2025-10-11
4052,Ravi,,user4052@gmail.com,6023492826,Warangal,Telangana,2025-10-02
3966,,Kumar,user3966@gmail.com,8840833349,Coimbatore,Tamil Nadu,2025-09-04
1122,Vikram,Reddy,vikram.reddy1122@gmail.com,9840516198,Tirupati,Andhra Pradesh,2025-09-18
2380,Naveen,Naidu,naveen.naidu2380@gmail.com,9134489920,Vijayawada,Andhra Pradesh,2025-10-25
2664,Harsha,Kumar,harsha.kumar2664@gmail.com,9431180318,Tirupati,Andhra Pradesh,2025-08-28
3997,,Kumar,user3997@gmail.com,6766482675,Chennai,Tamil Nadu,2025-12-02
2701,Ajay,Sharma,ajay.sharma2701@gmail.com,6206678001,Mumbai,Maharashtra,2025-08-31
701,Rahul,Gupta,rahul.gupta701@gmail.com,6496829275,Tirupati,Andhra Pradesh,2026-01-08
1505,Naveen,Mehta,naveen.mehta1505@gmail.com,9618401808,Vijayawada,Andhra Pradesh,2025-11-03
452,Suresh,Patel,suresh.patel452@gmail.com,8797366105,Pune,Maharashtra,2025-08-28
3497,Naveen,Kumar,naveen.kumar3497@gmail.com,7927922735,Mangalore,Karnataka,2026-04-07
2190,Kiran,Yadav,kiran.yadav2190@gmail.com,6687756385,Warangal,Telangana,2026-03-20
1783,Harsha,Mehta,harsha.mehta1783@gmail.com,6851077221,Warangal,Telangana,2026-05-14
3945,,Patel,user3945@gmail.com,8989317444,Warangal,,2026-05-26
3127,Ramesh,Rao,ramesh.rao3127@gmail.com,6052568056,Coimbatore,Tamil Nadu,2025-11-06
929,Ravi,Singh,ravi.singh929@gmail.com,8311465045,Mangalore,Karnataka,2026-04-08
3752,Ajay,Verma,,7918218155,,Andhra Pradesh,2026-01-25
2224,Manoj,Singh,manoj.singh2224@gmail.com,8543412116,Mangalore,Karnataka,2026-05-09
2531,Anil,Verma,anil.verma2531@gmail.com,8849596416,Visakhapatnam,Andhra Pradesh,2026-05-22
2042,Karthik,Mehta,karthik.mehta2042@gmail.com,7305756654,Mumbai,Maharashtra,2026-03-28
634,Varun,Verma,varun.verma634@gmail.com,8222913277,Bangalore,Karnataka,2025-07-03
1904,Anil,Naidu,anil.naidu1904@gmail.com,7269957108,Coimbatore,Tamil Nadu,2025-07-15
1711,"Mahesh,Vrk,Kalyan",Yadav,"mahesh,vrk,kalyan.yadav1711@gmail.com",6515179343,Tirupati,Andhra Pradesh,2025-09-01
2234,Kiran,Sharma,kiran.sharma2234@gmail.com,8329605649,Mangalore,Karnataka,2025-08-24
817,Anil,Yadav,anil.yadav817@gmail.com,9249470146,Warangal,Telangana,2026-02-23
2856,Varun,Reddy,varun.reddy2856@gmail.com,6370930290,Nizamabad,Telangana,2025-07-09
INVALID,Ravi,Singh,gmail.com,8648256232,Hubli,Karnataka,2026-03-28
2406,Kiran,Mehta,kiran.mehta2406@gmail.com,6760196840,Bangalore,Karnataka,2025-09-13
1826,Kiran,Singh,kiran.singh1826@gmail.com,9692712379,Nashik,Maharashtra,2025-08-14
2482,Harsha,Patel,user9876@gmail.com,123,Vijayawada,Andhra Pradesh,NOT_A_DATE
3836,Naveen,,user3836@gmail.com,6355870413,Chennai,,2025-09-04
4845,Ravi,Verma,user2834@gmail.com,9911865075,Salem,Tamil Nadu,NOT_A_DATE
4680,Kiran,NULL,user2834@gmail.com,9247404803,Pune,Maharashtra,2025-06-25
155,Vikram,Gupta,vikram.gupta155@gmail.com,8624917310,Mysore,Karnataka,2025-08-06
2964,@@@@,Yadav,user2766@gmail.com,7378553651,@@@@,Telangana,2026-05-14
141,Ravi,Kumar,ravi.kumar141@gmail.com,8619135453,Salem,Tamil Nadu,2026-05-29
830,Anil,Reddy,anil.reddy830@gmail.com,9301791694,Tirupati,Andhra Pradesh,2025-09-01
558,Rahul,Sharma,rahul.sharma558@gmail.com,7944860064,Hyderabad,Telangana,2026-06-13
409,"Mahesh,Vrk,Kalyan",Singh,"mahesh,vrk,kalyan.singh409@gmail.com",7798308535,Pune,Maharashtra,2025-08-31
17,Manoj,Yadav,manoj.yadav17@gmail.com,6752826544,Karimnagar,Telangana,2026-06-01
3211,Ramesh,Mehta,ramesh.mehta3211@gmail.com,7034014425,Mumbai,Maharashtra,2026-06-10
3035,Rahul,Kumar,rahul.kumar3035@gmail.com,6768467917,Visakhapatnam,Andhra Pradesh,2026-03-14
769,Harsha,Sharma,harsha.sharma769@gmail.com,7449342744,Nizamabad,Telangana,2026-05-23
528,Karthik,Yadav,karthik.yadav528@gmail.com,7715224737,Hubli,Karnataka,2026-01-28
2809,Anil,Naidu,anil.naidu2809@gmail.com,6993864358,Hyderabad,Telangana,2025-11-04
1815,Ravi,Mehta,ravi.mehta1815@gmail.com,8629098984,Chennai,Tamil Nadu,2025-08-30
1183,Varun,Gupta,varun.gupta1183@gmail.com,7162992933,Karimnagar,Telangana,2026-02-28
2360,Anil,Yadav,anil.yadav2360@gmail.com,9265206580,Mangalore,Karnataka,2026-02-12
4105,9999,Rao,user4236@gmail.com,6894117933,Mysore,Karnataka,2026-02-27
450,Anil,Verma,anil.verma450@gmail.com,7299555146,Nagpur,Maharashtra,2026-01-19
ABC123,Kiran,Verma,user5207@gmail.com,7852455310,Guntur,Andhra Pradesh,32-13-2025
807,Ajay,Kumar,ajay.kumar807@gmail.com,9164289769,Mumbai,Maharashtra,2026-01-14
3969,Ramesh,Mehta,user3969@gmail.com,8862080174,,,2026-06-20
5461,9999,Gupta,user7254@gmail.com,9670207956,Nizamabad,Telangana,2025-10-19
2624,Ajay,Singh,ajay.singh2624@gmail.com,8698125025,Pune,Maharashtra,2026-01-08
1825,Varun,Reddy,varun.reddy1825@gmail.com,8994182446,Warangal,Telangana,2025-09-19
1855,"Mahesh,Vrk,Kalyan",Naidu,"mahesh,vrk,kalyan.naidu1855@gmail.com",7535381037,Mangalore,Karnataka,2026-05-11
2323,Harsha,Mehta,harsha.mehta2323@gmail.com,9839521797,Salem,Tamil Nadu,2025-08-30
4112,Rahul,Rao,user4112@gmail.com,6506841560,Nashik,,2025-06-23
80,"Mahesh,Vrk,Kalyan",Naidu,"mahesh,vrk,kalyan.naidu80@gmail.com",8107203795,Mumbai,Maharashtra,2025-09-26
787,Manoj,Yadav,manoj.yadav787@gmail.com,6513227538,Visakhapatnam,Andhra Pradesh,2025-07-28
852,Ravi,Mehta,ravi.mehta852@gmail.com,6995749437,Nagpur,Maharashtra,2026-02-12
3563,Harsha,Rao,harsha.rao3563@gmail.com,6598675712,Madurai,Tamil Nadu,2025-10-08
1378,Ramesh,Sharma,ramesh.sharma1378@gmail.com,9876907519,Hubli,Karnataka,2026-01-02
3875,,Yadav,user3875@gmail.com,,Karimnagar,Telangana,2025-09-17
3732,Ravi,,user3732@gmail.com,,Guntur,Andhra Pradesh,2026-05-04
2515,"Mahesh,Vrk,Kalyan",Verma,"mahesh,vrk,kalyan.verma2515@gmail.com",8275205692,Hubli,Karnataka,2026-05-14
756,Praveen,Mehta,praveen.mehta756@gmail.com,8328957492,Chennai,Tamil Nadu,2025-12-06
ABC123,Ajay,Gupta,user6646@gmail.com,8473637478,123CITY,Andhra Pradesh,2026-04-24
1143,Rahul,Yadav,rahul.yadav1143@gmail.com,7731938896,Nagpur,Maharashtra,2025-09-08
3177,Vikram,Yadav,vikram.yadav3177@gmail.com,8572576221,Hyderabad,Telangana,2026-06-02
1949,Arjun,Yadav,arjun.yadav1949@gmail.com,7592156232,Salem,Tamil Nadu,2025-12-31
2650,Naveen,Reddy,naveen.reddy2650@gmail.com,6042852730,Bangalore,Karnataka,2026-01-08
1546,Manoj,Verma,manoj.verma1546@gmail.com,6130111212,Pune,Maharashtra,2025-12-16
534,"Mahesh,Vrk,Kalyan",Singh,"mahesh,vrk,kalyan.singh534@gmail.com",8326515004,Mangalore,Karnataka,2026-04-02
4866,@@@@,Mehta,user7253@gmail.com,6714382003,Tirupati,Andhra Pradesh,2099-99-99
309,Naveen,Singh,naveen.singh309@gmail.com,9371989252,Guntur,Andhra Pradesh,2025-06-24
1872,"Mahesh,Vrk,Kalyan",Kumar,"mahesh,vrk,kalyan.kumar1872@gmail.com",9336416710,Pune,Maharashtra,2026-05-07
2549,Naveen,Sharma,naveen.sharma2549@gmail.com,8710681572,Mangalore,Karnataka,2025-12-22
3825,Praveen,NULL,user9540@gmail.com,7638502606,Nashik,Maharashtra,2025-09-08
1684,Harsha,Verma,harsha.verma1684@gmail.com,6295972536,Karimnagar,Telangana,2026-02-11
160,Ravi,Rao,ravi.rao160@gmail.com,8569738412,Bangalore,Karnataka,2026-05-24
1532,Praveen,Reddy,praveen.reddy1532@gmail.com,7746837614,Guntur,Andhra Pradesh,2026-04-03
3039,Ravi,Gupta,ravi.gupta3039@gmail.com,8848523111,Mangalore,Karnataka,2025-09-10
653,Anil,Verma,anil.verma653@gmail.com,7164463431,Hubli,Karnataka,2026-05-14
3240,"Mahesh,Vrk,Kalyan",Reddy,"mahesh,vrk,kalyan.reddy3240@gmail.com",6085870407,Guntur,Andhra Pradesh,2026-03-17
2676,Ajay,Reddy,ajay.reddy2676@gmail.com,7871311077,Guntur,Andhra Pradesh,2026-01-23
1082,Rahul,Verma,rahul.verma1082@gmail.com,9835645001,Pune,Maharashtra,2026-05-27
INVALID,Ramesh,Yadav,user8052@gmail.com,8433675873,Chennai,Tamil Nadu,2025-11-27
959,Kiran,Yadav,kiran.yadav959@gmail.com,6869181820,Guntur,Andhra Pradesh,2026-01-25
1115,Harsha,Singh,harsha.singh1115@gmail.com,9647986657,Bangalore,Karnataka,2026-02-18
2990,Ramesh,Sharma,ramesh.sharma2990@gmail.com,7570608829,Coimbatore,Tamil Nadu,2026-04-09
1762,Anil,Kumar,anil.kumar1762@gmail.com,8961991794,Chennai,Tamil Nadu,2026-01-05
1754,"Mahesh,Vrk,Kalyan",Singh,"mahesh,vrk,kalyan.singh1754@gmail.com",7009302114,Tirupati,Andhra Pradesh,2026-05-11
1260,Rahul,Joshi,rahul.joshi1260@gmail.com,7302090784,Mysore,Karnataka,2025-12-05
1570,Kiran,Mehta,kiran.mehta1570@gmail.com,7257838301,Karimnagar,Telangana,2026-05-23
2142,Varun,Patel,varun.patel2142@gmail.com,7265322308,Guntur,Andhra Pradesh,2025-09-09
72,Karthik,Patel,karthik.patel72@gmail.com,9566462251,Salem,Tamil Nadu,2026-01-13
1127,Vikram,Patel,vikram.patel1127@gmail.com,7724986187,Guntur,Andhra Pradesh,2025-11-12
2070,Anil,Patel,anil.patel2070@gmail.com,9034045453,Guntur,Andhra Pradesh,2025-08-25
669,Arjun,Reddy,arjun.reddy669@gmail.com,9711468456,Visakhapatnam,Andhra Pradesh,2025-09-28
3426,Varun,Reddy,varun.reddy3426@gmail.com,8908792452,Warangal,Telangana,2026-04-23
3250,Ravi,Verma,ravi.verma3250@gmail.com,9454949720,Hubli,Karnataka,2025-07-31
1929,Rahul,Reddy,rahul.reddy1929@gmail.com,9009892339,Tirupati,Andhra Pradesh,2025-08-21
2492,Rahul,Yadav,rahul.yadav2492@gmail.com,6512355861,Warangal,Telangana,2025-11-16
3774,,,user3774@gmail.com,8812619943,Visakhapatnam,Andhra Pradesh,2025-11-15
1689,Praveen,Naidu,praveen.naidu1689@gmail.com,8646081812,Nashik,Maharashtra,2026-06-23
3098,Sai,Reddy,sai.reddy3098@gmail.com,8341729551,Guntur,Andhra Pradesh,2026-05-01
1343,"Mahesh,Vrk,Kalyan",Yadav,"mahesh,vrk,kalyan.yadav1343@gmail.com",7114058114,Salem,Tamil Nadu,2026-05-11
2969,Naveen,Sharma,naveen.sharma2969@gmail.com,8402960243,Nashik,Maharashtra,2025-10-01
3488,Vikram,Mehta,vikram.mehta3488@gmail.com,6569194130,Madurai,Tamil Nadu,2026-02-24
1456,Arjun,Naidu,arjun.naidu1456@gmail.com,9244243407,Mumbai,Maharashtra,2025-08-20
2525,Naveen,Sharma,naveen.sharma2525@gmail.com,7447134108,Visakhapatnam,Andhra Pradesh,2025-12-08
ABC123,Kiran,Mehta,user2133@gmail.com,9063605642,Nagpur,Maharashtra,2026-06-10
1831,@@@@,Sharma,gmail.com,9145132433,Guntur,Andhra Pradesh,2025-08-19
3433,Harsha,Joshi,harsha.joshi3433@gmail.com,7434744616,Tirupati,Andhra Pradesh,2025-11-12
1595,Kiran,Gupta,kiran.gupta1595@gmail.com,7510424026,Nagpur,Maharashtra,2025-08-07
2721,Ajay,Patel,ajay.patel2721@gmail.com,9218469980,Hyderabad,Telangana,2026-04-08
10,Suresh,Yadav,suresh.yadav10@gmail.com,6546902277,Mysore,Karnataka,2026-01-05
1156,Rahul,Verma,user6995@gmail.com,6616084939,9999,Maharashtra,2025-12-21
2036,Anil,Verma,anil.verma2036@gmail.com,9463204288,Nizamabad,Telangana,2025-09-29
1806,Sai,Sharma,sai.sharma1806@gmail.com,8825430166,Bangalore,Karnataka,2025-12-19
238,Vikram,Mehta,vikram.mehta238@gmail.com,6891776804,Mangalore,Karnataka,2025-07-31
2713,Ajay,Singh,ajay.singh2713@gmail.com,6777993527,Madurai,Tamil Nadu,2026-06-11
2371,Naveen,Naidu,naveen.naidu2371@gmail.com,9868362454,Nashik,Maharashtra,2026-06-06
327,Ravi,Gupta,ravi.gupta327@gmail.com,7733646662,Hyderabad,Telangana,2026-04-19
2581,"Mahesh,Vrk,Kalyan",Reddy,"mahesh,vrk,kalyan.reddy2581@gmail.com",8442779417,Bangalore,Karnataka,2025-08-22
2878,Harsha,Mehta,harsha.mehta2878@gmail.com,8334765177,Karimnagar,Telangana,2026-06-23
1406,Ajay,Reddy,ajay.reddy1406@gmail.com,7447544686,Guntur,Andhra Pradesh,2025-11-07
2086,Vikram,Kumar,vikram.kumar2086@gmail.com,9698244699,Mysore,Karnataka,2025-12-11
2946,Suresh,Rao,suresh.rao2946@gmail.com,8186746725,Mysore,Karnataka,2025-07-07
1067,Praveen,Mehta,praveen.mehta1067@gmail.com,9971622646,Mysore,Karnataka,2025-07-26
1944,"Mahesh,Vrk,Kalyan",Reddy,"mahesh,vrk,kalyan.reddy1944@gmail.com",8185400137,Mangalore,Karnataka,2025-09-25
3264,Rahul,Joshi,rahul.joshi3264@gmail.com,6005119420,Visakhapatnam,Andhra Pradesh,2025-12-02
749,Praveen,Singh,praveen.singh749@gmail.com,9338783963,Warangal,Telangana,2026-06-01
2126,Harsha,Sharma,harsha.sharma2126@gmail.com,9678966980,Nashik,Maharashtra,2026-03-02
3338,Rahul,Patel,rahul.patel3338@gmail.com,7267529207,Mangalore,Karnataka,2026-02-28
3,Manoj,Yadav,manoj.yadav3@gmail.com,7827863168,Karimnagar,Telangana,2025-11-25
3230,Ramesh,Joshi,ramesh.joshi3230@gmail.com,6726649966,Pune,Maharashtra,2026-06-21
3006,Arjun,###,user8103@gmail.com,8134403962,Nashik,Maharashtra,2025-10-29
3423,Naveen,Verma,naveen.verma3423@gmail.com,9150269924,Visakhapatnam,Andhra Pradesh,2026-06-20
454,Manoj,Patel,manoj.patel454@gmail.com,9320316373,Pune,Maharashtra,2026-02-04
1885,Ravi,Naidu,ravi.naidu1885@gmail.com,9230371013,Nashik,Maharashtra,2025-08-10
2629,Karthik,Naidu,karthik.naidu2629@gmail.com,9058412699,Nizamabad,Telangana,2025-08-21
1385,Praveen,Mehta,praveen.mehta1385@gmail.com,6566154452,Chennai,Tamil Nadu,2026-02-16
3629,Praveen,Kumar,praveen.kumar3629@gmail.com,7416233198,Tirupati,Andhra Pradesh,2026-04-24
458,Ramesh,Gupta,ramesh.gupta458@gmail.com,6126142770,Warangal,Telangana,2026-01-21
INVALID,Suresh,Gupta,user7399@gmail.com,6534679627,Mangalore,Karnataka,2025-11-02
84,Sai,Kumar,sai.kumar84@gmail.com,7955609844,Mysore,Karnataka,2026-06-14
4115,Rahul,Sharma,,9814522676,Coimbatore,Tamil Nadu,2026-06-12
1538,Ramesh,Naidu,ramesh.naidu1538@gmail.com,6308403062,Bangalore,Karnataka,2026-03-02
3852,,Rao,user3852@gmail.com,,Mumbai,Maharashtra,2025-12-19
4999,Vikram,Joshi,user6621@gmail.com,6462813175,Nashik,Maharashtra,2099-99-99
3286,Vikram,Singh,vikram.singh3286@gmail.com,6379869237,Mangalore,Karnataka,2026-04-10
3126,Anil,Gupta,anil.gupta3126@gmail.com,6695692320,Coimbatore,Tamil Nadu,2026-01-21
3618,Suresh,Singh,suresh.singh3618@gmail.com,6390306374,Mumbai,Maharashtra,2026-01-03
654,Harsha,Sharma,harsha.sharma654@gmail.com,8341362177,Hubli,Karnataka,2025-12-27
4059,Suresh,Joshi,user6222@gmail.com,123,Pune,Maharashtra,2025-10-28
578,"Mahesh,Vrk,Kalyan",Kumar,"mahesh,vrk,kalyan.kumar578@gmail.com",8142836892,Madurai,Tamil Nadu,2026-02-27
483,Naveen,Yadav,naveen.yadav483@gmail.com,8772503932,Guntur,Andhra Pradesh,2026-06-04
725,Harsha,Sharma,harsha.sharma725@gmail.com,9911094015,Warangal,Telangana,2026-01-01
1786,Ramesh,Joshi,ramesh.joshi1786@gmail.com,9811251751,Pune,Maharashtra,2025-07-09
3492,Ajay,Singh,ajay.singh3492@gmail.com,8920365765,Nashik,Maharashtra,2025-10-15
3593,Kiran,Yadav,kiran.yadav3593@gmail.com,7552326769,Hyderabad,Telangana,2025-09-08
3320,Harsha,Sharma,harsha.sharma3320@gmail.com,8718924596,Coimbatore,Tamil Nadu,2026-03-01
1807,Sai,Reddy,sai.reddy1807@gmail.com,8494450795,Mangalore,Karnataka,2026-04-08
2164,Anil,Naidu,user9508@gmail.com,999,Tirupati,Andhra Pradesh,2025-10-29
665,Harsha,Sharma,harsha.sharma665@gmail.com,6724822862,Visakhapatnam,Andhra Pradesh,2026-04-04
724,Vikram,Reddy,vikram.reddy724@gmail.com,6408698448,Mysore,Karnataka,2025-11-25
2690,Anil,Reddy,anil.reddy2690@gmail.com,8002708912,Visakhapatnam,Andhra Pradesh,2025-10-10
2416,Karthik,Kumar,karthik.kumar2416@gmail.com,6506296225,Coimbatore,Tamil Nadu,2026-05-04
1622,Harsha,Joshi,harsha.joshi1622@gmail.com,7163468527,Visakhapatnam,Andhra Pradesh,2026-06-03
2717,Ajay,Verma,ajay.verma2717@gmail.com,7611351179,Hubli,Karnataka,2026-03-26
1059,Ravi,Reddy,ravi.reddy1059@gmail.com,6698921325,Hubli,Karnataka,2026-03-12
1358,Ajay,Joshi,ajay.joshi1358@gmail.com,7717831779,Mumbai,Maharashtra,2025-08-23
CUST###,Rahul,NULL,user2976@gmail.com,8394803311,Guntur,Andhra Pradesh,2025-06-23
1026,Anil,Singh,anil.singh1026@gmail.com,9356209729,Hyderabad,Telangana,2025-07-24
305,Harsha,Gupta,harsha.gupta305@gmail.com,7122682320,Mysore,Karnataka,2025-12-06
419,Ravi,Singh,ravi.singh419@gmail.com,7820787631,Guntur,Andhra Pradesh,2025-11-16
1335,Harsha,Patel,harsha.patel1335@gmail.com,8824887787,Coimbatore,Tamil Nadu,2026-02-26
1666,Sai,Singh,sai.singh1666@gmail.com,8555796726,Karimnagar,Telangana,2025-08-08
536,Ramesh,Sharma,ramesh.sharma536@gmail.com,8983506262,Mysore,Karnataka,2026-02-01
580,Ramesh,Sharma,ramesh.sharma580@gmail.com,9568422052,Nagpur,Maharashtra,2026-02-23
5084,Ravi,Rao,user2271@gmail.com,7069966292,Hubli,Karnataka,32-13-2025
746,Anil,Reddy,anil.reddy746@gmail.com,9348628907,Nagpur,Maharashtra,2025-07-29
INVALID,Manoj,Yadav,user9559@gmail.com,6267323015,Coimbatore,Tamil Nadu,2025-11-09
315,Varun,Verma,varun.verma315@gmail.com,8995635786,Bangalore,Karnataka,2025-07-29
5716,@@@@,Rao,user2723@gmail.com,6687980850,Chennai,Tamil Nadu,2026-04-08
170,Kiran,Kumar,kiran.kumar170@gmail.com,8997712926,Tirupati,Andhra Pradesh,2026-02-20
ABC123,9999,Rao,user7756@gmail.com,6871086386,Pune,Maharashtra,2026-03-30
889,Sai,Verma,sai.verma889@gmail.com,9686516244,Tirupati,Andhra Pradesh,2026-05-16
1857,Kiran,Patel,kiran.patel1857@gmail.com,8396651762,Chennai,Tamil Nadu,2026-04-12
2647,Suresh,Naidu,suresh.naidu2647@gmail.com,7152667228,Bangalore,Karnataka,2025-12-18
3358,Ramesh,Singh,ramesh.singh3358@gmail.com,9059527987,Nashik,Maharashtra,2025-11-29
4086,,Rao,user4086@gmail.com,,Pune,Maharashtra,2025-10-16
1187,Arjun,Yadav,arjun.yadav1187@gmail.com,7251274773,Bangalore,Karnataka,2025-12-30
2821,Manoj,Verma,manoj.verma2821@gmail.com,8982887775,Mumbai,Maharashtra,2025-12-01
2320,Manoj,Verma,manoj.verma2320@gmail.com,7975718819,Mysore,Karnataka,2026-01-16
2260,Kiran,Verma,user6661@gmail.com,8071275863,@@@@,Karnataka,32-13-2025
3341,Ravi,Joshi,ravi.joshi3341@gmail.com,7390420957,Mysore,Karnataka,2025-08-11
477,Manoj,Singh,manoj.singh477@gmail.com,6533222041,Nizamabad,Telangana,2025-08-09
85,Varun,Verma,varun.verma85@gmail.com,9665942493,Hubli,Karnataka,2025-07-27
176,"Mahesh,Vrk,Kalyan",Yadav,"mahesh,vrk,kalyan.yadav176@gmail.com",7097033505,Nizamabad,Telangana,2025-07-27
794,Ramesh,Mehta,ramesh.mehta794@gmail.com,7985666992,Mysore,Karnataka,2025-10-14
3125,Suresh,Gupta,suresh.gupta3125@gmail.com,8940660629,Warangal,Telangana,2026-03-15
977,"Mahesh,Vrk,Kalyan",Kumar,"mahesh,vrk,kalyan.kumar977@gmail.com",8502881057,Mysore,Karnataka,2025-10-13
645,Anil,Sharma,anil.sharma645@gmail.com,9085541754,Pune,Maharashtra,2026-03-06
2258,12345,Gupta,user6052@gmail.com,7540649542,9999,Karnataka,2026-04-13
383,Kiran,Verma,kiran.verma383@gmail.com,9556314118,Vijayawada,Andhra Pradesh,2026-05-20
3045,Anil,Yadav,anil.yadav3045@gmail.com,8404459906,Hubli,Karnataka,2025-10-31
2501,Anil,Rao,anil.rao2501@gmail.com,9087122404,Vijayawada,Andhra Pradesh,2025-11-29
1147,Sai,Sharma,sai.sharma1147@gmail.com,7680024390,Hyderabad,Telangana,2026-04-02
2963,Rahul,Verma,rahul.verma2963@gmail.com,6644728158,Mysore,Karnataka,2026-01-07
375,Karthik,Patel,karthik.patel375@gmail.com,6185736513,Nashik,Maharashtra,2026-05-17
2025,Arjun,Verma,arjun.verma2025@gmail.com,8777085676,Bangalore,Karnataka,2025-12-04
2067,Ajay,Reddy,ajay.reddy2067@gmail.com,7466814240,Visakhapatnam,Andhra Pradesh,2026-03-10
3787,Manoj,Rao,user3787@gmail.com,6696852792,,Tamil Nadu,2026-02-05
3568,Praveen,Gupta,praveen.gupta3568@gmail.com,7130159928,Salem,Tamil Nadu,2026-06-09
3042,Ravi,Verma,ravi.verma3042@gmail.com,6774835707,Bangalore,Karnataka,2025-07-24
4760,9999,Gupta,user7752@gmail.com,7202865586,Pune,Maharashtra,2025-08-30
774,Praveen,Singh,praveen.singh774@gmail.com,8311972961,Mangalore,Karnataka,2025-08-17
583,Varun,Singh,varun.singh583@gmail.com,6723496174,Hubli,Karnataka,2025-10-12
INVALID,Karthik,Sharma,user332@gmail.com,7313110907,Pune,Maharashtra,2025-08-08
574,Harsha,Rao,harsha.rao574@gmail.com,7702514668,Salem,Tamil Nadu,2026-03-23
3194,Karthik,Naidu,karthik.naidu3194@gmail.com,8622543374,Vijayawada,Andhra Pradesh,2026-03-04
3791,Naveen,,user3791@gmail.com,9832024766,,Telangana,2025-12-09
3542,Ramesh,Mehta,ramesh.mehta3542@gmail.com,8812190116,Pune,Maharashtra,2025-08-26
5129,Praveen,Naidu,user8772@gmail.com,123,Nashik,123,2026-02-05
3549,Vikram,Sharma,vikram.sharma3549@gmail.com,9422035229,Nizamabad,Telangana,2025-07-20
1253,Naveen,Verma,naveen.verma1253@gmail.com,9668752632,Mumbai,Maharashtra,2025-10-08
3929,Rahul,,user3929@gmail.com,9206576073,Coimbatore,Tamil Nadu,2026-06-08
1788,Harsha,Naidu,user9756@gmail.com,123,Nagpur,Maharashtra,2025-06-26
1710,Varun,Rao,varun.rao1710@gmail.com,8984332185,Vijayawada,Andhra Pradesh,2026-05-04
2891,Naveen,Kumar,naveen.kumar2891@gmail.com,9454433718,Chennai,Tamil Nadu,2025-12-22
2145,Varun,Verma,varun.verma2145@gmail.com,9290646717,Nashik,Maharashtra,2026-01-12
529,Suresh,Rao,suresh.rao529@gmail.com,7503238013,Visakhapatnam,Andhra Pradesh,2025-12-25
4145,,Mehta,user4145@gmail.com,,Chennai,Tamil Nadu,2026-01-02
ABC123,Kiran,123,user5009@gmail.com,6574858147,Karimnagar,Telangana,2026-04-22
2111,Arjun,Reddy,arjun.reddy2111@gmail.com,9816210728,Hyderabad,Telangana,2026-02-10
2149,Kiran,Rao,kiran.rao2149@gmail.com,8396069879,Nashik,Maharashtra,2025-07-16
2916,Rahul,Sharma,rahul.sharma2916@gmail.com,8801536551,Visakhapatnam,Andhra Pradesh,2026-04-05
3995,Varun,Reddy,,9592755828,Guntur,Andhra Pradesh,2026-01-27
165,Sai,Kumar,sai.kumar165@gmail.com,8496248797,Nizamabad,Telangana,2025-07-31
2094,Ramesh,Rao,ramesh.rao2094@gmail.com,8303375793,Salem,Tamil Nadu,2026-02-22
2243,Anil,Sharma,anil.sharma2243@gmail.com,8799660240,Bangalore,Karnataka,2025-08-02
3124,Praveen,Verma,praveen.verma3124@gmail.com,6663618313,Salem,Tamil Nadu,2026-05-05
3394,Arjun,Singh,arjun.singh3394@gmail.com,6133662535,Mumbai,Maharashtra,2026-01-07
3532,Anil,Singh,anil.singh3532@gmail.com,6961830052,Bangalore,Karnataka,2026-03-23
2351,Vikram,Singh,vikram.singh2351@gmail.com,7324548967,Mysore,Karnataka,2025-10-27
116,Vikram,Joshi,vikram.joshi116@gmail.com,6628075676,Coimbatore,Tamil Nadu,2025-07-27
2260,Anil,Kumar,anil.kumar2260@gmail.com,6443615069,Bangalore,Karnataka,2025-10-22
5742,Suresh,###,user4056@gmail.com,7721868779,Chennai,Tamil Nadu,2026-04-14
861,Karthik,Patel,karthik.patel861@gmail.com,8862366012,Salem,Tamil Nadu,2026-04-30
1574,"Mahesh,Vrk,Kalyan",Verma,abc@,9238096214,Guntur,Andhra Pradesh,2026-04-04
1902,Vikram,Singh,vikram.singh1902@gmail.com,8329872365,Vijayawada,Andhra Pradesh,2025-09-25
522,Harsha,Verma,harsha.verma522@gmail.com,9506137532,Madurai,Tamil Nadu,2025-08-08
3517,Rahul,Patel,user5953@gmail.com,6688377400,123CITY,Tamil Nadu,2025-12-06
1464,Rahul,Patel,rahul.patel1464@gmail.com,7771750258,Mysore,Karnataka,2025-07-20
1592,Naveen,Kumar,naveen.kumar1592@gmail.com,9017530015,Hyderabad,Telangana,2025-07-25
33,Varun,Joshi,varun.joshi33@gmail.com,6620020288,Hubli,Karnataka,2026-02-23
3964,,Verma,user3964@gmail.com,9703524922,Visakhapatnam,,2025-10-13
1999,Manoj,Kumar,manoj.kumar1999@gmail.com,8863899239,Nashik,Maharashtra,2026-02-03
3056,"Mahesh,Vrk,Kalyan",Rao,"mahesh,vrk,kalyan.rao3056@gmail.com",9370539826,Hubli,Karnataka,2025-08-26
422,Ravi,Verma,ravi.verma422@gmail.com,6099025658,Salem,Tamil Nadu,2025-11-21
1979,Naveen,Joshi,naveen.joshi1979@gmail.com,8597175649,Madurai,Tamil Nadu,2026-02-08
45,Kiran,Sharma,user2980@gmail.com,8129674481,9999,Andhra Pradesh,NOT_A_DATE
4125,Harsha,Joshi,user4125@gmail.com,8411190756,,Andhra Pradesh,2026-06-04
545,Naveen,Singh,naveen.singh545@gmail.com,6532950567,Vijayawada,Andhra Pradesh,2025-09-07
3321,Varun,Gupta,varun.gupta3321@gmail.com,9518030340,Hyderabad,Telangana,2025-09-19
429,Ajay,Kumar,ajay.kumar429@gmail.com,6881879078,Mumbai,Maharashtra,2025-10-04
2915,Kiran,Kumar,kiran.kumar2915@gmail.com,6763747654,Tirupati,Andhra Pradesh,2026-04-12
2778,"Mahesh,Vrk,Kalyan",Rao,"mahesh,vrk,kalyan.rao2778@gmail.com",6514351979,Mangalore,Karnataka,2025-07-13
2529,Varun,Joshi,varun.joshi2529@gmail.com,6113873485,Salem,Tamil Nadu,2025-10-29
1158,@@@@,Mehta,user735@gmail.com,9665249734,Mysore,Karnataka,2025-07-03
4024,Varun,Yadav,,6551782707,Vijayawada,Andhra Pradesh,2026-04-19
2736,Rahul,Sharma,rahul.sharma2736@gmail.com,7481635640,Karimnagar,Telangana,2026-06-12
1329,Kiran,Reddy,kiran.reddy1329@gmail.com,9092543347,Mumbai,Maharashtra,2025-09-20
3583,Naveen,Patel,naveen.patel3583@gmail.com,7613079345,Hyderabad,Telangana,2025-11-08
1599,Praveen,Sharma,praveen.sharma1599@gmail.com,7740143272,Coimbatore,Tamil Nadu,2026-05-12
2940,Rahul,NULL,user8376@gmail.com,123,Mumbai,Maharashtra,2026-03-11
1473,Ravi,Naidu,ravi.naidu1473@gmail.com,8140900923,Mumbai,Maharashtra,2025-08-04
2101,Ramesh,Patel,ramesh.patel2101@gmail.com,7427320469,Salem,Tamil Nadu,2025-10-28
456,Varun,Patel,varun.patel456@gmail.com,8996213363,Pune,Maharashtra,2026-03-09
1509,Varun,Rao,varun.rao1509@gmail.com,8780243463,Warangal,Telangana,2025-08-28
489,Harsha,Naidu,harsha.naidu489@gmail.com,9658214388,Nizamabad,Telangana,2025-10-03
2731,Praveen,Singh,praveen.singh2731@gmail.com,7053783380,Karimnagar,Telangana,2026-01-29
3506,Praveen,Mehta,praveen.mehta3506@gmail.com,7851439011,Guntur,Andhra Pradesh,2026-05-17
1671,Ramesh,Rao,ramesh.rao1671@gmail.com,7778613696,Karimnagar,Telangana,2025-07-16
2173,Arjun,Verma,arjun.verma2173@gmail.com,7758272517,Visakhapatnam,Andhra Pradesh,2026-06-22
1812,Sai,Singh,sai.singh1812@gmail.com,8088034321,Mysore,Karnataka,2025-12-19
2295,Anil,Sharma,anil.sharma2295@gmail.com,7451191816,Madurai,Tamil Nadu,2025-09-21
2041,Manoj,Yadav,manoj.yadav2041@gmail.com,7989356710,Hubli,Karnataka,2025-08-15
1387,Ajay,Patel,ajay.patel1387@gmail.com,9306443589,Warangal,Telangana,2025-12-06
2927,Karthik,Gupta,karthik.gupta2927@gmail.com,9116158381,Tirupati,Andhra Pradesh,2026-05-02
2701,Ajay,Sharma,ajay.sharma2701@gmail.com,6206678001,Mumbai,Maharashtra,2025-08-31
882,Rahul,Joshi,rahul.joshi882@gmail.com,7135853554,Nagpur,Maharashtra,2026-04-06
3145,Arjun,Rao,arjun.rao3145@gmail.com,9908114498,Madurai,Tamil Nadu,2025-10-22
1991,Manoj,Kumar,manoj.kumar1991@gmail.com,8751583319,Warangal,Telangana,2026-04-16
3919,Arjun,,user3919@gmail.com,6741608459,Chennai,Tamil Nadu,2025-12-24
2286,Manoj,Verma,manoj.verma2286@gmail.com,7099660517,Vijayawada,Andhra Pradesh,2026-03-02
3612,Arjun,Joshi,arjun.joshi3612@gmail.com,8557050455,Tirupati,Andhra Pradesh,2025-12-29
1976,Kiran,Kumar,user7435@gmail.com,6299796232,Visakhapatnam,Andhra Pradesh,2099-99-99
3264,Rahul,Joshi,rahul.joshi3264@gmail.com,6005119420,Visakhapatnam,Andhra Pradesh,2025-12-02
3055,Naveen,Reddy,naveen.reddy3055@gmail.com,7306460463,Nagpur,Maharashtra,2025-11-03
2829,Varun,Kumar,varun.kumar2829@gmail.com,6875377540,Nashik,Maharashtra,2026-06-19
1301,Manoj,Singh,manoj.singh1301@gmail.com,7848813318,Pune,Maharashtra,2025-09-19
4939,Ajay,123,user4060@gmail.com,9359568097,Nashik,Maharashtra,2025-09-27
577,Naveen,Verma,naveen.verma577@gmail.com,9472046335,Hyderabad,Telangana,2025-08-23
3712,12345,Naidu,user3057@gmail.com,6265567516,@@@@,Maharashtra,2025-10-23
1719,Anil,Yadav,anil.yadav1719@gmail.com,6924760170,Mangalore,Karnataka,2025-09-04
2546,Ajay,Patel,ajay.patel2546@gmail.com,8590497000,Nizamabad,Telangana,2026-01-01
259,9999,Mehta,user5018@gmail.com,9765466795,Guntur,UNKNOWN_STATE,2026-06-21
2668,Sai,Verma,sai.verma2668@gmail.com,6849226320,Nashik,Maharashtra,2025-12-20
2105,Ajay,Joshi,ajay.joshi2105@gmail.com,8788609239,Salem,Tamil Nadu,2026-04-14
962,Ajay,Naidu,ajay.naidu962@gmail.com,9240856385,Guntur,Andhra Pradesh,2026-03-02
3377,Ramesh,Sharma,ramesh.sharma3377@gmail.com,7229627997,Mysore,Karnataka,2026-01-29
896,Kiran,Reddy,kiran.reddy896@gmail.com,9796022023,Salem,Tamil Nadu,2025-08-18
2075,Manoj,Patel,manoj.patel2075@gmail.com,7241526756,Pune,Maharashtra,2026-03-15
4025,Varun,Mehta,user4025@gmail.com,6998427950,Tirupati,,2026-06-18
1662,Manoj,Reddy,manoj.reddy1662@gmail.com,7512204579,Pune,Maharashtra,2025-11-04
4027,"Mahesh,Vrk,Kalyan",,,7235895236,Visakhapatnam,Andhra Pradesh,2026-06-17
1339,Ramesh,Naidu,ramesh.naidu1339@gmail.com,9265034405,Hubli,Karnataka,2025-09-30
5196,12345,Gupta,user8348@gmail.com,6320034300,Warangal,Telangana,2026-02-13
3122,Ramesh,Patel,ramesh.patel3122@gmail.com,8706380751,Salem,Tamil Nadu,2025-07-21
2511,Sai,Sharma,user9348@gmail.com,PHONE,Madurai,123,2026-03-08
3750,Arjun,,user3750@gmail.com,8773209003,Madurai,Tamil Nadu,2025-12-03
4113,Ramesh,Mehta,user4113@gmail.com,6771713560,Nizamabad,,2026-01-31
3779,Vikram,Rao,user3779@gmail.com,8702780661,,Tamil Nadu,2026-03-27
987,Ramesh,Joshi,ramesh.joshi987@gmail.com,7926794097,Guntur,Andhra Pradesh,2026-03-19
4408,Praveen,Naidu,user1406@gmail.com,PHONE,Warangal,Telangana,2025-08-30
2587,Praveen,Yadav,praveen.yadav2587@gmail.com,9594351101,Guntur,Andhra Pradesh,2025-07-22
385,Rahul,Sharma,rahul.sharma385@gmail.com,6472934387,Hyderabad,Telangana,2025-10-17
1376,"Mahesh,Vrk,Kalyan",Naidu,"mahesh,vrk,kalyan.naidu1376@gmail.com",7723046386,Hubli,Karnataka,2025-11-09
71,"Mahesh,Vrk,Kalyan",Gupta,"mahesh,vrk,kalyan.gupta71@gmail.com",7341378695,Chennai,Tamil Nadu,2026-02-15
177,Praveen,Verma,praveen.verma177@gmail.com,9599792721,Mysore,Karnataka,2025-08-04
2044,Anil,Naidu,user4380@gmail.com,8980796445,9999,Andhra Pradesh,2026-02-02
2682,Harsha,Sharma,harsha.sharma2682@gmail.com,6422125034,Nagpur,Maharashtra,2026-05-16
3819,Praveen,Singh,user3819@gmail.com,,Pune,Maharashtra,2026-03-01
1247,Manoj,Naidu,manoj.naidu1247@gmail.com,7536243874,Bangalore,Karnataka,2026-04-27
68,Vikram,Verma,vikram.verma68@gmail.com,7232278738,Hubli,Karnataka,2026-02-24
163,Karthik,Reddy,karthik.reddy163@gmail.com,8642589577,Vijayawada,Andhra Pradesh,2025-12-29
INVALID,Vikram,Gupta,user2493@gmail.com,7068509806,Coimbatore,###,2025-09-29
1665,Ramesh,Kumar,ramesh.kumar1665@gmail.com,8302579610,Pune,Maharashtra,2026-05-13
3342,Ramesh,Gupta,ramesh.gupta3342@gmail.com,8577291488,Nashik,Maharashtra,2025-08-04
3575,Sai,Kumar,sai.kumar3575@gmail.com,8535190336,Nagpur,Maharashtra,2025-12-05
2846,Naveen,Singh,naveen.singh2846@gmail.com,6255397691,Bangalore,Karnataka,2025-11-23
738,Karthik,Verma,karthik.verma738@gmail.com,8374768167,Mumbai,Maharashtra,2025-12-28
3060,Ajay,Rao,ajay.rao3060@gmail.com,7489772596,Madurai,Tamil Nadu,2026-02-11
557,Ravi,Mehta,ravi.mehta557@gmail.com,8733698636,Hubli,Karnataka,2025-09-12
1798,Varun,Patel,varun.patel1798@gmail.com,8778243773,Nashik,Maharashtra,2025-09-05
586,Ramesh,Singh,ramesh.singh586@gmail.com,6015191690,Chennai,Tamil Nadu,2025-07-09
2194,Arjun,Naidu,arjun.naidu2194@gmail.com,9736154525,Nagpur,Maharashtra,2026-05-22
289,Praveen,Reddy,praveen.reddy289@gmail.com,6880340599,Nashik,Maharashtra,2026-05-26
3336,Ajay,123,abc@,6697079900,Salem,Tamil Nadu,2025-09-02
2877,Manoj,Patel,manoj.patel2877@gmail.com,9600252973,Madurai,Tamil Nadu,2025-12-25
1160,Rahul,Verma,rahul.verma1160@gmail.com,9873204597,Salem,Tamil Nadu,2026-05-07
1969,Varun,Patel,varun.patel1969@gmail.com,6136589394,Coimbatore,Tamil Nadu,2025-09-24
344,Vikram,Rao,vikram.rao344@gmail.com,6948069472,Pune,Maharashtra,2025-08-29
3403,"Mahesh,Vrk,Kalyan",Mehta,"mahesh,vrk,kalyan.mehta3403@gmail.com",7018797658,Karimnagar,Telangana,2025-11-08
519,Karthik,Patel,karthik.patel519@gmail.com,6029785569,Vijayawada,Andhra Pradesh,2026-06-12
3890,,Yadav,user3890@gmail.com,9344984126,,Tamil Nadu,2026-04-11
292,Karthik,Joshi,karthik.joshi292@gmail.com,8428161729,Salem,Tamil Nadu,2025-11-27
3472,Harsha,Naidu,harsha.naidu3472@gmail.com,9756829378,Mumbai,Maharashtra,2025-08-09
1169,Varun,Kumar,varun.kumar1169@gmail.com,6681922181,Nizamabad,Telangana,2026-05-27
808,Ravi,Yadav,ravi.yadav808@gmail.com,8268385386,Nizamabad,Telangana,2026-05-24
2027,Rahul,Verma,rahul.verma2027@gmail.com,6981648769,Madurai,Tamil Nadu,2025-12-17
1159,Ajay,Reddy,ajay.reddy1159@gmail.com,6032067635,Karimnagar,Telangana,2026-04-19
3223,Vikram,Joshi,vikram.joshi3223@gmail.com,8704090212,Hyderabad,Telangana,2025-11-13
2206,Ravi,Joshi,ravi.joshi2206@gmail.com,6284766305,Visakhapatnam,Andhra Pradesh,2025-08-18
3536,Ramesh,Mehta,user9438@gmail.com,123,Nashik,Maharashtra,2026-01-27
412,Rahul,Joshi,rahul.joshi412@gmail.com,8293074843,Pune,Maharashtra,2026-01-25
390,Manoj,Patel,manoj.patel390@gmail.com,9003418630,Bangalore,Karnataka,2026-04-29
2702,Kiran,Verma,kiran.verma2702@gmail.com,8938437314,Mumbai,Maharashtra,2026-06-16
3777,Suresh,Gupta,,,Mangalore,Karnataka,2026-02-14
3365,Anil,Kumar,anil.kumar3365@gmail.com,7869916301,Tirupati,Andhra Pradesh,2026-05-30
1699,Varun,Patel,varun.patel1699@gmail.com,6966023237,Nizamabad,Telangana,2025-12-09
4649,Naveen,NULL,gmail.com,9691345358,Madurai,Tamil Nadu,2025-10-16
4030,,Gupta,user4030@gmail.com,6372559386,Mumbai,Maharashtra,
3232,Praveen,Joshi,praveen.joshi3232@gmail.com,8426583092,Tirupati,Andhra Pradesh,2025-08-27
735,Praveen,Joshi,praveen.joshi735@gmail.com,6021638437,Warangal,Telangana,2025-12-07
3970,Suresh,Naidu,user3970@gmail.com,7461431116,Nizamabad,,2025-11-28
752,Karthik,Sharma,karthik.sharma752@gmail.com,9490642060,Nagpur,Maharashtra,2025-10-03
3520,Kiran,Reddy,kiran.reddy3520@gmail.com,8783917978,Hyderabad,Telangana,2026-02-04
2439,Kiran,Yadav,kiran.yadav2439@gmail.com,7330280528,Chennai,Tamil Nadu,2026-05-26
313,Rahul,Naidu,rahul.naidu313@gmail.com,7269212325,Nagpur,Maharashtra,2025-12-06
2952,12345,Joshi,user1711@gmail.com,6746188590,Pune,Maharashtra,2026-02-26
379,Praveen,Rao,praveen.rao379@gmail.com,6720650202,Vijayawada,Andhra Pradesh,2026-04-19
4840,Anil,Gupta,user2744@gmail.com,9420916803,Warangal,###,2025-11-28
3033,Harsha,Naidu,user8683@gmail.com,8225554033,123CITY,Telangana,2026-02-26
1246,Arjun,Joshi,arjun.joshi1246@gmail.com,7762551961,Mangalore,Karnataka,2025-11-22
2917,Rahul,123,user3826@gmail.com,7681752242,Visakhapatnam,UNKNOWN_STATE,2025-07-13
236,Sai,Mehta,sai.mehta236@gmail.com,9389357788,Salem,Tamil Nadu,2026-03-11
3762,Ramesh,Naidu,user3762@gmail.com,,Pune,Maharashtra,
1509,Varun,Rao,varun.rao1509@gmail.com,8780243463,Warangal,Telangana,2025-08-28
3218,Varun,Reddy,varun.reddy3218@gmail.com,9341881231,Salem,Tamil Nadu,2026-06-16
1315,Suresh,Rao,suresh.rao1315@gmail.com,8505808431,Nizamabad,Telangana,2025-07-08
3271,Harsha,Verma,harsha.verma3271@gmail.com,9517270050,Mysore,Karnataka,2025-10-22
1142,Ajay,Yadav,ajay.yadav1142@gmail.com,8793033956,Hubli,Karnataka,2026-04-16
662,Rahul,Verma,rahul.verma662@gmail.com,7060995795,Vijayawada,Andhra Pradesh,2026-05-05
991,Rahul,Kumar,rahul.kumar991@gmail.com,7619277906,Warangal,Telangana,2025-10-06
2057,Naveen,Verma,naveen.verma2057@gmail.com,9863487453,Mysore,Karnataka,2025-11-02
2368,Harsha,Singh,harsha.singh2368@gmail.com,6812531711,Mysore,Karnataka,2026-06-12
1189,Ramesh,Joshi,ramesh.joshi1189@gmail.com,9743764934,Visakhapatnam,Andhra Pradesh,2025-08-05
2786,Kiran,Singh,kiran.singh2786@gmail.com,9822261662,Vijayawada,Andhra Pradesh,2026-06-11
3887,Arjun,Gupta,user3887@gmail.com,9582689177,,Karnataka,
4593,Praveen,NULL,user9219@gmail.com,8344606917,Mysore,Karnataka,2026-01-26
1475,Sai,Mehta,sai.mehta1475@gmail.com,8828817931,Nashik,Maharashtra,2025-12-13
672,Karthik,Mehta,karthik.mehta672@gmail.com,9526456208,Warangal,Telangana,2026-01-04
290,Kiran,Verma,kiran.verma290@gmail.com,6706462474,Nizamabad,Telangana,2026-01-01
2965,Karthik,Sharma,karthik.sharma2965@gmail.com,7494979271,Visakhapatnam,Andhra Pradesh,2026-01-17
3835,Rahul,Reddy,user8349@gmail.com,7404146372,Nizamabad,123,2025-10-25
1649,Sai,Gupta,sai.gupta1649@gmail.com,8692725823,Mumbai,Maharashtra,2026-01-14
3333,Ramesh,Reddy,ramesh.reddy3333@gmail.com,9583352237,Guntur,Andhra Pradesh,2025-08-30
2157,Manoj,Mehta,manoj.mehta2157@gmail.com,7875634648,Nashik,Maharashtra,2025-10-17
541,Ramesh,Joshi,ramesh.joshi541@gmail.com,8393648467,Coimbatore,Tamil Nadu,2025-08-16
2793,Ramesh,Gupta,ramesh.gupta2793@gmail.com,7433103750,Coimbatore,Tamil Nadu,2025-09-21
4857,12345,Reddy,user8677@gmail.com,8381182272,Tirupati,Andhra Pradesh,2026-03-16
1831,Varun,Rao,varun.rao1831@gmail.com,7909947350,Madurai,Tamil Nadu,2026-02-22
697,Ajay,Patel,ajay.patel697@gmail.com,7855244429,Guntur,Andhra Pradesh,2025-09-25
3261,Manoj,Gupta,manoj.gupta3261@gmail.com,8288352743,Tirupati,Andhra Pradesh,2026-03-09
1861,Anil,Joshi,anil.joshi1861@gmail.com,9673329638,Mumbai,Maharashtra,2026-02-24
2123,Harsha,Yadav,harsha.yadav2123@gmail.com,9009042411,Bangalore,Karnataka,2026-04-18
5172,9999,Rao,user3475@gmail.com,7804421008,9999,Andhra Pradesh,2026-03-09
2348,Suresh,Mehta,suresh.mehta2348@gmail.com,8890834978,Karimnagar,Telangana,2025-11-04
2892,Rahul,Joshi,rahul.joshi2892@gmail.com,8694320907,Vijayawada,Andhra Pradesh,2025-07-01
ABC123,9999,Singh,user446@gmail.com,9216446339,Vijayawada,Andhra Pradesh,2026-06-18
4109,Rahul,Rao,user4109@gmail.com,8983069764,,Telangana,2025-09-05
2449,Harsha,Gupta,harsha.gupta2449@gmail.com,8582032376,Mangalore,Karnataka,2025-09-28
2889,Anil,Mehta,anil.mehta2889@gmail.com,9173336756,Coimbatore,Tamil Nadu,2025-12-08
3505,Manoj,Patel,manoj.patel3505@gmail.com,8576441166,Guntur,Andhra Pradesh,2026-03-07
3487,Rahul,Verma,rahul.verma3487@gmail.com,8776347753,Mangalore,Karnataka,2026-05-19
3253,Anil,Sharma,anil.sharma3253@gmail.com,7635954912,Guntur,Andhra Pradesh,2025-12-25
2437,Vikram,Kumar,vikram.kumar2437@gmail.com,8543004637,Warangal,Telangana,2026-04-09
1327,"Mahesh,Vrk,Kalyan",Joshi,user3718@gmail.com,PHONE,Chennai,123,2025-11-12
2597,Ravi,Gupta,ravi.gupta2597@gmail.com,9091343031,Visakhapatnam,Andhra Pradesh,2026-03-16
1197,Kiran,Joshi,kiran.joshi1197@gmail.com,9635940077,Karimnagar,Telangana,2026-06-04
2720,Harsha,Patel,harsha.patel2720@gmail.com,7985007904,Warangal,Telangana,2026-01-15
2368,Harsha,Singh,harsha.singh2368@gmail.com,6812531711,Mysore,Karnataka,2026-06-12
3190,Sai,Mehta,sai.mehta3190@gmail.com,7732053606,Mangalore,Karnataka,2025-11-27
601,Ravi,Kumar,ravi.kumar601@gmail.com,7285220763,Visakhapatnam,Andhra Pradesh,2025-09-02
240,Rahul,Gupta,rahul.gupta240@gmail.com,9986527468,Mumbai,Maharashtra,2026-03-20
2465,Sai,Joshi,sai.joshi2465@gmail.com,6831749124,Hyderabad,Telangana,2025-12-12
1145,Vikram,Reddy,vikram.reddy1145@gmail.com,7288020721,Nizamabad,Telangana,2025-08-18
1705,Arjun,Reddy,arjun.reddy1705@gmail.com,9145693494,Mumbai,Maharashtra,2026-01-20
1596,"Mahesh,Vrk,Kalyan",Gupta,"mahesh,vrk,kalyan.gupta1596@gmail.com",8187486369,Guntur,Andhra Pradesh,2025-10-23
36,Naveen,Reddy,naveen.reddy36@gmail.com,9324901583,Warangal,Telangana,2025-11-23
1339,Ramesh,Naidu,ramesh.naidu1339@gmail.com,9265034405,Hubli,Karnataka,2025-09-30
398,"Mahesh,Vrk,Kalyan",Kumar,"mahesh,vrk,kalyan.kumar398@gmail.com",6456381084,Bangalore,Karnataka,2026-06-18
3722,Arjun,,user3722@gmail.com,8947227567,Hubli,Karnataka,2025-12-17
633,Vikram,Verma,vikram.verma633@gmail.com,9430622081,Chennai,Tamil Nadu,2025-06-30
3246,Anil,Patel,anil.patel3246@gmail.com,6423901876,Guntur,Andhra Pradesh,2026-03-06
445,Suresh,Joshi,suresh.joshi445@gmail.com,6911051160,Mangalore,Karnataka,2025-06-23
3092,Varun,123,user3092@gmail.com,8475507287,123CITY,Telangana,2025-09-15
1846,Kiran,Patel,kiran.patel1846@gmail.com,8275529092,Madurai,Tamil Nadu,2026-01-22
2510,Praveen,Kumar,praveen.kumar2510@gmail.com,8027402760,Nizamabad,Telangana,2025-07-15
1869,Ravi,Gupta,ravi.gupta1869@gmail.com,7353816989,Nashik,Maharashtra,2026-05-02
416,Arjun,Mehta,arjun.mehta416@gmail.com,6960216460,Warangal,Telangana,2026-05-16
1263,Harsha,Naidu,harsha.naidu1263@gmail.com,6985287988,Salem,Tamil Nadu,2025-11-17
1702,Harsha,Yadav,harsha.yadav1702@gmail.com,6407003140,Tirupati,Andhra Pradesh,2025-07-17
2116,"Mahesh,Vrk,Kalyan",Singh,"mahesh,vrk,kalyan.singh2116@gmail.com",6975524928,Pune,Maharashtra,2026-01-04
1527,Anil,Yadav,anil.yadav1527@gmail.com,6582914203,Guntur,Andhra Pradesh,2025-07-29
3082,Vikram,Verma,vikram.verma3082@gmail.com,7801409526,Salem,Tamil Nadu,2025-12-22
3990,,Singh,user3990@gmail.com,8198438915,,Maharashtra,2026-06-17
2427,Praveen,Naidu,praveen.naidu2427@gmail.com,9818046583,Guntur,Andhra Pradesh,2026-06-18
1300,Harsha,Gupta,harsha.gupta1300@gmail.com,9365385506,Nizamabad,Telangana,2025-12-24
3624,Ajay,Sharma,ajay.sharma3624@gmail.com,6330084573,Warangal,Telangana,2025-12-10
2021,Harsha,Kumar,harsha.kumar2021@gmail.com,8396158868,Bangalore,Karnataka,2025-12-01
ABC123,Arjun,Verma,user6440@gmail.com,7970653079,Bangalore,Karnataka,2025-07-24
2861,Anil,Sharma,anil.sharma2861@gmail.com,6201830962,Coimbatore,Tamil Nadu,2025-12-19
3667,Kiran,Rao,user3667@gmail.com,,Mangalore,Karnataka,2026-05-04
273,Rahul,Gupta,rahul.gupta273@gmail.com,9538665676,Mumbai,Maharashtra,2025-07-03
4093,Naveen,,,8284652906,Warangal,Telangana,2026-06-10
3437,Anil,Kumar,anil.kumar3437@gmail.com,9860156882,Tirupati,Andhra Pradesh,2025-09-22
1559,Ramesh,Mehta,ramesh.mehta1559@gmail.com,6010955423,Guntur,Andhra Pradesh,2025-11-28
1621,Ravi,Singh,ravi.singh1621@gmail.com,8536808843,Warangal,Telangana,2025-09-14
3056,"Mahesh,Vrk,Kalyan",Rao,"mahesh,vrk,kalyan.rao3056@gmail.com",9370539826,Hubli,Karnataka,2025-08-26
2317,Varun,Verma,varun.verma2317@gmail.com,6344671469,Coimbatore,Tamil Nadu,2025-12-18
1465,Rahul,Patel,rahul.patel1465@gmail.com,7872964247,Karimnagar,Telangana,2026-05-03
3486,Ravi,Singh,ravi.singh3486@gmail.com,6243864995,Mumbai,Maharashtra,2025-12-01
779,Anil,Patel,anil.patel779@gmail.com,8378237990,Hubli,Karnataka,2025-08-12
3637,Anil,Yadav,anil.yadav3637@gmail.com,7772510962,Bangalore,Karnataka,2025-09-27
1998,Arjun,Mehta,arjun.mehta1998@gmail.com,9619084907,Tirupati,Andhra Pradesh,2026-03-06
3386,Manoj,Yadav,manoj.yadav3386@gmail.com,6068908532,Salem,Tamil Nadu,2025-06-26
2294,"Mahesh,Vrk,Kalyan",Yadav,"mahesh,vrk,kalyan.yadav2294@gmail.com",9525397500,Nizamabad,Telangana,2026-03-23
1613,Ravi,Yadav,ravi.yadav1613@gmail.com,6507656648,Guntur,Andhra Pradesh,2026-01-12
INVALID,Praveen,Mehta,gmail.com,6689788225,Guntur,Andhra Pradesh,2025-09-12
373,Harsha,Patel,harsha.patel373@gmail.com,7101098089,Pune,Maharashtra,2026-06-02
121,Arjun,Yadav,arjun.yadav121@gmail.com,7338510209,Nashik,Maharashtra,2025-12-16
2266,Vikram,Gupta,vikram.gupta2266@gmail.com,8038641057,Pune,Maharashtra,2025-07-27
3948,Ravi,Singh,,9304439607,,Maharashtra,2025-07-26
3108,Vikram,Patel,vikram.patel3108@gmail.com,6523197913,Hyderabad,Telangana,2025-12-17
2649,Anil,Mehta,anil.mehta2649@gmail.com,8281939009,Nizamabad,Telangana,2026-03-01
3323,Varun,Reddy,varun.reddy3323@gmail.com,9388869569,Coimbatore,Tamil Nadu,2026-03-25
2011,Sai,Sharma,sai.sharma2011@gmail.com,8765551701,Nizamabad,Telangana,2026-04-28
3359,Harsha,Rao,harsha.rao3359@gmail.com,8900528855,Guntur,Andhra Pradesh,2026-01-16
2913,Arjun,Naidu,arjun.naidu2913@gmail.com,7496082725,Nizamabad,Telangana,2026-03-24
3260,Naveen,Kumar,naveen.kumar3260@gmail.com,7866332693,Pune,Maharashtra,2025-11-28
1906,Sai,Rao,sai.rao1906@gmail.com,9690290048,Mangalore,Karnataka,2025-12-31
2476,Sai,Naidu,user5756@gmail.com,PHONE,Madurai,Tamil Nadu,2025-07-07
324,Sai,Singh,sai.singh324@gmail.com,8027028547,Bangalore,Karnataka,2026-04-13
192,Rahul,Rao,rahul.rao192@gmail.com,8820591635,Guntur,Andhra Pradesh,2026-04-26
3307,Suresh,Naidu,suresh.naidu3307@gmail.com,7210645380,Visakhapatnam,Andhra Pradesh,2025-10-23
2732,Sai,Sharma,sai.sharma2732@gmail.com,6105168945,Hyderabad,Telangana,2026-04-01
128,Suresh,Gupta,suresh.gupta128@gmail.com,6585268007,Tirupati,Andhra Pradesh,2025-07-28
1514,Praveen,Kumar,praveen.kumar1514@gmail.com,7616008399,Nizamabad,Telangana,2026-03-03
1166,Karthik,Sharma,karthik.sharma1166@gmail.com,7923040615,Vijayawada,Andhra Pradesh,2026-01-01
2654,Praveen,Reddy,praveen.reddy2654@gmail.com,6772082010,Guntur,Andhra Pradesh,2026-01-26
2808,Sai,Joshi,sai.joshi2808@gmail.com,6230301978,Tirupati,Andhra Pradesh,2025-11-30
1860,Naveen,Mehta,naveen.mehta1860@gmail.com,7528703315,Tirupati,Andhra Pradesh,2025-07-07
2639,Harsha,Sharma,harsha.sharma2639@gmail.com,7427574147,Visakhapatnam,Andhra Pradesh,2026-05-03
1333,Arjun,Gupta,arjun.gupta1333@gmail.com,8092629791,Nizamabad,Telangana,2026-01-19
713,Ramesh,Gupta,ramesh.gupta713@gmail.com,6584082785,Hyderabad,Telangana,2025-12-19
3423,Naveen,Verma,naveen.verma3423@gmail.com,9150269924,Visakhapatnam,Andhra Pradesh,2026-06-20
2451,Suresh,Singh,suresh.singh2451@gmail.com,9600041643,Karimnagar,Telangana,2025-09-21
274,Suresh,Sharma,suresh.sharma274@gmail.com,6035712987,Visakhapatnam,Andhra Pradesh,2026-01-01
3738,Praveen,Gupta,user3738@gmail.com,,Nizamabad,Telangana,2026-02-17
3924,Praveen,,user3924@gmail.com,7273697342,Mysore,Karnataka,2026-01-23
3243,Anil,Kumar,anil.kumar3243@gmail.com,9360321581,Tirupati,Andhra Pradesh,2025-10-10
643,Ajay,Verma,ajay.verma643@gmail.com,7766524433,Vijayawada,Andhra Pradesh,2025-11-14
53,Ajay,Sharma,ajay.sharma53@gmail.com,8353698366,Vijayawada,Andhra Pradesh,2026-05-04
3541,Ramesh,Verma,ramesh.verma3541@gmail.com,9277785442,Karimnagar,Telangana,2025-07-21
2813,Varun,Mehta,varun.mehta2813@gmail.com,6150693137,Nagpur,Maharashtra,2025-10-02
1613,Ravi,Yadav,ravi.yadav1613@gmail.com,6507656648,Guntur,Andhra Pradesh,2026-01-12
3284,Kiran,Patel,kiran.patel3284@gmail.com,8908947786,Karimnagar,Telangana,2026-06-20
861,Karthik,Patel,karthik.patel861@gmail.com,8862366012,Salem,Tamil Nadu,2026-04-30
3064,Anil,Verma,anil.verma3064@gmail.com,7602164958,Nashik,Maharashtra,2026-05-21
4678,Ravi,Kumar,user4266@gmail.com,6478052307,Chennai,UNKNOWN_STATE,2026-02-01
1988,Ramesh,Naidu,ramesh.naidu1988@gmail.com,9775749795,Hyderabad,Telangana,2025-12-18
1367,Sai,Verma,sai.verma1367@gmail.com,8178092619,Nizamabad,Telangana,2025-11-02
2219,Karthik,Mehta,karthik.mehta2219@gmail.com,7016644922,Nashik,Maharashtra,2025-08-20
916,Karthik,Singh,karthik.singh916@gmail.com,8942055238,Hyderabad,Telangana,2025-08-08
3743,Praveen,Reddy,,9287799969,Nagpur,,2025-09-07
1135,Varun,Mehta,varun.mehta1135@gmail.com,8754659591,Mysore,Karnataka,2026-04-03
3249,9999,Yadav,user9323@gmail.com,8061750182,Vijayawada,Andhra Pradesh,NOT_A_DATE
3825,Suresh,,user3825@gmail.com,9538905561,,Maharashtra,2026-06-21
1344,Varun,Kumar,varun.kumar1344@gmail.com,9223342359,Madurai,Tamil Nadu,2026-01-29
1957,Varun,Reddy,varun.reddy1957@gmail.com,8030539850,Nashik,Maharashtra,2026-02-18
2843,"Mahesh,Vrk,Kalyan",Sharma,"mahesh,vrk,kalyan.sharma2843@gmail.com",7958187503,Mangalore,Karnataka,2026-02-28
3644,Ajay,Rao,user3644@gmail.com,8107406638,,Andhra Pradesh,
55,"Mahesh,Vrk,Kalyan",###,user5359@gmail.com,7140919538,Warangal,Telangana,2026-03-02
3157,Vikram,Sharma,vikram.sharma3157@gmail.com,9293306253,Salem,Tamil Nadu,2026-02-13
1584,Kiran,Naidu,kiran.naidu1584@gmail.com,7447811018,Madurai,Tamil Nadu,2026-05-21
1623,Harsha,Patel,harsha.patel1623@gmail.com,9951980713,Tirupati,Andhra Pradesh,2025-10-18
1793,Varun,Singh,varun.singh1793@gmail.com,8846547674,Mumbai,Maharashtra,2025-10-12
4107,Rahul,Yadav,user4107@gmail.com,,Mysore,Karnataka,2025-10-03
1776,Naveen,Rao,naveen.rao1776@gmail.com,6027022806,Nagpur,Maharashtra,2025-08-03
2977,Sai,Naidu,sai.naidu2977@gmail.com,9977827812,Nizamabad,Telangana,2026-04-25
2570,Manoj,Singh,manoj.singh2570@gmail.com,9955000814,Mangalore,Karnataka,2025-07-04
1152,Sai,Mehta,sai.mehta1152@gmail.com,6318597443,Mysore,Karnataka,2026-06-03
1360,Karthik,Patel,karthik.patel1360@gmail.com,7698479068,Chennai,Tamil Nadu,2026-03-06
2615,Vikram,Mehta,vikram.mehta2615@gmail.com,7452969171,Vijayawada,Andhra Pradesh,2026-03-12
1607,Kiran,Rao,kiran.rao1607@gmail.com,6569203636,Nagpur,Maharashtra,2025-10-31
1459,Kiran,Rao,kiran.rao1459@gmail.com,9154214179,Salem,Tamil Nadu,2026-02-05
3252,Ajay,Joshi,ajay.joshi3252@gmail.com,7099924047,Warangal,Telangana,2025-10-16
3682,,Gupta,user3682@gmail.com,,Warangal,Telangana,2025-07-22
3615,"Mahesh,Vrk,Kalyan",Sharma,"mahesh,vrk,kalyan.sharma3615@gmail.com",8856050329,Guntur,Andhra Pradesh,2026-04-14
3440,Kiran,Kumar,kiran.kumar3440@gmail.com,8820294703,Mysore,Karnataka,2025-12-04
2673,Vikram,Verma,vikram.verma2673@gmail.com,6538813361,Tirupati,Andhra Pradesh,2025-11-18
479,Harsha,Gupta,@test,6488617222,Tirupati,###,2026-03-18
118,Karthik,Naidu,karthik.naidu118@gmail.com,9289788376,Pune,Maharashtra,2026-04-08
2751,Sai,Singh,sai.singh2751@gmail.com,6764387053,Nizamabad,Telangana,2026-01-25
1436,Rahul,Patel,rahul.patel1436@gmail.com,9338011286,Mysore,Karnataka,2026-06-05
1878,Ravi,Kumar,ravi.kumar1878@gmail.com,6050110326,Mangalore,Karnataka,2025-09-15
3188,Kiran,Naidu,kiran.naidu3188@gmail.com,8831797749,Warangal,Telangana,2025-10-29
506,Rahul,Singh,rahul.singh506@gmail.com,9941970675,Tirupati,Andhra Pradesh,2026-03-28
1843,Naveen,Yadav,naveen.yadav1843@gmail.com,7829746751,Vijayawada,Andhra Pradesh,2026-04-22
1571,Ramesh,Verma,ramesh.verma1571@gmail.com,9908668447,Guntur,Andhra Pradesh,2025-07-04
3947,Rahul,Sharma,user3947@gmail.com,7892602135,Karimnagar,Telangana,
2059,Praveen,Joshi,praveen.joshi2059@gmail.com,7010035547,Bangalore,Karnataka,2026-05-25
3256,Karthik,Naidu,karthik.naidu3256@gmail.com,6995880754,Guntur,Andhra Pradesh,2026-04-08
3220,Sai,Gupta,sai.gupta3220@gmail.com,9022852687,Salem,Tamil Nadu,2026-01-04
3460,Ravi,Singh,ravi.singh3460@gmail.com,6819992805,Vijayawada,Andhra Pradesh,2025-09-29
1917,Suresh,Naidu,suresh.naidu1917@gmail.com,7886270493,Visakhapatnam,Andhra Pradesh,2026-02-11
8,Kiran,Gupta,kiran.gupta8@gmail.com,7849659537,Vijayawada,Andhra Pradesh,2025-12-24
2933,Kiran,Yadav,kiran.yadav2933@gmail.com,7619213816,Bangalore,Karnataka,2026-02-04
3800,Ajay,Joshi,,9343969523,,Tamil Nadu,2026-01-31
1954,Ramesh,Reddy,ramesh.reddy1954@gmail.com,9275548026,Karimnagar,Telangana,2025-09-27
1049,Kiran,Sharma,kiran.sharma1049@gmail.com,6024379352,Coimbatore,Tamil Nadu,2025-12-16
3958,,,user3958@gmail.com,6558718623,Salem,Tamil Nadu,2025-07-26
1174,Kiran,Kumar,kiran.kumar1174@gmail.com,6328491686,Warangal,Telangana,2025-08-10
3280,Vikram,Sharma,vikram.sharma3280@gmail.com,7496759859,Mangalore,Karnataka,2025-07-07
2609,Kiran,Reddy,kiran.reddy2609@gmail.com,8396951554,Karimnagar,Telangana,2025-07-28
836,Suresh,Sharma,suresh.sharma836@gmail.com,7631626790,Nagpur,Maharashtra,2025-10-26
761,Karthik,Patel,karthik.patel761@gmail.com,9904249064,Nagpur,Maharashtra,2026-04-09
3226,Manoj,Patel,user7494@gmail.com,7182699909,123CITY,123,2026-02-28
3458,Harsha,Sharma,harsha.sharma3458@gmail.com,7200408768,Guntur,Andhra Pradesh,2025-07-24
2099,Anil,Verma,anil.verma2099@gmail.com,8113174970,Hyderabad,Telangana,2026-06-20
2126,Harsha,Sharma,harsha.sharma2126@gmail.com,9678966980,Nashik,Maharashtra,2026-03-02
1407,Arjun,Reddy,arjun.reddy1407@gmail.com,6449600165,Mumbai,Maharashtra,2026-04-14
630,Varun,Patel,varun.patel630@gmail.com,8445305995,Nagpur,Maharashtra,2025-09-05
3004,Ramesh,Yadav,ramesh.yadav3004@gmail.com,9905833494,Hyderabad,Telangana,2026-04-04
4006,Kiran,Mehta,user4006@gmail.com,6738354480,Hubli,Karnataka,
2217,Sai,Joshi,sai.joshi2217@gmail.com,8898830514,Mumbai,Maharashtra,2025-10-11
4073,Naveen,Sharma,user4073@gmail.com,,Coimbatore,,2025-08-22
1132,Karthik,Kumar,@test,PHONE,Guntur,Andhra Pradesh,2025-08-17
734,Anil,Mehta,anil.mehta734@gmail.com,9532507249,Visakhapatnam,Andhra Pradesh,2025-10-02
1084,Manoj,Kumar,manoj.kumar1084@gmail.com,8265669609,Mumbai,Maharashtra,2026-05-30
594,Ajay,Reddy,ajay.reddy594@gmail.com,9165459777,Visakhapatnam,Andhra Pradesh,2026-01-06
3102,Karthik,Mehta,karthik.mehta3102@gmail.com,6878996453,Coimbatore,Tamil Nadu,2025-10-22
1493,Ravi,Naidu,ravi.naidu1493@gmail.com,8640592924,Nizamabad,Telangana,2025-07-17
3450,Suresh,Joshi,suresh.joshi3450@gmail.com,8332038297,Karimnagar,Telangana,2026-05-31
3000,Naveen,Gupta,naveen.gupta3000@gmail.com,8360192333,Coimbatore,Tamil Nadu,2025-10-12
2008,Ajay,Kumar,ajay.kumar2008@gmail.com,7121296411,Pune,Maharashtra,2025-08-30
1071,Harsha,Kumar,harsha.kumar1071@gmail.com,6980266255,Nizamabad,Telangana,2026-02-17
3843,,Verma,user3843@gmail.com,9923414943,Pune,Maharashtra,2025-10-18
1933,Manoj,Naidu,manoj.naidu1933@gmail.com,8304513545,Pune,Maharashtra,2025-06-28
4154,,Joshi,user4154@gmail.com,6222619282,Guntur,Andhra Pradesh,
1844,Karthik,Rao,karthik.rao1844@gmail.com,9386710280,Coimbatore,Tamil Nadu,2025-11-02
698,Ajay,Joshi,ajay.joshi698@gmail.com,9538998404,Guntur,Andhra Pradesh,2025-06-24
203,Rahul,Kumar,rahul.kumar203@gmail.com,8790347886,Nashik,Maharashtra,2025-08-09
3240,"Mahesh,Vrk,Kalyan",Reddy,"mahesh,vrk,kalyan.reddy3240@gmail.com",6085870407,Guntur,Andhra Pradesh,2026-03-17
3691,Praveen,Singh,user3691@gmail.com,,Mysore,Karnataka,2025-09-20
ABC123,Rahul,Singh,user1743@gmail.com,6562646416,Madurai,Tamil Nadu,2026-06-09
1036,Ravi,Singh,ravi.singh1036@gmail.com,7189101947,Hyderabad,Telangana,2025-11-22
3247,Suresh,Gupta,suresh.gupta3247@gmail.com,6677895371,Nizamabad,Telangana,2026-03-16
362,Praveen,Yadav,praveen.yadav362@gmail.com,8851798993,Mumbai,Maharashtra,2025-12-10
3063,Rahul,Singh,rahul.singh3063@gmail.com,9537400375,Mysore,Karnataka,2025-07-30
1923,Ravi,Patel,ravi.patel1923@gmail.com,6733083972,Nashik,Maharashtra,2026-05-31
2108,Arjun,Yadav,arjun.yadav2108@gmail.com,7714122053,Guntur,Andhra Pradesh,2025-07-01
2377,Varun,Joshi,varun.joshi2377@gmail.com,8967035024,Guntur,Andhra Pradesh,2025-09-02
3043,Ramesh,Verma,ramesh.verma3043@gmail.com,9327008377,Warangal,Telangana,2025-11-05
2418,Ajay,Gupta,ajay.gupta2418@gmail.com,7478131923,Coimbatore,Tamil Nadu,2025-10-30
1845,Naveen,Joshi,naveen.joshi1845@gmail.com,7699466529,Nashik,Maharashtra,2025-06-29
3695,Karthik,Joshi,,6324351698,Warangal,,2026-01-30
2014,Naveen,Joshi,naveen.joshi2014@gmail.com,9957403277,Warangal,Telangana,2026-02-13
768,Ajay,Yadav,ajay.yadav768@gmail.com,9532774100,Chennai,Tamil Nadu,2026-02-02
303,Anil,Joshi,anil.joshi303@gmail.com,7000336919,Chennai,Tamil Nadu,2025-09-30
4026,,Rao,user4026@gmail.com,9832326313,Nagpur,Maharashtra,2026-04-29
285,Manoj,Reddy,manoj.reddy285@gmail.com,9338821935,Bangalore,Karnataka,2026-01-26
5867,Ajay,NULL,user3941@gmail.com,123,Karimnagar,Telangana,2025-08-24
1402,Praveen,Singh,praveen.singh1402@gmail.com,6584319014,Tirupati,Andhra Pradesh,2026-05-04
2113,Harsha,Gupta,harsha.gupta2113@gmail.com,8222161470,Karimnagar,Telangana,2025-10-15
1419,Harsha,Singh,harsha.singh1419@gmail.com,6737369074,Guntur,Andhra Pradesh,2025-08-23
INVALID,Ajay,Kumar,user7763@gmail.com,6389543932,Bangalore,Karnataka,2025-07-10
1887,Naveen,Verma,naveen.verma1887@gmail.com,9338083513,Guntur,Andhra Pradesh,2025-08-01
3198,"Mahesh,Vrk,Kalyan",Mehta,user4214@gmail.com,6129975749,Nagpur,Maharashtra,32-13-2025
2871,"Mahesh,Vrk,Kalyan",Gupta,"mahesh,vrk,kalyan.gupta2871@gmail.com",6663761572,Hubli,Karnataka,2025-12-25
1385,Praveen,Mehta,praveen.mehta1385@gmail.com,6566154452,Chennai,Tamil Nadu,2026-02-16
2997,Kiran,Reddy,kiran.reddy2997@gmail.com,8606469634,Warangal,Telangana,2026-02-18
3303,Praveen,Joshi,praveen.joshi3303@gmail.com,7010397321,Pune,Maharashtra,2026-05-04
563,Suresh,Joshi,suresh.joshi563@gmail.com,6919797889,Bangalore,Karnataka,2026-03-31
2056,Anil,Naidu,anil.naidu2056@gmail.com,8503581322,Guntur,Andhra Pradesh,2026-04-05
321,Harsha,Gupta,harsha.gupta321@gmail.com,6701406108,Bangalore,Karnataka,2025-10-12
1102,Arjun,Naidu,arjun.naidu1102@gmail.com,7037037322,Guntur,Andhra Pradesh,2026-03-23
2091,Naveen,Kumar,naveen.kumar2091@gmail.com,8873086936,Chennai,Tamil Nadu,2026-03-14
430,Rahul,Sharma,rahul.sharma430@gmail.com,9431042095,Chennai,Tamil Nadu,2025-07-30
1884,Suresh,Yadav,suresh.yadav1884@gmail.com,6126640555,Mysore,Karnataka,2025-11-18
3792,Praveen,Reddy,user3792@gmail.com,,Vijayawada,Andhra Pradesh,2026-05-11
3595,Manoj,Rao,manoj.rao3595@gmail.com,9448411251,Nashik,Maharashtra,2025-07-30
3528,Anil,Joshi,anil.joshi3528@gmail.com,8816863260,Chennai,Tamil Nadu,2026-04-07
155,Vikram,Gupta,vikram.gupta155@gmail.com,8624917310,Mysore,Karnataka,2025-08-06
624,Sai,Patel,sai.patel624@gmail.com,6473818997,Tirupati,Andhra Pradesh,2026-05-03
1513,Naveen,Singh,naveen.singh1513@gmail.com,9858100198,Chennai,Tamil Nadu,2025-10-02
2810,Ravi,Yadav,ravi.yadav2810@gmail.com,9444172999,Guntur,Andhra Pradesh,2026-02-18
3556,Karthik,Reddy,karthik.reddy3556@gmail.com,6669763115,Pune,Maharashtra,2026-05-08
3091,"Mahesh,Vrk,Kalyan",Gupta,"mahesh,vrk,kalyan.gupta3091@gmail.com",7242786727,Karimnagar,Telangana,2025-09-04
2376,Arjun,Verma,arjun.verma2376@gmail.com,8508540916,Mangalore,Karnataka,2026-05-28
225,Anil,Rao,anil.rao225@gmail.com,8114760396,Hyderabad,Telangana,2026-02-28
ABC123,Manoj,Sharma,user7624@gmail.com,7985065310,Tirupati,Andhra Pradesh,2025-12-24
205,Kiran,Patel,kiran.patel205@gmail.com,6533808101,Nashik,Maharashtra,2026-06-09
2703,Suresh,Gupta,suresh.gupta2703@gmail.com,8407594295,Warangal,Telangana,2026-05-01
3537,Suresh,Verma,suresh.verma3537@gmail.com,6208357088,Karimnagar,Telangana,2026-06-08
1075,Naveen,Yadav,naveen.yadav1075@gmail.com,9526964794,Salem,Tamil Nadu,2026-03-03
4108,Rahul,Gupta,user4108@gmail.com,9511722568,,,2025-12-14
21,Ramesh,Patel,ramesh.patel21@gmail.com,7695051989,Karimnagar,Telangana,2025-08-26
196,Ajay,Gupta,ajay.gupta196@gmail.com,9045809373,Mysore,Karnataka,2025-10-06
3115,Ramesh,Verma,user8650@gmail.com,PHONE,@@@@,Maharashtra,2025-07-01
1076,Anil,Reddy,anil.reddy1076@gmail.com,6676646963,Mangalore,Karnataka,2026-03-19
1128,Varun,Sharma,varun.sharma1128@gmail.com,9836020410,Karimnagar,Telangana,2025-12-03
3757,,Joshi,,9462364187,Hubli,Karnataka,2026-05-30
3025,Harsha,Sharma,harsha.sharma3025@gmail.com,8646650488,Salem,Tamil Nadu,2026-04-14
364,Karthik,Reddy,karthik.reddy364@gmail.com,7461537491,Chennai,Tamil Nadu,2026-02-19
582,Rahul,Verma,rahul.verma582@gmail.com,6325314287,Karimnagar,Telangana,2025-09-15
1202,Harsha,Mehta,harsha.mehta1202@gmail.com,7092265382,Karimnagar,Telangana,2025-12-10
1881,Sai,Reddy,sai.reddy1881@gmail.com,6290114907,Salem,Tamil Nadu,2026-02-28
3318,Ravi,Reddy,user5251@gmail.com,7234363413,Nizamabad,###,2026-01-24
1140,Anil,Sharma,anil.sharma1140@gmail.com,9663296626,Coimbatore,Tamil Nadu,2025-10-13
1866,Rahul,Joshi,rahul.joshi1866@gmail.com,6085652089,Tirupati,Andhra Pradesh,2025-08-26
3402,Ravi,Patel,ravi.patel3402@gmail.com,8730650292,Nizamabad,Telangana,2026-05-13
3881,Rahul,Rao,user3881@gmail.com,7834654291,,Telangana,2026-03-14
1712,Ramesh,Mehta,ramesh.mehta1712@gmail.com,6942481795,Nizamabad,Telangana,2025-08-14
4522,9999,Naidu,user2099@gmail.com,7413529078,Visakhapatnam,Andhra Pradesh,NOT_A_DATE
1,Ramesh,Rao,ramesh.rao1@gmail.com,6481017915,Bangalore,Karnataka,2026-01-26
2396,Ajay,Reddy,ajay.reddy2396@gmail.com,6784169604,Hubli,Karnataka,2026-01-20
2566,Ravi,Verma,ravi.verma2566@gmail.com,8427295781,Tirupati,Andhra Pradesh,2025-12-18
3304,Rahul,Sharma,user2135@gmail.com,7468917490,Mysore,Karnataka,NOT_A_DATE
368,Anil,Rao,anil.rao368@gmail.com,7978381645,Warangal,Telangana,2026-01-24
4,Ravi,Joshi,ravi.joshi4@gmail.com,7585654462,Mangalore,Karnataka,2025-10-29
2236,Manoj,Verma,manoj.verma2236@gmail.com,8240443194,Pune,Maharashtra,2025-11-17
2729,Sai,Mehta,sai.mehta2729@gmail.com,7090490523,Vijayawada,Andhra Pradesh,2025-10-08
3374,Varun,Rao,varun.rao3374@gmail.com,6666673562,Pune,Maharashtra,2026-04-01
3533,Ramesh,Singh,ramesh.singh3533@gmail.com,6375786607,Mumbai,Maharashtra,2025-12-24
393,Anil,Gupta,anil.gupta393@gmail.com,7981868015,Mysore,Karnataka,2025-12-08
CUST###,Ravi,Reddy,user9057@gmail.com,PHONE,Madurai,Tamil Nadu,2025-09-04
4009,,Joshi,user4009@gmail.com,,Coimbatore,Tamil Nadu,2025-10-28
364,Karthik,Reddy,karthik.reddy364@gmail.com,7461537491,Chennai,Tamil Nadu,2026-02-19
89,Sai,Mehta,sai.mehta89@gmail.com,9615181636,Hubli,Karnataka,2025-10-23
2575,Manoj,Verma,manoj.verma2575@gmail.com,6222617592,Salem,Tamil Nadu,2026-01-17
1,Ramesh,Rao,ramesh.rao1@gmail.com,6481017915,Bangalore,Karnataka,2026-01-26
2072,Sai,Patel,sai.patel2072@gmail.com,9980977214,Guntur,Andhra Pradesh,2026-02-03
INVALID,Ravi,Gupta,user9361@gmail.com,9662003722,123CITY,Andhra Pradesh,2025-07-27
508,Arjun,Naidu,arjun.naidu508@gmail.com,9934777868,Madurai,Tamil Nadu,2025-09-04
955,9999,Rao,user6860@gmail.com,999,Salem,Tamil Nadu,2025-08-10
4085,Ajay,Naidu,user4085@gmail.com,7230519636,,Telangana,
3613,Ramesh,Patel,ramesh.patel3613@gmail.com,6909411746,Madurai,Tamil Nadu,2026-05-19
2442,Vikram,Gupta,vikram.gupta2442@gmail.com,7052102421,Chennai,Tamil Nadu,2026-05-18
491,Ajay,Sharma,ajay.sharma491@gmail.com,6557848175,Hubli,Karnataka,2026-01-14
363,Kiran,Naidu,kiran.naidu363@gmail.com,6897406882,Pune,Maharashtra,2025-10-29
ABC123,"Mahesh,Vrk,Kalyan",Verma,user5930@gmail.com,9049675484,Visakhapatnam,Andhra Pradesh,2026-04-15
677,Anil,Joshi,anil.joshi677@gmail.com,7732572091,Hubli,Karnataka,2026-03-30
3226,Anil,Singh,anil.singh3226@gmail.com,6734798359,Salem,Tamil Nadu,2025-10-30
3083,Sai,Sharma,user9420@gmail.com,6526600456,Karimnagar,UNKNOWN_STATE,2026-04-29
824,Ramesh,Singh,ramesh.singh824@gmail.com,9719518426,Vijayawada,Andhra Pradesh,2026-04-22
3874,Praveen,Reddy,,7683812673,Salem,Tamil Nadu,
247,Ravi,Patel,ravi.patel247@gmail.com,7657431037,Mumbai,Maharashtra,2026-04-17
3282,Anil,Patel,anil.patel3282@gmail.com,9004939758,Karimnagar,Telangana,2025-09-27
1855,"Mahesh,Vrk,Kalyan",Naidu,"mahesh,vrk,kalyan.naidu1855@gmail.com",7535381037,Mangalore,Karnataka,2026-05-11
3652,Varun,Naidu,,9664103743,Nashik,Maharashtra,
3632,Kiran,Kumar,kiran.kumar3632@gmail.com,6910195397,Karimnagar,Telangana,2026-04-26
3213,Praveen,Kumar,praveen.kumar3213@gmail.com,7559442185,Nagpur,Maharashtra,2025-11-20
24,Sai,Gupta,sai.gupta24@gmail.com,7253233322,Mysore,Karnataka,2025-11-06
4101,,Gupta,user4101@gmail.com,8805597082,Bangalore,Karnataka,2026-02-06
3235,Varun,Naidu,varun.naidu3235@gmail.com,7070611502,Guntur,Andhra Pradesh,2026-06-03
81,Sai,Verma,sai.verma81@gmail.com,6508147983,Warangal,Telangana,2025-08-04
2167,Sai,Yadav,user5462@gmail.com,123,Visakhapatnam,Andhra Pradesh,2025-08-04
3513,Harsha,Naidu,user3476@gmail.com,7450983815,9999,Maharashtra,2099-99-99
3393,Anil,Sharma,anil.sharma3393@gmail.com,7955878366,Nagpur,Maharashtra,2025-08-31
1828,Ajay,Naidu,ajay.naidu1828@gmail.com,8237000458,Nizamabad,Telangana,2026-02-09
588,Varun,Mehta,varun.mehta588@gmail.com,7576467905,Chennai,Tamil Nadu,2026-04-28
1340,Praveen,Mehta,praveen.mehta1340@gmail.com,6395166572,Nashik,Maharashtra,2026-02-22
2595,Manoj,Verma,manoj.verma2595@gmail.com,7976549064,Coimbatore,Tamil Nadu,2026-01-10
3197,Sai,Yadav,sai.yadav3197@gmail.com,7446804359,Warangal,Telangana,2026-05-23
INVALID,@@@@,Rao,user3252@gmail.com,8981249350,Salem,Tamil Nadu,2026-04-02
268,Arjun,Yadav,arjun.yadav268@gmail.com,7315585938,Nashik,Maharashtra,2025-08-18
1678,Vikram,Patel,vikram.patel1678@gmail.com,7727467097,Bangalore,Karnataka,2026-05-01
2272,Harsha,Rao,harsha.rao2272@gmail.com,6461103257,Coimbatore,Tamil Nadu,2026-03-11
3901,,Patel,user3901@gmail.com,,Nizamabad,Telangana,2026-01-24
2267,Ajay,Singh,ajay.singh2267@gmail.com,7319904181,Pune,Maharashtra,2026-06-16
1587,Suresh,Singh,suresh.singh1587@gmail.com,6091374750,Karimnagar,Telangana,2025-07-12
2034,Sai,Sharma,sai.sharma2034@gmail.com,6011015739,Visakhapatnam,Andhra Pradesh,2026-05-31
1675,Praveen,Reddy,praveen.reddy1675@gmail.com,6854953464,Nashik,Maharashtra,2025-10-06
3534,Varun,Verma,varun.verma3534@gmail.com,7141057306,Visakhapatnam,Andhra Pradesh,2026-04-11
3041,Ajay,Patel,ajay.patel3041@gmail.com,6902702490,Nashik,Maharashtra,2026-05-01
1287,Manoj,Gupta,manoj.gupta1287@gmail.com,7336894220,Nagpur,Maharashtra,2025-09-12
4094,Praveen,Yadav,,9526284302,Hyderabad,Telangana,2026-04-13
2373,Rahul,Rao,user9543@gmail.com,9820948339,@@@@,Karnataka,NOT_A_DATE
1516,Ramesh,Verma,ramesh.verma1516@gmail.com,9177516132,Mumbai,Maharashtra,2025-08-24
3427,Ravi,Verma,ravi.verma3427@gmail.com,7051140288,Visakhapatnam,Andhra Pradesh,2026-03-19
2574,Ajay,Patel,ajay.patel2574@gmail.com,8582997361,Visakhapatnam,Andhra Pradesh,2025-10-05
3071,Ravi,Kumar,ravi.kumar3071@gmail.com,6542463264,Hubli,Karnataka,2025-11-17
1148,Sai,Naidu,sai.naidu1148@gmail.com,9603261341,Tirupati,Andhra Pradesh,2025-11-19
2532,Rahul,Mehta,rahul.mehta2532@gmail.com,6252619552,Chennai,Tamil Nadu,2025-08-29
1788,Ravi,Sharma,ravi.sharma1788@gmail.com,7731653067,Mangalore,Karnataka,2025-12-29
3640,Arjun,Gupta,arjun.gupta3640@gmail.com,6951594241,Salem,Tamil Nadu,2026-02-25
3381,Varun,Rao,varun.rao3381@gmail.com,7054339375,Mangalore,Karnataka,2025-08-17
3565,Kiran,Reddy,user613@gmail.com,999,Warangal,Telangana,2025-07-16
501,Ravi,Gupta,ravi.gupta501@gmail.com,6290013561,Nashik,Maharashtra,2025-10-01
722,Ravi,Gupta,ravi.gupta722@gmail.com,7615116089,Salem,Tamil Nadu,2025-08-06
1134,Harsha,Verma,harsha.verma1134@gmail.com,7628478547,Guntur,Andhra Pradesh,2026-02-23
3050,Suresh,Gupta,suresh.gupta3050@gmail.com,9857263616,Salem,Tamil Nadu,2025-09-16
3867,Harsha,Singh,user3867@gmail.com,,,Andhra Pradesh,2026-03-17
913,Naveen,Verma,naveen.verma913@gmail.com,8197570261,Hyderabad,Telangana,2026-01-22
2692,Anil,Rao,anil.rao2692@gmail.com,8127563778,Bangalore,Karnataka,2025-07-08
684,Vikram,Rao,vikram.rao684@gmail.com,8346783461,Nagpur,Maharashtra,2026-06-21
1601,Naveen,Kumar,naveen.kumar1601@gmail.com,6665421261,Mysore,Karnataka,2026-01-03
1817,Sai,Gupta,sai.gupta1817@gmail.com,6251965213,Hyderabad,Telangana,2025-09-04
3483,Kiran,Sharma,kiran.sharma3483@gmail.com,8278104650,Visakhapatnam,Andhra Pradesh,2025-08-07
3622,Sai,Sharma,sai.sharma3622@gmail.com,8539882961,Mumbai,Maharashtra,2025-08-28
527,Praveen,Kumar,praveen.kumar527@gmail.com,6477504658,Nizamabad,Telangana,2026-03-03
2537,Ravi,Singh,ravi.singh2537@gmail.com,7325858716,Karimnagar,Telangana,2026-01-31
2246,Arjun,Kumar,arjun.kumar2246@gmail.com,7284225467,Nashik,Maharashtra,2025-07-27
2049,Karthik,Verma,karthik.verma2049@gmail.com,7714537659,Nagpur,Maharashtra,2025-12-19
1162,Sai,Joshi,sai.joshi1162@gmail.com,8279150388,Coimbatore,Tamil Nadu,2026-04-22
1958,Rahul,Yadav,rahul.yadav1958@gmail.com,7227565622,Vijayawada,Andhra Pradesh,2026-05-28
2735,Rahul,Kumar,rahul.kumar2735@gmail.com,6721155500,Warangal,Telangana,2025-11-27
2209,Anil,Singh,anil.singh2209@gmail.com,6796832640,Bangalore,Karnataka,2025-10-18
691,Karthik,###,user1434@gmail.com,9456566037,Chennai,Tamil Nadu,2026-03-13
3049,12345,Gupta,user7275@gmail.com,123,Madurai,Tamil Nadu,2026-02-28
3856,Praveen,Gupta,user3856@gmail.com,6617454696,,Andhra Pradesh,
1204,Kiran,Joshi,kiran.joshi1204@gmail.com,7575605583,Salem,Tamil Nadu,2025-08-01
1646,Praveen,Sharma,praveen.sharma1646@gmail.com,8764484631,Mumbai,Maharashtra,2025-09-07
2474,Suresh,Sharma,user5672@gmail.com,9406536825,@@@@,Maharashtra,2026-01-19
3097,Harsha,Reddy,harsha.reddy3097@gmail.com,6755912740,Mysore,Karnataka,2025-12-17
3403,"Mahesh,Vrk,Kalyan",Mehta,"mahesh,vrk,kalyan.mehta3403@gmail.com",7018797658,Karimnagar,Telangana,2025-11-08
1653,Ravi,Kumar,ravi.kumar1653@gmail.com,6346370518,Warangal,Telangana,2026-01-08
2005,Suresh,Rao,suresh.rao2005@gmail.com,9017698452,Tirupati,Andhra Pradesh,2025-08-28
1414,Sai,Kumar,sai.kumar1414@gmail.com,9258011769,Vijayawada,Andhra Pradesh,2026-04-19
1265,Manoj,Naidu,manoj.naidu1265@gmail.com,6295607051,Warangal,Telangana,2026-03-10
2831,Naveen,Reddy,naveen.reddy2831@gmail.com,6124660811,Tirupati,Andhra Pradesh,2025-08-14
4133,,Rao,user4133@gmail.com,9112159531,Tirupati,Andhra Pradesh,2026-03-13
3561,Vikram,Joshi,vikram.joshi3561@gmail.com,9118159318,Tirupati,Andhra Pradesh,2026-04-19
3448,Anil,Naidu,anil.naidu3448@gmail.com,9196829392,Visakhapatnam,Andhra Pradesh,2026-06-11
1380,Arjun,Mehta,arjun.mehta1380@gmail.com,8057961547,Mysore,Karnataka,2026-03-02
485,Suresh,Kumar,suresh.kumar485@gmail.com,9419611814,Nashik,Maharashtra,2025-11-18
92,Harsha,Reddy,harsha.reddy92@gmail.com,6061869463,Warangal,Telangana,2026-06-03
3584,Manoj,Naidu,manoj.naidu3584@gmail.com,6791245557,Coimbatore,Tamil Nadu,2026-02-06
1272,Arjun,Singh,arjun.singh1272@gmail.com,8265035494,Mumbai,Maharashtra,2026-01-19
2817,Ravi,Rao,ravi.rao2817@gmail.com,9370773394,Nagpur,Maharashtra,2025-08-06
3926,Ajay,,user3926@gmail.com,8585436070,Visakhapatnam,Andhra Pradesh,2026-06-08
877,Anil,Reddy,anil.reddy877@gmail.com,7915374705,Pune,Maharashtra,2025-07-09
943,Varun,Kumar,varun.kumar943@gmail.com,9358327476,Mysore,Karnataka,2025-12-17
2671,Varun,Verma,varun.verma2671@gmail.com,6657780840,Coimbatore,Tamil Nadu,2025-12-26
2484,Manoj,Yadav,manoj.yadav2484@gmail.com,9741926925,Madurai,Tamil Nadu,2026-02-17
5163,Suresh,Reddy,user4105@gmail.com,9436270049,Nashik,###,NOT_A_DATE
658,"Mahesh,Vrk,Kalyan",Reddy,"mahesh,vrk,kalyan.reddy658@gmail.com",7909719537,Visakhapatnam,Andhra Pradesh,2025-10-04
1724,Naveen,Joshi,naveen.joshi1724@gmail.com,8984704639,Madurai,Tamil Nadu,2025-10-18
3028,Ajay,Verma,ajay.verma3028@gmail.com,7874766819,Pune,Maharashtra,2025-10-24
5426,@@@@,###,user8762@gmail.com,9758208277,Warangal,Telangana,2026-03-08
3872,"Mahesh,Vrk,Kalyan",,,7912214751,Warangal,Telangana,2025-08-22
355,Arjun,Joshi,arjun.joshi355@gmail.com,8235134302,Karimnagar,Telangana,2026-01-19
66,Arjun,Kumar,arjun.kumar66@gmail.com,9058400582,Salem,Tamil Nadu,2026-01-19
581,Harsha,Patel,harsha.patel581@gmail.com,7973380983,Guntur,Andhra Pradesh,2025-10-28
950,Arjun,Verma,arjun.verma950@gmail.com,8817282294,Karimnagar,Telangana,2025-12-13
1282,Naveen,Singh,naveen.singh1282@gmail.com,6562539368,Hubli,Karnataka,2025-10-19
1641,Suresh,Patel,suresh.patel1641@gmail.com,8391204946,Mysore,Karnataka,2026-02-16
1494,"Mahesh,Vrk,Kalyan",Singh,"mahesh,vrk,kalyan.singh1494@gmail.com",6977131701,Pune,Maharashtra,2025-12-23
860,Naveen,Reddy,naveen.reddy860@gmail.com,9413668921,Nashik,Maharashtra,2025-07-08
3903,Sai,Mehta,user3903@gmail.com,9765209221,Tirupati,Andhra Pradesh,
1525,Kiran,Naidu,kiran.naidu1525@gmail.com,8104728659,Nashik,Maharashtra,2026-02-17
2282,Naveen,Reddy,naveen.reddy2282@gmail.com,9815785021,Karimnagar,Telangana,2026-05-06
3183,Ajay,Joshi,ajay.joshi3183@gmail.com,9711964622,Mysore,Karnataka,2025-09-18
1106,Kiran,Rao,kiran.rao1106@gmail.com,6775938686,Chennai,Tamil Nadu,2026-05-30
1346,Karthik,Yadav,karthik.yadav1346@gmail.com,7786907369,Tirupati,Andhra Pradesh,2026-02-21
770,Ravi,Patel,ravi.patel770@gmail.com,9131247597,Salem,Tamil Nadu,2025-07-14
3753,,Rao,user3753@gmail.com,,Hubli,Karnataka,2026-02-18
3798,Ramesh,Sharma,user3798@gmail.com,7457636201,Hyderabad,,2025-08-18
1772,Arjun,Rao,arjun.rao1772@gmail.com,7479160496,Nagpur,Maharashtra,2025-08-25
2098,Harsha,Sharma,harsha.sharma2098@gmail.com,9089905176,Mumbai,Maharashtra,2025-09-16
850,Manoj,Yadav,manoj.yadav850@gmail.com,7449529664,Guntur,Andhra Pradesh,2025-07-26
1985,Harsha,Singh,user9512@gmail.com,9808719741,@@@@,123,2025-07-02
1609,Ajay,Kumar,ajay.kumar1609@gmail.com,7022857299,Guntur,Andhra Pradesh,2026-02-26
380,Harsha,Singh,harsha.singh380@gmail.com,7528628314,Mysore,Karnataka,2026-05-01
3514,Ajay,Kumar,ajay.kumar3514@gmail.com,9366071705,Hubli,Karnataka,2026-03-11
2227,Praveen,Verma,praveen.verma2227@gmail.com,8269941446,Visakhapatnam,Andhra Pradesh,2025-11-04
4007,Anil,Singh,user4007@gmail.com,6340131709,Nashik,Maharashtra,
710,"Mahesh,Vrk,Kalyan",Rao,"mahesh,vrk,kalyan.rao710@gmail.com",9881295807,Chennai,Tamil Nadu,2026-03-09
115,Ravi,Mehta,ravi.mehta115@gmail.com,7588035728,Hubli,Karnataka,2026-02-06
1154,Kiran,Singh,kiran.singh1154@gmail.com,7224643066,Warangal,Telangana,2025-09-10
1705,@@@@,Mehta,user8616@gmail.com,8554420782,Karimnagar,Telangana,2026-04-09
2281,Kiran,Naidu,kiran.naidu2281@gmail.com,8979627266,Mysore,Karnataka,2025-12-10
1892,Ajay,Joshi,ajay.joshi1892@gmail.com,8963753001,Coimbatore,Tamil Nadu,2025-08-12
3076,Naveen,Sharma,naveen.sharma3076@gmail.com,9751187263,Mangalore,Karnataka,2026-06-19
1274,Suresh,Yadav,suresh.yadav1274@gmail.com,9985463547,Nagpur,Maharashtra,2026-02-15
195,Anil,Joshi,anil.joshi195@gmail.com,9133293006,Mangalore,Karnataka,2025-12-25
1454,Naveen,Gupta,naveen.gupta1454@gmail.com,9506119127,Hubli,Karnataka,2025-09-26
3462,Praveen,Kumar,praveen.kumar3462@gmail.com,8731746653,Nagpur,Maharashtra,2026-01-25
2739,Vikram,Patel,vikram.patel2739@gmail.com,9934523481,Nagpur,Maharashtra,2025-07-06
694,Anil,Kumar,anil.kumar694@gmail.com,6805404255,Karimnagar,Telangana,2025-11-09
3420,12345,Sharma,user2667@gmail.com,9440887368,9999,Tamil Nadu,2025-08-18
2506,Kiran,Gupta,kiran.gupta2506@gmail.com,8027820083,Hubli,Karnataka,2026-04-12
2937,"Mahesh,Vrk,Kalyan",Joshi,"mahesh,vrk,kalyan.joshi2937@gmail.com",7273781758,Hubli,Karnataka,2025-12-14
326,Varun,Joshi,varun.joshi326@gmail.com,7142647373,Madurai,Tamil Nadu,2025-07-15
2302,Kiran,Verma,kiran.verma2302@gmail.com,6361985136,Chennai,Tamil Nadu,2026-03-21
401,Kiran,Sharma,kiran.sharma401@gmail.com,9526934479,Hyderabad,Telangana,2026-04-14
2235,Manoj,Mehta,manoj.mehta2235@gmail.com,8766160806,Chennai,Tamil Nadu,2025-09-12
2093,Ajay,Sharma,ajay.sharma2093@gmail.com,7158460525,Hubli,Karnataka,2025-12-28
3116,Anil,Verma,anil.verma3116@gmail.com,8535714508,Hubli,Karnataka,2025-11-03
3702,Varun,,user3702@gmail.com,8364774638,Chennai,Tamil Nadu,2026-01-31
494,Rahul,Yadav,rahul.yadav494@gmail.com,8824518000,Hubli,Karnataka,2025-09-17
1306,Varun,Gupta,varun.gupta1306@gmail.com,8425521251,Madurai,Tamil Nadu,2025-11-23
1149,Anil,Patel,anil.patel1149@gmail.com,7091924320,Salem,Tamil Nadu,2025-12-17
3631,Rahul,Rao,rahul.rao3631@gmail.com,6352221952,Nizamabad,Telangana,2025-07-23
3585,Suresh,Gupta,suresh.gupta3585@gmail.com,9761129911,Tirupati,Andhra Pradesh,2025-09-28
4034,Sai,Rao,user4034@gmail.com,8799194735,,Maharashtra,2026-06-16
265,Naveen,Rao,naveen.rao265@gmail.com,6135134878,Tirupati,Andhra Pradesh,2026-02-18
7,Ramesh,Reddy,ramesh.reddy7@gmail.com,7046318370,Chennai,Tamil Nadu,2025-08-08
2032,Varun,Mehta,varun.mehta2032@gmail.com,9371345026,Mysore,Karnataka,2025-08-14
4496,Kiran,Kumar,user4542@gmail.com,7135360409,Chennai,Tamil Nadu,32-13-2025
321,Harsha,Gupta,harsha.gupta321@gmail.com,6701406108,Bangalore,Karnataka,2025-10-12
2246,Arjun,Kumar,arjun.kumar2246@gmail.com,7284225467,Nashik,Maharashtra,2025-07-27
2283,Arjun,Singh,arjun.singh2283@gmail.com,9213174235,Tirupati,Andhra Pradesh,2025-09-04
2981,Naveen,Reddy,naveen.reddy2981@gmail.com,7896645684,Guntur,Andhra Pradesh,2026-03-21
1970,Ajay,Kumar,ajay.kumar1970@gmail.com,8071868200,Mumbai,Maharashtra,2026-04-03
3163,Karthik,Singh,karthik.singh3163@gmail.com,7957267078,Coimbatore,Tamil Nadu,2026-05-13
1775,Arjun,Rao,arjun.rao1775@gmail.com,7267376633,Nagpur,Maharashtra,2026-03-11
2164,Arjun,Kumar,arjun.kumar2164@gmail.com,6744117372,Mumbai,Maharashtra,2026-03-24
660,Manoj,Gupta,manoj.gupta660@gmail.com,9281857307,Nizamabad,Telangana,2025-08-01
888,Suresh,Singh,suresh.singh888@gmail.com,7947864215,Hyderabad,Telangana,2026-05-16
560,Kiran,Reddy,kiran.reddy560@gmail.com,9124648408,Guntur,Andhra Pradesh,2026-04-18
219,Ramesh,Rao,user9688@gmail.com,8828175610,Vijayawada,###,2025-09-13
999,Ajay,Gupta,ajay.gupta999@gmail.com,9447522244,Mangalore,Karnataka,2025-12-20
3760,Vikram,,user3760@gmail.com,9159880865,Bangalore,Karnataka,2026-01-25
2504,Sai,Sharma,abc@,9587881360,Vijayawada,UNKNOWN_STATE,2026-03-05
2169,Ramesh,Naidu,ramesh.naidu2169@gmail.com,6522377042,Bangalore,Karnataka,2026-05-22
2165,Sai,Yadav,sai.yadav2165@gmail.com,8278618341,Warangal,Telangana,2025-09-07
1224,Kiran,Reddy,kiran.reddy1224@gmail.com,9357349948,Coimbatore,Tamil Nadu,2026-06-20
3200,Harsha,Mehta,harsha.mehta3200@gmail.com,7391050648,Visakhapatnam,Andhra Pradesh,2025-07-16
2006,Rahul,Yadav,rahul.yadav2006@gmail.com,7653983858,Pune,Maharashtra,2025-10-24
1507,"Mahesh,Vrk,Kalyan",Mehta,"mahesh,vrk,kalyan.mehta1507@gmail.com",7757561876,Nashik,Maharashtra,2026-01-27
4920,Harsha,123,user83@gmail.com,999,Salem,Tamil Nadu,2025-07-10
2988,Ramesh,Naidu,ramesh.naidu2988@gmail.com,7914773313,Bangalore,Karnataka,2026-05-05
CUST###,Anil,Naidu,user8709@gmail.com,7362395792,Guntur,Andhra Pradesh,2099-99-99
3319,Vikram,Singh,vikram.singh3319@gmail.com,6010074541,Warangal,Telangana,2026-03-07
1112,Praveen,Mehta,user4594@gmail.com,6967787557,@@@@,Telangana,2026-01-10
12,Anil,Verma,anil.verma12@gmail.com,6199872611,Chennai,Tamil Nadu,2025-11-20
1266,Vikram,Rao,vikram.rao1266@gmail.com,8075873938,Nizamabad,Telangana,2025-11-26
ABC123,Kiran,NULL,user247@gmail.com,9239164948,Nagpur,Maharashtra,2025-08-03
1077,Naveen,Verma,naveen.verma1077@gmail.com,7862669880,Nagpur,Maharashtra,2025-10-29
874,Anil,Verma,anil.verma874@gmail.com,7156258554,Salem,Tamil Nadu,2026-03-21
3168,Ajay,Singh,ajay.singh3168@gmail.com,7766035670,Warangal,Telangana,2025-11-16
2013,Anil,Mehta,anil.mehta2013@gmail.com,6282797834,Coimbatore,Tamil Nadu,2025-09-07
3402,Vikram,Patel,user9152@gmail.com,9679503272,123CITY,123,2026-04-11
2845,Praveen,Joshi,praveen.joshi2845@gmail.com,8159859096,Tirupati,Andhra Pradesh,2025-10-18
3077,Rahul,Kumar,rahul.kumar3077@gmail.com,6881770082,Hubli,Karnataka,2025-12-12
103,Anil,Gupta,anil.gupta103@gmail.com,9994107666,Visakhapatnam,Andhra Pradesh,2026-02-16
77,Arjun,Joshi,arjun.joshi77@gmail.com,7097286800,Nizamabad,Telangana,2026-05-05
1305,Harsha,Patel,harsha.patel1305@gmail.com,9305114656,Salem,Tamil Nadu,2026-05-05
543,Karthik,Kumar,karthik.kumar543@gmail.com,7304948130,Mangalore,Karnataka,2025-09-18
1650,Manoj,Mehta,manoj.mehta1650@gmail.com,8102169550,Pune,Maharashtra,2025-09-10
2407,Rahul,Yadav,rahul.yadav2407@gmail.com,6398212630,Hubli,Karnataka,2025-09-09
1138,Kiran,Naidu,kiran.naidu1138@gmail.com,9537125310,Coimbatore,Tamil Nadu,2026-02-26
400,Arjun,Sharma,arjun.sharma400@gmail.com,8232557198,Warangal,Telangana,2025-07-03
1113,Karthik,Yadav,karthik.yadav1113@gmail.com,8927364597,Karimnagar,Telangana,2025-11-30
1191,Varun,Verma,gmail.com,8479227832,Mumbai,###,2025-11-01
1977,Karthik,Sharma,karthik.sharma1977@gmail.com,6169148011,Mysore,Karnataka,2025-08-10
1415,Kiran,Gupta,kiran.gupta1415@gmail.com,9924377764,Nagpur,Maharashtra,2026-01-30
2841,Ramesh,Singh,ramesh.singh2841@gmail.com,8955405562,Visakhapatnam,Andhra Pradesh,2025-11-20
2202,Manoj,Reddy,manoj.reddy2202@gmail.com,7073469821,Hubli,Karnataka,2025-07-09
1467,Naveen,Naidu,naveen.naidu1467@gmail.com,9517047348,Chennai,Tamil Nadu,2025-12-05
1702,Harsha,Yadav,harsha.yadav1702@gmail.com,6407003140,Tirupati,Andhra Pradesh,2025-07-17
1770,Sai,Mehta,sai.mehta1770@gmail.com,6573883355,Pune,Maharashtra,2025-09-15
989,Anil,Naidu,anil.naidu989@gmail.com,8426732354,Tirupati,Andhra Pradesh,2025-11-25
1971,Ravi,Verma,ravi.verma1971@gmail.com,8501204620,Guntur,Andhra Pradesh,2025-08-31
2750,Kiran,Naidu,kiran.naidu2750@gmail.com,7138243508,Warangal,Telangana,2026-05-29
4158,Manoj,,user4158@gmail.com,9901040514,Bangalore,Karnataka,
603,Vikram,Patel,vikram.patel603@gmail.com,9706818223,Chennai,Tamil Nadu,2026-04-22
121,Arjun,Yadav,arjun.yadav121@gmail.com,7338510209,Nashik,Maharashtra,2025-12-16
1835,Manoj,Verma,user9635@gmail.com,999,Chennai,Tamil Nadu,2099-99-99
3059,Rahul,Verma,rahul.verma3059@gmail.com,9185213108,Coimbatore,Tamil Nadu,2025-07-16
1537,Arjun,Naidu,arjun.naidu1537@gmail.com,6514202298,Mumbai,Maharashtra,2025-08-14
1170,Vikram,Reddy,vikram.reddy1170@gmail.com,7363926496,Karimnagar,Telangana,2025-08-27
511,Anil,Verma,anil.verma511@gmail.com,8656796858,Nagpur,Maharashtra,2026-02-13
3353,Kiran,Patel,kiran.patel3353@gmail.com,7266037151,Mysore,Karnataka,2025-08-25
2792,Arjun,Rao,arjun.rao2792@gmail.com,7502663774,Nagpur,Maharashtra,2026-06-12
3488,Vikram,Mehta,vikram.mehta3488@gmail.com,6569194130,Madurai,Tamil Nadu,2026-02-24
3845,,Reddy,,7861286953,Mumbai,Maharashtra,2025-07-15
3748,Ramesh,Reddy,,,Nizamabad,Telangana,2025-10-01
2473,Ravi,Patel,ravi.patel2473@gmail.com,7153262787,Warangal,Telangana,2025-08-30
277,Ravi,Sharma,ravi.sharma277@gmail.com,6860775597,Warangal,Telangana,2026-02-07
3445,Harsha,Joshi,harsha.joshi3445@gmail.com,9612110186,Bangalore,Karnataka,2025-12-20
3479,Karthik,Reddy,karthik.reddy3479@gmail.com,9324471399,Hyderabad,Telangana,2026-05-16
3266,Suresh,Mehta,suresh.mehta3266@gmail.com,7382551456,Salem,Tamil Nadu,2025-11-16
2374,Suresh,Naidu,suresh.naidu2374@gmail.com,9877450465,Salem,Tamil Nadu,2026-05-30
233,Varun,Yadav,varun.yadav233@gmail.com,6693065338,Karimnagar,Telangana,2025-08-17
2097,Vikram,Gupta,vikram.gupta2097@gmail.com,7305099131,Chennai,Tamil Nadu,2025-08-02
3416,Arjun,Singh,arjun.singh3416@gmail.com,7149270013,Tirupati,Andhra Pradesh,2026-05-19
474,Rahul,Yadav,rahul.yadav474@gmail.com,7803491928,Mumbai,Maharashtra,2026-06-17
1574,Ravi,Verma,ravi.verma1574@gmail.com,6197105818,Nagpur,Maharashtra,2026-03-04
1452,Varun,Rao,varun.rao1452@gmail.com,9227794349,Mysore,Karnataka,2025-10-06
1083,Sai,Verma,sai.verma1083@gmail.com,9029699049,Madurai,Tamil Nadu,2025-12-11
503,Suresh,Yadav,suresh.yadav503@gmail.com,8981010656,Pune,Maharashtra,2026-01-03
939,Sai,Patel,sai.patel939@gmail.com,7113726100,Warangal,Telangana,2026-06-04
138,Ravi,Patel,ravi.patel138@gmail.com,9362115491,Madurai,Tamil Nadu,2026-05-09
4019,Naveen,Gupta,user4019@gmail.com,,,Tamil Nadu,2026-04-03
993,Sai,Yadav,sai.yadav993@gmail.com,9129907906,Mysore,Karnataka,2025-09-16
1964,Vikram,Joshi,vikram.joshi1964@gmail.com,8474455214,Tirupati,Andhra Pradesh,2026-04-04
2425,Ramesh,Verma,ramesh.verma2425@gmail.com,8762745226,Salem,Tamil Nadu,2025-12-26
1842,"Mahesh,Vrk,Kalyan",Rao,"mahesh,vrk,kalyan.rao1842@gmail.com",9244916651,Pune,Maharashtra,2025-08-04
2394,Vikram,Verma,vikram.verma2394@gmail.com,6623985980,Tirupati,Andhra Pradesh,2026-02-09
2695,Ajay,Sharma,ajay.sharma2695@gmail.com,6577387578,Guntur,Andhra Pradesh,2025-09-13
1547,Karthik,Rao,karthik.rao1547@gmail.com,9018184369,Warangal,Telangana,2026-04-14
2558,Harsha,Rao,harsha.rao2558@gmail.com,6655863762,Chennai,Tamil Nadu,2026-04-20
1139,Naveen,Kumar,naveen.kumar1139@gmail.com,9328851389,Tirupati,Andhra Pradesh,2025-11-04
INVALID,Varun,Rao,user5654@gmail.com,8627378034,Bangalore,Karnataka,2026-03-17
1511,Vikram,Kumar,vikram.kumar1511@gmail.com,7245560244,Karimnagar,Telangana,2025-11-01
638,Suresh,Yadav,suresh.yadav638@gmail.com,7487584301,Madurai,Tamil Nadu,2026-03-03
4750,12345,Verma,user5126@gmail.com,9974048920,Karimnagar,123,2025-08-27
307,Ajay,Mehta,ajay.mehta307@gmail.com,7759340643,Visakhapatnam,Andhra Pradesh,2026-05-07
1236,Naveen,Sharma,naveen.sharma1236@gmail.com,8406825470,Visakhapatnam,Andhra Pradesh,2025-10-27
3851,Varun,Reddy,user3851@gmail.com,8326282780,,Tamil Nadu,2026-04-29
59,Ravi,Reddy,ravi.reddy59@gmail.com,7219145828,Mangalore,Karnataka,2026-06-02
792,Ravi,Mehta,ravi.mehta792@gmail.com,6564568412,Mumbai,Maharashtra,2025-10-13
912,Naveen,Mehta,naveen.mehta912@gmail.com,9574309111,Hubli,Karnataka,2025-10-07
3375,"Mahesh,Vrk,Kalyan",Sharma,"mahesh,vrk,kalyan.sharma3375@gmail.com",7422549803,Coimbatore,Tamil Nadu,2025-07-18
1238,Ajay,Gupta,ajay.gupta1238@gmail.com,7733348821,Warangal,Telangana,2025-12-22
1097,"Mahesh,Vrk,Kalyan",Reddy,"mahesh,vrk,kalyan.reddy1097@gmail.com",7841061125,Vijayawada,Andhra Pradesh,2026-05-15
1062,Kiran,Mehta,kiran.mehta1062@gmail.com,6009513485,Guntur,Andhra Pradesh,2026-05-15
2685,Ramesh,Singh,ramesh.singh2685@gmail.com,8318612013,Salem,Tamil Nadu,2026-03-02
3491,Ravi,Singh,ravi.singh3491@gmail.com,6018681743,Nizamabad,Telangana,2026-04-05
3318,Sai,Mehta,sai.mehta3318@gmail.com,9919304235,Pune,Maharashtra,2026-05-19
1283,Anil,Rao,anil.rao1283@gmail.com,7972115362,Visakhapatnam,Andhra Pradesh,2025-11-28
934,Karthik,Joshi,karthik.joshi934@gmail.com,6706994909,Vijayawada,Andhra Pradesh,2026-02-02
2648,Vikram,Rao,vikram.rao2648@gmail.com,9414966750,Mysore,Karnataka,2025-11-07
2310,Praveen,Yadav,praveen.yadav2310@gmail.com,9783246288,Nizamabad,Telangana,2026-03-08
2929,Manoj,Rao,manoj.rao2929@gmail.com,6758786715,Pune,Maharashtra,2026-02-25
2467,Sai,Patel,sai.patel2467@gmail.com,9747994053,Guntur,Andhra Pradesh,2025-10-06
2083,Ajay,Singh,ajay.singh2083@gmail.com,8767671968,Bangalore,Karnataka,2025-11-18
3865,,Rao,user3865@gmail.com,6215946898,Nashik,Maharashtra,
2707,12345,Reddy,user6527@gmail.com,7487321378,Salem,Tamil Nadu,2026-01-30
165,Sai,Kumar,sai.kumar165@gmail.com,8496248797,Nizamabad,Telangana,2025-07-31
809,"Mahesh,Vrk,Kalyan",Rao,"mahesh,vrk,kalyan.rao809@gmail.com",9738480906,Coimbatore,Tamil Nadu,2026-05-14
5265,Naveen,Kumar,user3454@gmail.com,9343139652,Salem,123,2025-10-30
1388,Suresh,Joshi,suresh.joshi1388@gmail.com,9548886182,Madurai,Tamil Nadu,2025-10-30
661,"Mahesh,Vrk,Kalyan",Yadav,"mahesh,vrk,kalyan.yadav661@gmail.com",6943871486,Karimnagar,Telangana,2026-03-07
324,Sai,Singh,sai.singh324@gmail.com,8027028547,Bangalore,Karnataka,2026-04-13
3730,"Mahesh,Vrk,Kalyan",,user3730@gmail.com,9513812244,,Telangana,2025-10-30
4983,9999,Reddy,user233@gmail.com,8675248654,Tirupati,Andhra Pradesh,2025-09-02
2905,Ravi,Rao,ravi.rao2905@gmail.com,8858656587,Bangalore,Karnataka,2025-07-07
2948,Karthik,Rao,karthik.rao2948@gmail.com,6873607850,Mysore,Karnataka,2025-11-28
5785,Kiran,Verma,@test,9721007259,Guntur,Andhra Pradesh,2025-09-16
1779,Sai,Verma,sai.verma1779@gmail.com,6442193652,Coimbatore,Tamil Nadu,2026-03-15
453,Harsha,Singh,harsha.singh453@gmail.com,7255868502,Mangalore,Karnataka,2025-08-12
3659,Varun,Patel,,9242736012,Guntur,Andhra Pradesh,2025-12-21
2231,Ramesh,Reddy,ramesh.reddy2231@gmail.com,7499038511,Mangalore,Karnataka,2026-04-16
2798,Anil,Mehta,anil.mehta2798@gmail.com,9268992237,Visakhapatnam,Andhra Pradesh,2026-03-22
731,Sai,Gupta,sai.gupta731@gmail.com,6502492835,Mumbai,Maharashtra,2025-10-10
60,Ajay,Joshi,ajay.joshi60@gmail.com,8692718283,Chennai,Tamil Nadu,2026-04-26
3322,Harsha,Kumar,harsha.kumar3322@gmail.com,7249290569,Hyderabad,Telangana,2025-09-06
314,Harsha,Patel,harsha.patel314@gmail.com,8205887839,Hyderabad,Telangana,2025-10-23
3723,"Mahesh,Vrk,Kalyan",Naidu,user3723@gmail.com,,Hyderabad,Telangana,2026-05-31
78,Varun,Gupta,varun.gupta78@gmail.com,9979141109,Bangalore,Karnataka,2026-06-09
399,Kiran,Naidu,kiran.naidu399@gmail.com,7181734958,Salem,Tamil Nadu,2026-04-29
3511,Rahul,Reddy,rahul.reddy3511@gmail.com,7210416675,Guntur,Andhra Pradesh,2025-07-04
1273,Vikram,Joshi,vikram.joshi1273@gmail.com,8020787702,Mangalore,Karnataka,2026-04-19
2742,Anil,Patel,anil.patel2742@gmail.com,7095205849,Hubli,Karnataka,2025-12-13
847,Arjun,Verma,arjun.verma847@gmail.com,8810913499,Warangal,Telangana,2025-09-21
3850,,Singh,user3850@gmail.com,7333669078,Mangalore,Karnataka,2026-01-01
3112,Praveen,Mehta,praveen.mehta3112@gmail.com,6478952281,Bangalore,Karnataka,2025-07-16
2583,Sai,Joshi,sai.joshi2583@gmail.com,7433098287,Pune,Maharashtra,2026-02-03
164,Varun,Reddy,varun.reddy164@gmail.com,8545039595,Guntur,Andhra Pradesh,2025-08-08
3189,Manoj,Sharma,manoj.sharma3189@gmail.com,7347484308,Nizamabad,Telangana,2026-05-31
2809,Anil,Naidu,anil.naidu2809@gmail.com,6993864358,Hyderabad,Telangana,2025-11-04
3392,Suresh,Singh,suresh.singh3392@gmail.com,9592340042,Hyderabad,Telangana,2026-03-10
2646,Ravi,Verma,ravi.verma2646@gmail.com,7647546437,Nagpur,Maharashtra,2025-11-21
1581,Karthik,Reddy,karthik.reddy1581@gmail.com,7761222793,Tirupati,Andhra Pradesh,2025-07-11
CUST###,Ravi,Singh,user3664@gmail.com,7409943015,Nizamabad,Telangana,NOT_A_DATE
1940,Anil,Patel,anil.patel1940@gmail.com,7774541898,Mysore,Karnataka,2026-02-13
3877,Varun,Verma,user3877@gmail.com,,Nagpur,Maharashtra,2026-05-15
4022,Praveen,,user4022@gmail.com,6943878874,Hubli,,2025-10-14
3421,Kiran,Naidu,kiran.naidu3421@gmail.com,7812358597,Nizamabad,Telangana,2025-06-23
INVALID,Praveen,Yadav,user1076@gmail.com,8137776626,Coimbatore,Tamil Nadu,2025-08-08
3974,Harsha,,user3974@gmail.com,7908987505,Mysore,Karnataka,
455,Karthik,Sharma,karthik.sharma455@gmail.com,7321354091,Madurai,Tamil Nadu,2026-01-30
402,"Mahesh,Vrk,Kalyan",Kumar,"mahesh,vrk,kalyan.kumar402@gmail.com",7995373642,Nagpur,Maharashtra,2025-07-14
3823,Varun,###,user3775@gmail.com,8603204032,Hyderabad,Telangana,2025-10-16
2697,Rahul,Kumar,rahul.kumar2697@gmail.com,8294785339,Mangalore,Karnataka,2025-11-03
801,Suresh,Joshi,suresh.joshi801@gmail.com,8945590172,Madurai,Tamil Nadu,2025-07-14
3128,Arjun,Mehta,arjun.mehta3128@gmail.com,7310715980,Warangal,Telangana,2026-02-17
2428,Kiran,Gupta,kiran.gupta2428@gmail.com,7602658675,Hyderabad,Telangana,2026-01-16
1525,Anil,Naidu,user8884@gmail.com,7718030229,@@@@,Karnataka,NOT_A_DATE
741,Arjun,Naidu,arjun.naidu741@gmail.com,7344436287,Hubli,Karnataka,2026-01-12
1897,Naveen,Rao,naveen.rao1897@gmail.com,6636324628,Tirupati,Andhra Pradesh,2025-09-27
673,Varun,Gupta,varun.gupta673@gmail.com,9462233475,Nizamabad,Telangana,2025-11-01
2731,@@@@,Yadav,user4215@gmail.com,6279965532,Mysore,Karnataka,NOT_A_DATE
INVALID,"Mahesh,Vrk,Kalyan",Singh,user1824@gmail.com,7405349908,Visakhapatnam,Andhra Pradesh,NOT_A_DATE
1381,Karthik,Kumar,karthik.kumar1381@gmail.com,8586578821,Salem,Tamil Nadu,2025-09-07
3793,Manoj,,user3793@gmail.com,,Mumbai,Maharashtra,2026-05-16
1014,Ajay,Singh,ajay.singh1014@gmail.com,9248886600,Vijayawada,Andhra Pradesh,2026-01-12
2502,"Mahesh,Vrk,Kalyan",Singh,"mahesh,vrk,kalyan.singh2502@gmail.com",8396308864,Mysore,Karnataka,2026-06-07
5142,Varun,NULL,user5697@gmail.com,8672569720,Bangalore,###,2026-05-21
1469,Rahul,Mehta,rahul.mehta1469@gmail.com,9017322656,Tirupati,Andhra Pradesh,2025-11-21
126,Sai,Verma,sai.verma126@gmail.com,8536196591,Visakhapatnam,Andhra Pradesh,2025-09-17
3178,Praveen,Mehta,praveen.mehta3178@gmail.com,6175171433,Nashik,Maharashtra,2026-01-08
2001,Ravi,Joshi,ravi.joshi2001@gmail.com,8023330540,Coimbatore,Tamil Nadu,2025-09-03
3359,Harsha,Rao,harsha.rao3359@gmail.com,8900528855,Guntur,Andhra Pradesh,2026-01-16
4092,@@@@,Naidu,user6017@gmail.com,6206693136,Guntur,Andhra Pradesh,2025-10-01
3524,Karthik,Mehta,karthik.mehta3524@gmail.com,7950187420,Hubli,Karnataka,2026-05-20
4064,Arjun,Reddy,user4064@gmail.com,,Mangalore,Karnataka,
3269,Anil,Kumar,anil.kumar3269@gmail.com,6338235639,Hubli,Karnataka,2025-11-26
1117,Harsha,Naidu,harsha.naidu1117@gmail.com,6450691016,Guntur,Andhra Pradesh,2026-03-11
2834,Harsha,Patel,harsha.patel2834@gmail.com,6294919619,Bangalore,Karnataka,2026-02-18
1548,Suresh,Sharma,suresh.sharma1548@gmail.com,6293241969,Guntur,Andhra Pradesh,2026-05-30
2080,"Mahesh,Vrk,Kalyan",Yadav,"mahesh,vrk,kalyan.yadav2080@gmail.com",9368106855,Chennai,Tamil Nadu,2025-08-24
2249,Vikram,Naidu,vikram.naidu2249@gmail.com,8016391875,Mangalore,Karnataka,2025-12-25
719,Manoj,Patel,manoj.patel719@gmail.com,7030522807,Karimnagar,Telangana,2025-12-05
1714,Naveen,Rao,naveen.rao1714@gmail.com,7628458094,Hyderabad,Telangana,2025-07-26
1360,Karthik,Patel,karthik.patel1360@gmail.com,7698479068,Chennai,Tamil Nadu,2026-03-06
1951,Karthik,Naidu,karthik.naidu1951@gmail.com,7848083533,Nizamabad,Telangana,2025-11-18
3871,Varun,Reddy,user3871@gmail.com,9644102087,,Maharashtra,2026-06-03
2810,Varun,Singh,user835@gmail.com,PHONE,Bangalore,Karnataka,NOT_A_DATE
3447,Arjun,Patel,arjun.patel3447@gmail.com,8036709495,Guntur,Andhra Pradesh,2026-03-04
464,Suresh,Gupta,suresh.gupta464@gmail.com,9017073412,Vijayawada,Andhra Pradesh,2026-04-20
1137,Kiran,Naidu,kiran.naidu1137@gmail.com,8456699640,Karimnagar,Telangana,2026-05-18
1953,Praveen,Sharma,praveen.sharma1953@gmail.com,9192622711,Madurai,Tamil Nadu,2025-10-15
2744,Karthik,Naidu,karthik.naidu2744@gmail.com,7581187027,Karimnagar,Telangana,2026-06-17
1223,Varun,Reddy,varun.reddy1223@gmail.com,7287594511,Guntur,Andhra Pradesh,2026-05-29
1311,Sai,Mehta,sai.mehta1311@gmail.com,7385455624,Vijayawada,Andhra Pradesh,2026-06-19
3160,Rahul,Gupta,rahul.gupta3160@gmail.com,6129882647,Mysore,Karnataka,2025-12-31
3714,Sai,Mehta,user3714@gmail.com,,Mumbai,,2026-04-21
729,Arjun,Joshi,arjun.joshi729@gmail.com,6000164322,Nagpur,Maharashtra,2025-09-26
3136,Arjun,Patel,arjun.patel3136@gmail.com,8714033076,Pune,Maharashtra,2026-02-24
3163,Karthik,Singh,karthik.singh3163@gmail.com,7957267078,Coimbatore,Tamil Nadu,2026-05-13
1346,Karthik,Yadav,karthik.yadav1346@gmail.com,7786907369,Tirupati,Andhra Pradesh,2026-02-21
64,Sai,Yadav,sai.yadav64@gmail.com,9413399146,Nashik,Maharashtra,2026-02-24
1250,Vikram,Joshi,vikram.joshi1250@gmail.com,6344426289,Vijayawada,Andhra Pradesh,2025-10-24
461,Harsha,Yadav,harsha.yadav461@gmail.com,7333651232,Chennai,Tamil Nadu,2025-10-20
2621,"Mahesh,Vrk,Kalyan",Kumar,"mahesh,vrk,kalyan.kumar2621@gmail.com",9901382020,Mangalore,Karnataka,2025-10-23
3270,Manoj,Yadav,manoj.yadav3270@gmail.com,7780102854,Nashik,Maharashtra,2026-05-31
2038,"Mahesh,Vrk,Kalyan",Patel,"mahesh,vrk,kalyan.patel2038@gmail.com",8930395886,Mysore,Karnataka,2025-07-14
1886,"Mahesh,Vrk,Kalyan",Verma,"mahesh,vrk,kalyan.verma1886@gmail.com",7228879104,Hubli,Karnataka,2026-05-01
573,Vikram,Sharma,vikram.sharma573@gmail.com,6590433938,Hubli,Karnataka,2026-05-19
3229,"Mahesh,Vrk,Kalyan",Reddy,"mahesh,vrk,kalyan.reddy3229@gmail.com",8944616529,Tirupati,Andhra Pradesh,2025-08-27
4114,Rahul,Naidu,user4114@gmail.com,7530660434,,Karnataka,2026-02-17
3633,Rahul,Verma,rahul.verma3633@gmail.com,6484612525,Hubli,Karnataka,2025-11-02
3658,Manoj,Sharma,user4112@gmail.com,8898799400,9999,Andhra Pradesh,2099-99-99
3058,Vikram,Gupta,vikram.gupta3058@gmail.com,8897967409,Mumbai,Maharashtra,2025-12-25
490,Suresh,Kumar,suresh.kumar490@gmail.com,6919577014,Tirupati,Andhra Pradesh,2026-04-09
1878,Ravi,Kumar,ravi.kumar1878@gmail.com,6050110326,Mangalore,Karnataka,2025-09-15
1732,Ramesh,Singh,ramesh.singh1732@gmail.com,9152090255,Chennai,Tamil Nadu,2025-10-12
5687,Arjun,Sharma,user3781@gmail.com,8535108856,Hyderabad,UNKNOWN_STATE,2025-07-06
600,Varun,Joshi,varun.joshi600@gmail.com,8232743192,Nashik,Maharashtra,2026-05-23
1648,Vikram,Naidu,vikram.naidu1648@gmail.com,6650424643,Pune,Maharashtra,2025-09-08
1380,Arjun,Mehta,arjun.mehta1380@gmail.com,8057961547,Mysore,Karnataka,2026-03-02
3302,Harsha,Yadav,harsha.yadav3302@gmail.com,8351196584,Karimnagar,Telangana,2025-07-15
3278,Naveen,Patel,naveen.patel3278@gmail.com,8048678440,Mysore,Karnataka,2025-07-13
2820,Sai,Sharma,sai.sharma2820@gmail.com,9453570255,Vijayawada,Andhra Pradesh,2026-04-21
2096,Anil,Gupta,anil.gupta2096@gmail.com,8048059845,Bangalore,Karnataka,2026-01-20
3366,Ajay,Patel,ajay.patel3366@gmail.com,6609752536,Hubli,Karnataka,2025-09-05
2911,Harsha,Reddy,harsha.reddy2911@gmail.com,7102085415,Mysore,Karnataka,2026-05-16
2193,Ravi,Joshi,ravi.joshi2193@gmail.com,6001060984,Mangalore,Karnataka,2026-01-30
436,Rahul,Gupta,rahul.gupta436@gmail.com,6327284180,Karimnagar,Telangana,2025-10-21
1605,Naveen,Patel,user3410@gmail.com,123,Vijayawada,###,2026-05-14
2131,"Mahesh,Vrk,Kalyan",Patel,"mahesh,vrk,kalyan.patel2131@gmail.com",7081566316,Hyderabad,Telangana,2025-10-17
4123,,Verma,,9143035650,Bangalore,Karnataka,2026-06-22
2849,Arjun,Naidu,arjun.naidu2849@gmail.com,8200663346,Tirupati,Andhra Pradesh,2025-12-18
2901,Varun,Rao,varun.rao2901@gmail.com,7573942033,Visakhapatnam,Andhra Pradesh,2025-09-18
3289,Ravi,Kumar,ravi.kumar3289@gmail.com,9127534734,Mangalore,Karnataka,2026-04-15
3441,Anil,Naidu,anil.naidu3441@gmail.com,8219397538,Pune,Maharashtra,2025-08-12
4036,Arjun,Sharma,user4036@gmail.com,8951405351,,Karnataka,2026-06-18
4084,Praveen,Verma,user4084@gmail.com,,Mangalore,Karnataka,2026-05-24
550,Harsha,123,user7795@gmail.com,8075257365,Bangalore,Karnataka,2026-04-18
4078,Ravi,Yadav,user4078@gmail.com,7772318875,Coimbatore,,2025-08-08
116,Praveen,Gupta,gmail.com,6880927328,Tirupati,Andhra Pradesh,2026-04-30
2552,Varun,Yadav,varun.yadav2552@gmail.com,6095240610,Madurai,Tamil Nadu,2025-06-29
839,Rahul,Verma,rahul.verma839@gmail.com,6170242605,Mangalore,Karnataka,2026-01-10
4023,Karthik,Rao,user4023@gmail.com,,Tirupati,,2025-06-27
1090,Ravi,Kumar,ravi.kumar1090@gmail.com,9251868920,Chennai,Tamil Nadu,2026-05-11
3304,Ravi,Kumar,ravi.kumar3304@gmail.com,8279296102,Hyderabad,Telangana,2026-06-20
1987,Arjun,Rao,arjun.rao1987@gmail.com,9171244323,Vijayawada,Andhra Pradesh,2025-06-28
1667,Arjun,Gupta,arjun.gupta1667@gmail.com,7837793362,Mysore,Karnataka,2025-07-04
1992,Kiran,Gupta,kiran.gupta1992@gmail.com,7055524687,Mangalore,Karnataka,2025-11-07
2982,Naveen,Patel,naveen.patel2982@gmail.com,9222541677,Hubli,Karnataka,2026-02-13
335,Manoj,Rao,manoj.rao335@gmail.com,8390701000,Madurai,Tamil Nadu,2025-07-06
2972,Kiran,Mehta,kiran.mehta2972@gmail.com,9940878436,Nagpur,Maharashtra,2025-10-02
1860,12345,NULL,user6708@gmail.com,6216828695,Visakhapatnam,Andhra Pradesh,2026-03-08
3841,Rahul,Reddy,user3841@gmail.com,9706015953,Nagpur,Maharashtra,
CUST###,Ravi,Verma,user8097@gmail.com,8022144623,Madurai,Tamil Nadu,2026-02-05
28,Manoj,Singh,manoj.singh28@gmail.com,8881635556,Vijayawada,Andhra Pradesh,2025-07-31
1065,Karthik,Patel,karthik.patel1065@gmail.com,8637949188,Madurai,Tamil Nadu,2026-02-08
3937,,Patel,user3937@gmail.com,7646211701,Mysore,,2026-05-28
229,Kiran,Verma,kiran.verma229@gmail.com,6404347063,Pune,Maharashtra,2025-10-14
1997,Karthik,Reddy,karthik.reddy1997@gmail.com,8549952778,Madurai,Tamil Nadu,2026-03-12
3302,Harsha,Yadav,harsha.yadav3302@gmail.com,8351196584,Karimnagar,Telangana,2025-07-15
ABC123,12345,Singh,user9143@gmail.com,6362977623,Warangal,Telangana,2026-05-16
3879,Praveen,,user3879@gmail.com,8569750195,Bangalore,Karnataka,2025-09-12
ABC123,Vikram,Naidu,user9566@gmail.com,6488090586,Nashik,UNKNOWN_STATE,2025-10-20
3088,Ravi,Patel,ravi.patel3088@gmail.com,6268959568,Hubli,Karnataka,2025-11-30
896,Kiran,Reddy,kiran.reddy896@gmail.com,9796022023,Salem,Tamil Nadu,2025-08-18
3756,,Naidu,user3756@gmail.com,8782359824,Tirupati,,2025-07-11
3751,Harsha,Rao,,9136543901,Chennai,Tamil Nadu,2026-02-01
2755,Anil,Sharma,anil.sharma2755@gmail.com,9407011807,Chennai,Tamil Nadu,2026-01-29
471,Varun,Rao,varun.rao471@gmail.com,6924805778,Nagpur,Maharashtra,2025-09-03
2210,Ramesh,Gupta,ramesh.gupta2210@gmail.com,7422958868,Hubli,Karnataka,2026-04-12
418,Ramesh,Naidu,ramesh.naidu418@gmail.com,9703604967,Guntur,Andhra Pradesh,2025-12-21
999,Ajay,Gupta,ajay.gupta999@gmail.com,9447522244,Mangalore,Karnataka,2025-12-20
2810,Ajay,Gupta,user1308@gmail.com,9176432733,123CITY,Karnataka,2025-08-24
3764,Ajay,Reddy,user3764@gmail.com,9007386221,Vijayawada,,2025-10-20
2582,Manoj,Yadav,manoj.yadav2582@gmail.com,7366149580,Madurai,Tamil Nadu,2026-06-14
3775,,Gupta,user3775@gmail.com,7059989900,Visakhapatnam,Andhra Pradesh,2026-05-05
1856,Ajay,Rao,ajay.rao1856@gmail.com,8697718959,Tirupati,Andhra Pradesh,2026-03-05
3166,Rahul,Mehta,rahul.mehta3166@gmail.com,9047955451,Mangalore,Karnataka,2026-01-31
1046,Anil,Kumar,anil.kumar1046@gmail.com,9062478816,Karimnagar,Telangana,2025-12-09
198,Varun,Rao,varun.rao198@gmail.com,7395251709,Guntur,Andhra Pradesh,2026-03-31
1797,Harsha,Kumar,harsha.kumar1797@gmail.com,6996045875,Vijayawada,Andhra Pradesh,2026-04-26
1047,Karthik,Gupta,karthik.gupta1047@gmail.com,7823490537,Hyderabad,Telangana,2026-06-13
3896,,Singh,user3896@gmail.com,6728598816,,Maharashtra,2025-08-25
3828,Rahul,Joshi,user3828@gmail.com,,Mysore,,2026-01-17
3275,"Mahesh,Vrk,Kalyan",Yadav,"mahesh,vrk,kalyan.yadav3275@gmail.com",8229038264,Karimnagar,Telangana,2025-10-06
1188,Sai,Reddy,sai.reddy1188@gmail.com,6461075743,Hyderabad,Telangana,2026-01-19
547,Ajay,Patel,ajay.patel547@gmail.com,7166406699,Bangalore,Karnataka,2025-10-12
1521,Suresh,Joshi,suresh.joshi1521@gmail.com,6254578853,Mangalore,Karnataka,2025-07-18
3711,Manoj,Mehta,user7117@gmail.com,9989094129,123CITY,Maharashtra,2025-09-19
1027,Arjun,Sharma,arjun.sharma1027@gmail.com,7989229933,Chennai,Tamil Nadu,2026-02-23
752,Karthik,Sharma,karthik.sharma752@gmail.com,9490642060,Nagpur,Maharashtra,2025-10-03
1708,Arjun,Rao,arjun.rao1708@gmail.com,9650245700,Hubli,Karnataka,2026-01-18
2859,Ravi,Yadav,ravi.yadav2859@gmail.com,7012439593,Pune,Maharashtra,2025-09-15
2424,Kiran,Yadav,kiran.yadav2424@gmail.com,7174599805,Guntur,Andhra Pradesh,2026-05-14
1550,"Mahesh,Vrk,Kalyan",Kumar,"mahesh,vrk,kalyan.kumar1550@gmail.com",9733901699,Coimbatore,Tamil Nadu,2026-03-19
3154,Varun,Mehta,user1676@gmail.com,9655409321,Hyderabad,###,2025-10-14
3578,Ajay,Singh,ajay.singh3578@gmail.com,8041020852,Bangalore,Karnataka,2025-08-06
4012,Kiran,Rao,@test,123,Coimbatore,Tamil Nadu,2025-08-03
2968,Karthik,Reddy,karthik.reddy2968@gmail.com,9468753222,Hubli,Karnataka,2026-06-03
1001,"Mahesh,Vrk,Kalyan",Verma,"mahesh,vrk,kalyan.verma1001@gmail.com",7119853752,Vijayawada,Andhra Pradesh,2025-11-14
621,Arjun,Singh,arjun.singh621@gmail.com,7657262577,Bangalore,Karnataka,2025-12-21
465,Anil,Mehta,anil.mehta465@gmail.com,6424503038,Nagpur,Maharashtra,2026-03-10
3810,Anil,,user3810@gmail.com,9533172706,Hubli,,2026-03-25
3912,Manoj,Sharma,user3912@gmail.com,7489948943,Guntur,,2026-04-23
1763,Praveen,Singh,praveen.singh1763@gmail.com,9424208253,Mysore,Karnataka,2026-06-23
1366,Praveen,Verma,abc@,7078379318,123CITY,Maharashtra,2026-01-07
3095,Rahul,Rao,rahul.rao3095@gmail.com,8304246447,Chennai,Tamil Nadu,2025-11-21
2424,Kiran,Yadav,kiran.yadav2424@gmail.com,7174599805,Guntur,Andhra Pradesh,2026-05-14
1716,"Mahesh,Vrk,Kalyan",Reddy,"mahesh,vrk,kalyan.reddy1716@gmail.com",7769690421,Mysore,Karnataka,2026-04-17
2883,"Mahesh,Vrk,Kalyan",Sharma,"mahesh,vrk,kalyan.sharma2883@gmail.com",9490964128,Coimbatore,Tamil Nadu,2026-01-07
721,Ravi,Rao,ravi.rao721@gmail.com,8447229118,Visakhapatnam,Andhra Pradesh,2026-03-21
246,Arjun,Gupta,arjun.gupta246@gmail.com,6137590877,Salem,Tamil Nadu,2025-09-23
223,Kiran,Mehta,kiran.mehta223@gmail.com,6501265976,Bangalore,Karnataka,2025-07-04
3180,Manoj,Reddy,manoj.reddy3180@gmail.com,8833997001,Guntur,Andhra Pradesh,2025-12-27
690,Praveen,Yadav,praveen.yadav690@gmail.com,6980768587,Nagpur,Maharashtra,2025-07-04
1950,Kiran,Kumar,kiran.kumar1950@gmail.com,7867767571,Hubli,Karnataka,2025-10-18
1259,Harsha,Sharma,harsha.sharma1259@gmail.com,8906966057,Warangal,Telangana,2026-02-26
428,Rahul,Rao,rahul.rao428@gmail.com,6890685269,Bangalore,Karnataka,2026-02-16
560,Kiran,Reddy,kiran.reddy560@gmail.com,9124648408,Guntur,Andhra Pradesh,2026-04-18
1013,Praveen,Mehta,praveen.mehta1013@gmail.com,6844123847,Pune,Maharashtra,2025-12-26
3589,"Mahesh,Vrk,Kalyan",Rao,"mahesh,vrk,kalyan.rao3589@gmail.com",9983104249,Coimbatore,Tamil Nadu,2026-04-21
2993,Kiran,Yadav,kiran.yadav2993@gmail.com,7758263951,Tirupati,Andhra Pradesh,2026-03-10
822,Naveen,Patel,naveen.patel822@gmail.com,7383250815,Salem,Tamil Nadu,2026-03-23
1686,Harsha,Rao,harsha.rao1686@gmail.com,7357753223,Chennai,Tamil Nadu,2026-05-08
3155,Anil,Rao,anil.rao3155@gmail.com,6124319502,Nashik,Maharashtra,2025-11-04
1681,Praveen,Patel,praveen.patel1681@gmail.com,7464862806,Guntur,Andhra Pradesh,2026-01-26
2215,Rahul,Joshi,rahul.joshi2215@gmail.com,6976605841,Vijayawada,Andhra Pradesh,2026-02-17
2219,Sai,Gupta,user6185@gmail.com,9607078065,Nizamabad,123,2026-06-13
3354,Ramesh,Reddy,ramesh.reddy3354@gmail.com,6703562299,Visakhapatnam,Andhra Pradesh,2026-04-22
2550,Harsha,Rao,harsha.rao2550@gmail.com,7420108518,Vijayawada,Andhra Pradesh,2025-10-08
1740,Ramesh,Rao,ramesh.rao1740@gmail.com,6655848159,Warangal,Telangana,2026-02-14
2482,Rahul,Verma,rahul.verma2482@gmail.com,6513892029,Bangalore,Karnataka,2025-12-19
3335,Rahul,Sharma,rahul.sharma3335@gmail.com,8758990049,Tirupati,Andhra Pradesh,2026-05-11
1029,"Mahesh,Vrk,Kalyan",Verma,"mahesh,vrk,kalyan.verma1029@gmail.com",7353281762,Hyderabad,Telangana,2025-08-27
1787,Varun,Mehta,varun.mehta1787@gmail.com,6400628383,Coimbatore,Tamil Nadu,2026-06-12
3957,Ajay,,user3957@gmail.com,8664741054,,Maharashtra,2026-01-09
706,Harsha,Singh,harsha.singh706@gmail.com,7858331037,Hubli,Karnataka,2026-06-06
2835,Anil,Verma,anil.verma2835@gmail.com,8045653084,Pune,Maharashtra,2025-07-22
1281,Ravi,Rao,ravi.rao1281@gmail.com,8597578182,Guntur,Andhra Pradesh,2026-02-16
2551,Arjun,Patel,arjun.patel2551@gmail.com,7023557780,Guntur,Andhra Pradesh,2025-12-13
2239,Sai,Gupta,sai.gupta2239@gmail.com,8581211624,Mangalore,Karnataka,2026-06-11
2540,Harsha,Reddy,harsha.reddy2540@gmail.com,9455246050,Guntur,Andhra Pradesh,2025-08-17
799,Harsha,Mehta,harsha.mehta799@gmail.com,9073517112,Mysore,Karnataka,2025-10-22
2992,Varun,Kumar,varun.kumar2992@gmail.com,7672348835,Madurai,Tamil Nadu,2025-08-02
2588,Sai,Verma,sai.verma2588@gmail.com,6977247628,Madurai,Tamil Nadu,2025-06-26
1441,Ramesh,Sharma,ramesh.sharma1441@gmail.com,7757637991,Madurai,Tamil Nadu,2025-10-27
CUST###,Ajay,Gupta,@test,6281361826,Nashik,Maharashtra,2026-04-29
70,Rahul,Rao,rahul.rao70@gmail.com,9377511008,Guntur,Andhra Pradesh,2026-05-09
1936,Vikram,Mehta,vikram.mehta1936@gmail.com,7955893045,Coimbatore,Tamil Nadu,2026-05-08
2897,Arjun,Singh,arjun.singh2897@gmail.com,8308191022,Vijayawada,Andhra Pradesh,2026-06-09
1104,Harsha,Gupta,harsha.gupta1104@gmail.com,8911911679,Mysore,Karnataka,2025-11-09
530,Harsha,Patel,harsha.patel530@gmail.com,8077957025,Hubli,Karnataka,2026-01-11
3397,Ravi,Singh,ravi.singh3397@gmail.com,7333128812,Tirupati,Andhra Pradesh,2025-09-12
244,Harsha,Singh,harsha.singh244@gmail.com,8490898252,Hyderabad,Telangana,2025-09-08
1932,Anil,Gupta,anil.gupta1932@gmail.com,7817858247,Pune,Maharashtra,2025-08-04
4110,,Reddy,user4110@gmail.com,6980326193,,Tamil Nadu,2026-01-06
728,Manoj,Mehta,manoj.mehta728@gmail.com,8526983444,Mumbai,Maharashtra,2025-09-15
3831,Vikram,Rao,user3831@gmail.com,,Salem,Tamil Nadu,2025-10-19
3387,Harsha,Gupta,harsha.gupta3387@gmail.com,6134275423,Visakhapatnam,Andhra Pradesh,2025-09-16
ABC123,Ravi,Rao,@test,8831291438,Warangal,Telangana,2025-09-01
3954,Praveen,Sharma,user3954@gmail.com,6295654341,Mysore,Karnataka,
372,Suresh,Joshi,suresh.joshi372@gmail.com,7967706991,Nagpur,Maharashtra,2025-07-06
INVALID,Sai,Reddy,user759@gmail.com,6820148472,Visakhapatnam,Andhra Pradesh,2025-07-15
3911,Suresh,Joshi,user3911@gmail.com,7420717456,Coimbatore,Tamil Nadu,
1796,Harsha,Joshi,harsha.joshi1796@gmail.com,6838889156,Warangal,Telangana,2025-06-26
384,Praveen,Rao,praveen.rao384@gmail.com,8077485309,Warangal,Telangana,2025-10-18
2852,Sai,Gupta,sai.gupta2852@gmail.com,7681545205,Madurai,Tamil Nadu,2026-04-24
3227,Vikram,Gupta,vikram.gupta3227@gmail.com,9664473244,Nizamabad,Telangana,2026-01-17
3327,Vikram,Patel,vikram.patel3327@gmail.com,9762117461,Visakhapatnam,Andhra Pradesh,2025-08-20
626,"Mahesh,Vrk,Kalyan",Singh,"mahesh,vrk,kalyan.singh626@gmail.com",8245153168,Salem,Tamil Nadu,2026-01-26
1024,Vikram,Sharma,vikram.sharma1024@gmail.com,7577709661,Madurai,Tamil Nadu,2025-09-15
2950,Karthik,Patel,karthik.patel2950@gmail.com,7202673322,Hubli,Karnataka,2026-01-15
1032,Varun,Gupta,varun.gupta1032@gmail.com,9383902707,Bangalore,Karnataka,2026-01-24
2795,Karthik,Mehta,karthik.mehta2795@gmail.com,7557608733,Karimnagar,Telangana,2026-05-07
415,Ramesh,Verma,ramesh.verma415@gmail.com,9452123071,Mysore,Karnataka,2026-01-17
1539,Manoj,Joshi,manoj.joshi1539@gmail.com,8275429510,Madurai,Tamil Nadu,2025-07-29
1862,Varun,Singh,varun.singh1862@gmail.com,8048915805,Chennai,Tamil Nadu,2026-05-01
3772,"Mahesh,Vrk,Kalyan",Joshi,user3772@gmail.com,7964252182,Nashik,Maharashtra,
856,"Mahesh,Vrk,Kalyan",Rao,"mahesh,vrk,kalyan.rao856@gmail.com",6206984191,Tirupati,Andhra Pradesh,2025-07-05
1034,Harsha,Naidu,harsha.naidu1034@gmail.com,7814704637,Visakhapatnam,Andhra Pradesh,2025-12-09
ABC123,Karthik,Reddy,user7722@gmail.com,7711602918,@@@@,Maharashtra,2026-02-11
1981,Kiran,Sharma,kiran.sharma1981@gmail.com,6983515266,Nizamabad,Telangana,2025-11-05
1395,Praveen,Rao,praveen.rao1395@gmail.com,6153253733,Tirupati,Andhra Pradesh,2025-09-10
1037,Naveen,Yadav,naveen.yadav1037@gmail.com,9694012129,Nizamabad,Telangana,2025-10-26
1975,Ravi,###,user1683@gmail.com,8511840777,@@@@,Telangana,2026-04-11
2432,Praveen,Verma,praveen.verma2432@gmail.com,7531613635,Vijayawada,Andhra Pradesh,2026-03-12
100,Naveen,Kumar,naveen.kumar100@gmail.com,7447705740,Nizamabad,Telangana,2025-11-19
549,Manoj,Reddy,manoj.reddy549@gmail.com,9660955727,Warangal,Telangana,2026-04-28
1911,Varun,Gupta,varun.gupta1911@gmail.com,6293009462,Chennai,Tamil Nadu,2025-09-26
1664,Ramesh,Naidu,ramesh.naidu1664@gmail.com,8624835086,Madurai,Tamil Nadu,2025-12-25
500,Sai,Patel,sai.patel500@gmail.com,9241694399,Guntur,Andhra Pradesh,2025-09-24
3900,Ajay,Gupta,user3900@gmail.com,9488981037,,Telangana,2026-05-14
1030,Ramesh,Naidu,ramesh.naidu1030@gmail.com,6712041668,Coimbatore,Tamil Nadu,2026-05-02
207,Suresh,Kumar,suresh.kumar207@gmail.com,7700568913,Coimbatore,Tamil Nadu,2025-09-25
1625,Ravi,Rao,ravi.rao1625@gmail.com,7466873479,Chennai,Tamil Nadu,2025-06-29
2614,Anil,Patel,anil.patel2614@gmail.com,6643265744,Guntur,Andhra Pradesh,2025-08-07
2182,Kiran,Singh,kiran.singh2182@gmail.com,8945793425,Hubli,Karnataka,2026-01-07
3705,Kiran,Patel,user3705@gmail.com,6786024738,Mangalore,,2026-04-17
1172,Suresh,Joshi,suresh.joshi1172@gmail.com,7129567068,Mumbai,Maharashtra,2026-02-09
1889,Ajay,Yadav,ajay.yadav1889@gmail.com,7461377398,Nagpur,Maharashtra,2025-08-14
218,Naveen,Kumar,user4814@gmail.com,9741293617,Nizamabad,Telangana,NOT_A_DATE
287,Ravi,Naidu,ravi.naidu287@gmail.com,9182575773,Nagpur,Maharashtra,2025-08-29
2211,Manoj,Patel,manoj.patel2211@gmail.com,6107683563,Salem,Tamil Nadu,2025-11-04
1961,Harsha,Yadav,harsha.yadav1961@gmail.com,8983545899,Karimnagar,Telangana,2026-05-29
1622,Praveen,123,user1105@gmail.com,7562203558,Tirupati,Andhra Pradesh,32-13-2025
1555,Varun,Mehta,varun.mehta1555@gmail.com,6180479913,Nizamabad,Telangana,2025-12-15
3292,Suresh,NULL,@test,9467401797,Hyderabad,Telangana,2026-04-10
2381,Karthik,Reddy,karthik.reddy2381@gmail.com,9721248049,Warangal,Telangana,2026-02-10
381,Ajay,Patel,ajay.patel381@gmail.com,9019505763,Tirupati,Andhra Pradesh,2026-04-22
1023,Karthik,Joshi,karthik.joshi1023@gmail.com,9823175753,Salem,Tamil Nadu,2026-04-12
3180,Manoj,Reddy,manoj.reddy3180@gmail.com,8833997001,Guntur,Andhra Pradesh,2025-12-27
3807,"Mahesh,Vrk,Kalyan",Patel,user3807@gmail.com,,Pune,Maharashtra,
348,Sai,Yadav,sai.yadav348@gmail.com,9718774106,Mysore,Karnataka,2025-10-18
3400,Anil,Naidu,anil.naidu3400@gmail.com,8780575815,Nagpur,Maharashtra,2025-12-22
782,Manoj,Rao,manoj.rao782@gmail.com,7093943038,Mumbai,Maharashtra,2026-05-20
4089,Vikram,Gupta,user4089@gmail.com,9111341045,,Karnataka,2025-12-27
1520,Manoj,Gupta,manoj.gupta1520@gmail.com,9319669373,Hyderabad,Telangana,2025-08-30
166,"Mahesh,Vrk,Kalyan",Sharma,"mahesh,vrk,kalyan.sharma166@gmail.com",8826829791,Guntur,Andhra Pradesh,2025-10-28
567,Arjun,Kumar,arjun.kumar567@gmail.com,7890318990,Mumbai,Maharashtra,2025-11-09
3894,"Mahesh,Vrk,Kalyan",Patel,user3894@gmail.com,,Guntur,Andhra Pradesh,
506,Ajay,Patel,user339@gmail.com,8078511733,123CITY,UNKNOWN_STATE,2026-04-17
2960,Naveen,Gupta,naveen.gupta2960@gmail.com,8510421188,Pune,Maharashtra,2026-01-03
54,Naveen,Verma,naveen.verma54@gmail.com,6806804002,Mumbai,Maharashtra,2025-09-20
1920,Anil,Patel,user7301@gmail.com,PHONE,123CITY,Maharashtra,2026-04-01
1744,Karthik,Rao,karthik.rao1744@gmail.com,9118891835,Chennai,Tamil Nadu,2025-07-17
3749,,Rao,user3749@gmail.com,9609098504,Hubli,Karnataka,2025-10-14
2776,Praveen,Sharma,praveen.sharma2776@gmail.com,6554528958,Bangalore,Karnataka,2026-04-30
2156,Praveen,Reddy,praveen.reddy2156@gmail.com,8030123534,Tirupati,Andhra Pradesh,2025-06-25
3437,Anil,Kumar,anil.kumar3437@gmail.com,9860156882,Tirupati,Andhra Pradesh,2025-09-22
4041,,Kumar,user4041@gmail.com,6815917424,Warangal,Telangana,
492,Praveen,Verma,praveen.verma492@gmail.com,7534817165,Salem,Tamil Nadu,2026-01-16
966,Rahul,Singh,rahul.singh966@gmail.com,8191655907,Nagpur,Maharashtra,2026-02-28
2303,Vikram,Naidu,vikram.naidu2303@gmail.com,9282678682,Mumbai,Maharashtra,2025-06-26
3597,Sai,Patel,sai.patel3597@gmail.com,8921244353,Vijayawada,Andhra Pradesh,2025-12-03
4057,Anil,Naidu,user7205@gmail.com,9167609853,Madurai,Tamil Nadu,2099-99-99
3766,Kiran,,user3766@gmail.com,6272278414,,Andhra Pradesh,2026-06-14
1384,"Mahesh,Vrk,Kalyan",Joshi,"mahesh,vrk,kalyan.joshi1384@gmail.com",8088333606,Mumbai,Maharashtra,2026-01-02
3226,Anil,Singh,anil.singh3226@gmail.com,6734798359,Salem,Tamil Nadu,2025-10-30
1336,Sai,Sharma,sai.sharma1336@gmail.com,6585689384,Mangalore,Karnataka,2026-06-06
3991,Manoj,Singh,user3991@gmail.com,9138776431,Karimnagar,,2026-04-15
2771,Sai,Sharma,sai.sharma2771@gmail.com,7361959449,Hubli,Karnataka,2025-09-15
ABC123,Varun,Joshi,user1137@gmail.com,7302134914,Coimbatore,###,2025-07-03
2417,Vikram,Yadav,vikram.yadav2417@gmail.com,8280008804,Bangalore,Karnataka,2025-07-21
895,Ramesh,Patel,ramesh.patel895@gmail.com,9831741537,Mumbai,Maharashtra,2025-12-25
3239,Anil,Sharma,anil.sharma3239@gmail.com,7761138817,Coimbatore,Tamil Nadu,2025-12-21
2136,Manoj,Rao,manoj.rao2136@gmail.com,8717739412,Nashik,Maharashtra,2025-07-22
423,Sai,Rao,sai.rao423@gmail.com,6531372476,Hubli,Karnataka,2025-12-25
1995,Naveen,Singh,naveen.singh1995@gmail.com,8004464570,Vijayawada,Andhra Pradesh,2026-02-01
1726,Arjun,Patel,arjun.patel1726@gmail.com,8361874832,Mumbai,Maharashtra,2025-10-19
99,Vikram,Mehta,vikram.mehta99@gmail.com,9063569760,Nizamabad,Telangana,2026-05-13
1108,Anil,Singh,anil.singh1108@gmail.com,7306684633,Tirupati,Andhra Pradesh,2025-10-13
784,Ramesh,Naidu,ramesh.naidu784@gmail.com,6115972833,Warangal,Telangana,2025-10-05
2199,Ramesh,Verma,ramesh.verma2199@gmail.com,9652001396,Nashik,Maharashtra,2025-09-09
1016,Ramesh,Singh,ramesh.singh1016@gmail.com,8637870672,Bangalore,Karnataka,2026-05-30
1428,Vikram,Gupta,vikram.gupta1428@gmail.com,6202470683,Vijayawada,Andhra Pradesh,2026-03-19
834,Vikram,Verma,vikram.verma834@gmail.com,8098483239,Warangal,Telangana,2026-06-12
3853,Sai,,,9401295398,Hyderabad,Telangana,2026-03-26
501,Ravi,Gupta,ravi.gupta501@gmail.com,6290013561,Nashik,Maharashtra,2025-10-01
1880,"Mahesh,Vrk,Kalyan",Sharma,"mahesh,vrk,kalyan.sharma1880@gmail.com",6421496532,Mangalore,Karnataka,2026-01-07
1002,Sai,Yadav,sai.yadav1002@gmail.com,9382761893,Visakhapatnam,Andhra Pradesh,2026-04-25
1405,Ajay,Rao,ajay.rao1405@gmail.com,8817802871,Madurai,Tamil Nadu,2025-08-24
1227,Naveen,Singh,naveen.singh1227@gmail.com,8536404529,Pune,Maharashtra,2026-01-25
1573,Sai,Sharma,sai.sharma1573@gmail.com,9878999125,Warangal,Telangana,2025-09-02
1196,Ravi,Singh,ravi.singh1196@gmail.com,6520255722,Nashik,Maharashtra,2025-11-28
473,Praveen,Yadav,praveen.yadav473@gmail.com,8617300044,Coimbatore,Tamil Nadu,2026-06-09
2956,Anil,Sharma,anil.sharma2956@gmail.com,9858634956,Vijayawada,Andhra Pradesh,2026-04-07
2968,Karthik,Reddy,karthik.reddy2968@gmail.com,9468753222,Hubli,Karnataka,2026-06-03
2298,Anil,Rao,anil.rao2298@gmail.com,8131819518,Hyderabad,Telangana,2025-12-10
3422,Karthik,Gupta,karthik.gupta3422@gmail.com,9607154695,Tirupati,Andhra Pradesh,2025-09-26
3355,Ajay,Reddy,ajay.reddy3355@gmail.com,8157278179,Visakhapatnam,Andhra Pradesh,2026-06-20
2293,Anil,Mehta,anil.mehta2293@gmail.com,6344134682,Karimnagar,Telangana,2026-01-02
616,Vikram,Joshi,vikram.joshi616@gmail.com,6092900636,Bangalore,Karnataka,2025-12-15
589,Sai,Kumar,sai.kumar589@gmail.com,7289783015,Tirupati,Andhra Pradesh,2026-03-25
3710,,,user3710@gmail.com,8695962152,Visakhapatnam,Andhra Pradesh,2025-08-07
167,Karthik,Singh,karthik.singh167@gmail.com,8941501625,Mysore,Karnataka,2025-09-21
3072,Vikram,Sharma,vikram.sharma3072@gmail.com,6877003236,Salem,Tamil Nadu,2025-12-30
5883,Rahul,Joshi,user4397@gmail.com,6996684235,Madurai,Tamil Nadu,32-13-2025
3655,,Yadav,user3655@gmail.com,8299754265,,Andhra Pradesh,2026-02-27
1302,Suresh,Verma,suresh.verma1302@gmail.com,7548444596,Visakhapatnam,Andhra Pradesh,2026-01-20
CUST###,"Mahesh,Vrk,Kalyan",Joshi,user3228@gmail.com,8927682587,123CITY,Telangana,2025-12-27
662,Rahul,Verma,rahul.verma662@gmail.com,7060995795,Vijayawada,Andhra Pradesh,2026-05-05
4948,Praveen,Singh,user3340@gmail.com,6818170666,Warangal,123,2026-05-05
459,Varun,Mehta,varun.mehta459@gmail.com,8290177625,Hyderabad,Telangana,2026-06-21
3570,Manoj,Naidu,manoj.naidu3570@gmail.com,9907136954,Warangal,Telangana,2026-01-25
2665,Manoj,Naidu,manoj.naidu2665@gmail.com,8188147117,Hyderabad,Telangana,2025-10-21
1478,Karthik,Mehta,karthik.mehta1478@gmail.com,7546289954,Mysore,Karnataka,2026-04-29
199,Karthik,Verma,karthik.verma199@gmail.com,9613105187,Mangalore,Karnataka,2026-05-15
3977,Arjun,Reddy,user3977@gmail.com,8534452358,,,2025-10-03
149,Suresh,Singh,suresh.singh149@gmail.com,9411943602,Coimbatore,Tamil Nadu,2025-07-13
2258,Naveen,Mehta,naveen.mehta2258@gmail.com,7842674288,Pune,Maharashtra,2025-08-22
3663,Kiran,,user3663@gmail.com,,Karimnagar,Telangana,2025-11-02
2797,Suresh,Singh,suresh.singh2797@gmail.com,8470606788,Hubli,Karnataka,2026-01-15
3470,Suresh,Mehta,suresh.mehta3470@gmail.com,9913860577,Pune,Maharashtra,2025-08-11
1167,Sai,Patel,sai.patel1167@gmail.com,9970014455,Chennai,Tamil Nadu,2025-07-26
INVALID,Arjun,Singh,user1315@gmail.com,9907462471,Madurai,Tamil Nadu,2025-12-29
3397,Ravi,Singh,ravi.singh3397@gmail.com,7333128812,Tirupati,Andhra Pradesh,2025-09-12
1703,Sai,Patel,sai.patel1703@gmail.com,7244284601,Warangal,Telangana,2025-10-25
1120,Kiran,Rao,kiran.rao1120@gmail.com,6050516254,Bangalore,Karnataka,2025-10-06
2620,"Mahesh,Vrk,Kalyan",Rao,"mahesh,vrk,kalyan.rao2620@gmail.com",7269376061,Nizamabad,Telangana,2026-02-03
1111,Rahul,Joshi,user7015@gmail.com,123,Nizamabad,###,2026-06-07
1320,Anil,Singh,anil.singh1320@gmail.com,7975419714,Visakhapatnam,Andhra Pradesh,2025-07-17
5754,Suresh,Mehta,gmail.com,PHONE,Salem,Tamil Nadu,2025-06-27
3794,,Mehta,user3794@gmail.com,6903821118,Bangalore,Karnataka,2025-09-20
2446,Karthik,Reddy,karthik.reddy2446@gmail.com,9857023915,Mysore,Karnataka,2026-03-06
3412,Kiran,Verma,kiran.verma3412@gmail.com,8220160803,Nagpur,Maharashtra,2026-06-01
2978,Kiran,Singh,kiran.singh2978@gmail.com,7885518084,Hubli,Karnataka,2025-11-22
3174,Ramesh,Mehta,ramesh.mehta3174@gmail.com,8542216359,Nagpur,Maharashtra,2025-07-11
3543,Manoj,Yadav,manoj.yadav3543@gmail.com,8478575187,Mumbai,Maharashtra,2026-04-02
4151,,Rao,user4151@gmail.com,,Madurai,Tamil Nadu,2025-10-15
3628,Rahul,Verma,rahul.verma3628@gmail.com,6994214562,Chennai,Tamil Nadu,2026-03-02
3444,Manoj,Reddy,manoj.reddy3444@gmail.com,7242695629,Chennai,Tamil Nadu,2025-08-15
2550,Ajay,123,user6164@gmail.com,9240895200,Warangal,Telangana,32-13-2025
2312,"Mahesh,Vrk,Kalyan",123,user7662@gmail.com,8327902584,Karimnagar,Telangana,2025-11-01
397,Praveen,Singh,praveen.singh397@gmail.com,7399221311,Mumbai,Maharashtra,2025-09-01
INVALID,Manoj,Gupta,user6190@gmail.com,PHONE,Nashik,Maharashtra,2025-09-30
3904,Kiran,,user3904@gmail.com,9345582279,,Tamil Nadu,2026-01-15
5189,Vikram,Verma,@test,8885958962,Mysore,Karnataka,2025-11-26
1093,Ajay,Gupta,ajay.gupta1093@gmail.com,8758295870,Visakhapatnam,Andhra Pradesh,2025-12-01
4139,Suresh,Rao,,7631361835,Salem,,2026-02-07
956,Varun,Joshi,varun.joshi956@gmail.com,9846163309,Bangalore,Karnataka,2025-12-31
1931,Manoj,Yadav,manoj.yadav1931@gmail.com,7498595420,Hyderabad,Telangana,2025-10-25
908,Karthik,Patel,karthik.patel908@gmail.com,9607246511,Guntur,Andhra Pradesh,2025-11-07
2007,Vikram,Mehta,vikram.mehta2007@gmail.com,7762790834,Warangal,Telangana,2026-02-02
CUST###,Naveen,Sharma,user9109@gmail.com,123,Mysore,Karnataka,2025-10-24
986,Sai,Patel,sai.patel986@gmail.com,9083481816,Mysore,Karnataka,2026-06-16
1582,Arjun,Rao,arjun.rao1582@gmail.com,6628647480,Nizamabad,Telangana,2025-10-28
171,Ajay,Naidu,ajay.naidu171@gmail.com,8779091783,Pune,Maharashtra,2025-12-15
2787,Rahul,Yadav,rahul.yadav2787@gmail.com,9873610786,Nagpur,Maharashtra,2025-09-04
1646,Praveen,Sharma,praveen.sharma1646@gmail.com,8764484631,Mumbai,Maharashtra,2025-09-07
2502,"Mahesh,Vrk,Kalyan",Singh,"mahesh,vrk,kalyan.singh2502@gmail.com",8396308864,Mysore,Karnataka,2026-06-07
1873,Varun,Mehta,varun.mehta1873@gmail.com,6358991569,Nizamabad,Telangana,2026-04-17
2520,Suresh,Verma,suresh.verma2520@gmail.com,8129216554,Visakhapatnam,Andhra Pradesh,2026-04-03
3154,Arjun,Verma,arjun.verma3154@gmail.com,6258978201,Mumbai,Maharashtra,2025-11-26
579,Anil,Gupta,anil.gupta579@gmail.com,9015068279,Karimnagar,Telangana,2026-04-06
ABC123,Karthik,Mehta,user4734@gmail.com,7215984379,Warangal,Telangana,2025-12-04
3598,Harsha,Rao,harsha.rao3598@gmail.com,9411153809,Mysore,Karnataka,2026-02-04
4087,Sai,,user4087@gmail.com,7696209426,Karimnagar,,2026-02-06
449,Sai,Sharma,sai.sharma449@gmail.com,6007914020,Madurai,Tamil Nadu,2025-08-18
3609,Varun,Rao,varun.rao3609@gmail.com,7193276546,Guntur,Andhra Pradesh,2026-04-19
1746,Rahul,Yadav,rahul.yadav1746@gmail.com,7214080677,Vijayawada,Andhra Pradesh,2026-05-16
951,Vikram,Reddy,vikram.reddy951@gmail.com,9733421310,Pune,Maharashtra,2026-01-25
5985,Ajay,Gupta,user7344@gmail.com,123,Mumbai,Maharashtra,2025-09-26
148,Karthik,Singh,karthik.singh148@gmail.com,8625995176,Guntur,Andhra Pradesh,2025-11-08
2538,Manoj,Singh,manoj.singh2538@gmail.com,8382694470,Pune,Maharashtra,2025-12-07
